./.git/FETCH_HEAD,94
./.git/HEAD,21
./.git/config,92
./.git/description,73
./.git/hooks/applypatch-msg.sample,478
./.git/hooks/commit-msg.sample,896
./.git/hooks/fsmonitor-watchman.sample,4726
./.git/hooks/post-update.sample,189
./.git/hooks/pre-applypatch.sample,424
./.git/hooks/pre-commit.sample,1643
./.git/hooks/pre-merge-commit.sample,416
./.git/hooks/pre-push.sample,1374
./.git/hooks/pre-rebase.sample,4898
./.git/hooks/pre-receive.sample,544
./.git/hooks/prepare-commit-msg.sample,1492
./.git/hooks/push-to-checkout.sample,2783
./.git/hooks/sendemail-validate.sample,2308
./.git/hooks/update.sample,3650
./.git/index,22169
./.git/info/exclude,240
./.git/logs/HEAD,715
./.git/logs/refs/heads/work,156
./.git/objects/pack/pack-6cdd2b3afcda642bfcbc559a5a3e8bd59d54cac1.idx,14988
./.git/objects/pack/pack-6cdd2b3afcda642bfcbc559a5a3e8bd59d54cac1.pack,550609
./.git/objects/pack/pack-6cdd2b3afcda642bfcbc559a5a3e8bd59d54cac1.rev,2040
./.git/objects/pack/pack-a3c53baae0fcac2577761abbb294231889da9308.idx,228012
./.git/objects/pack/pack-a3c53baae0fcac2577761abbb294231889da9308.pack,47557281
./.git/objects/pack/pack-a3c53baae0fcac2577761abbb294231889da9308.rev,32472
./.git/packed-refs,46
./.git/refs/heads/work,41
./.git/shallow,82
./.github/workflows/deploy-pages.yml,948
./.github/workflows/gh-pages.yml,811
./.github/workflows/release-on-tag.yml,1018
./.gitignore,630
./DEPLOY.md,702
./README.md,1182
./assets/models/Adventurer.glb,1566228
./assets/models/adventurer.glb,2621600
./assets/models/buildings/olive.glb,1911676
./assets/models/buildings/temple_doric_medium.glb,5294628
./assets/models/character.glb,8819220
./assets/models/character2.glb,2621600
./assets/models/olive.glb,1911676
./assets/sky/README.md,2466
./assets/sky/blue_hour.jpg,116762
./assets/sky/dawn.jpg,131824
./assets/sky/day.jpg,92439
./assets/sky/dusk.jpg,131824
./assets/sky/marble.jpg,231527
./assets/sky/night.jpg,334843
./assets/sky/night_sky_4k.jpg,817044
./assets/sky/roof_tiles.jpg,568417
./assets/textures/.gitkeep,0
./assets/textures/city_wall.jpg,650411
./assets/textures/grass.jpg,701061
./assets/textures/marble.jpg,231527
./assets/textures/placeholder.txt,1
./assets/textures/road_texture.jpg,695509
./assets/textures/roof_tiles.jpg,568417
./data/agora_local.json,2446
./data/athens_places.geojson,15739
./docs/audit/2024-blank-screen.md,1073
./docs/checklists/dev-bootstrap.md,327
./file_sizes.csv,0
./index.html,2579
./models/Adventurer.glb,2
./models/Adventurer1.glb,1566228
./models/adventurer.glb,9069172
./models/brokenCHar.glb,1944116
./models/character.glb,9069172
./models/character2.glb,2
./models/character3.glb,1944116
./models/hoplite_npc.glb,1393364
./models/milkyway.jpg,2
./models/npc_athenian.glb,1382808
./models/placeholder.txt,1
./node_modules/.package-lock.json,116707
./node_modules/@babel/code-frame/LICENSE,1106
./node_modules/@babel/code-frame/README.md,334
./node_modules/@babel/code-frame/lib/index.js,6993
./node_modules/@babel/code-frame/lib/index.js.map,23847
./node_modules/@babel/code-frame/package.json,880
./node_modules/@babel/helper-validator-identifier/LICENSE,1106
./node_modules/@babel/helper-validator-identifier/README.md,369
./node_modules/@babel/helper-validator-identifier/lib/identifier.js,12445
./node_modules/@babel/helper-validator-identifier/lib/identifier.js.map,26387
./node_modules/@babel/helper-validator-identifier/lib/index.js,1362
./node_modules/@babel/helper-validator-identifier/lib/index.js.map,505
./node_modules/@babel/helper-validator-identifier/lib/keyword.js,1577
./node_modules/@babel/helper-validator-identifier/lib/keyword.js.map,3842
./node_modules/@babel/helper-validator-identifier/package.json,737
./node_modules/@babel/runtime/LICENSE,1106
./node_modules/@babel/runtime/README.md,267
./node_modules/@babel/runtime/helpers/AwaitValue.js,155
./node_modules/@babel/runtime/helpers/OverloadYield.js,170
./node_modules/@babel/runtime/helpers/applyDecoratedDescriptor.js,653
./node_modules/@babel/runtime/helpers/applyDecs.js,8360
./node_modules/@babel/runtime/helpers/applyDecs2203.js,6128
./node_modules/@babel/runtime/helpers/applyDecs2203R.js,6583
./node_modules/@babel/runtime/helpers/applyDecs2301.js,7486
./node_modules/@babel/runtime/helpers/applyDecs2305.js,5087
./node_modules/@babel/runtime/helpers/applyDecs2311.js,4589
./node_modules/@babel/runtime/helpers/arrayLikeToArray.js,268
./node_modules/@babel/runtime/helpers/arrayWithHoles.js,177
./node_modules/@babel/runtime/helpers/arrayWithoutHoles.js,258
./node_modules/@babel/runtime/helpers/assertClassBrand.js,313
./node_modules/@babel/runtime/helpers/assertThisInitialized.js,276
./node_modules/@babel/runtime/helpers/asyncGeneratorDelegate.js,841
./node_modules/@babel/runtime/helpers/asyncIterator.js,1560
./node_modules/@babel/runtime/helpers/asyncToGenerator.js,701
./node_modules/@babel/runtime/helpers/awaitAsyncGenerator.js,238
./node_modules/@babel/runtime/helpers/callSuper.js,509
./node_modules/@babel/runtime/helpers/checkInRHS.js,326
./node_modules/@babel/runtime/helpers/checkPrivateRedeclaration.js,271
./node_modules/@babel/runtime/helpers/classApplyDescriptorDestructureSet.js,410
./node_modules/@babel/runtime/helpers/classApplyDescriptorGet.js,206
./node_modules/@babel/runtime/helpers/classApplyDescriptorSet.js,311
./node_modules/@babel/runtime/helpers/classCallCheck.js,229
./node_modules/@babel/runtime/helpers/classCheckPrivateStaticAccess.js,272
./node_modules/@babel/runtime/helpers/classCheckPrivateStaticFieldDescriptor.js,305
./node_modules/@babel/runtime/helpers/classExtractFieldDescriptor.js,277
./node_modules/@babel/runtime/helpers/classNameTDZError.js,246
./node_modules/@babel/runtime/helpers/classPrivateFieldDestructureSet.js,430
./node_modules/@babel/runtime/helpers/classPrivateFieldGet.js,375
./node_modules/@babel/runtime/helpers/classPrivateFieldGet2.js,257
./node_modules/@babel/runtime/helpers/classPrivateFieldInitSpec.js,294
./node_modules/@babel/runtime/helpers/classPrivateFieldLooseBase.js,280
./node_modules/@babel/runtime/helpers/classPrivateFieldLooseKey.js,207
./node_modules/@babel/runtime/helpers/classPrivateFieldSet.js,384
./node_modules/@babel/runtime/helpers/classPrivateFieldSet2.js,266
./node_modules/@babel/runtime/helpers/classPrivateGetter.js,250
./node_modules/@babel/runtime/helpers/classPrivateMethodGet.js,256
./node_modules/@babel/runtime/helpers/classPrivateMethodInitSpec.js,290
./node_modules/@babel/runtime/helpers/classPrivateMethodSet.js,219
./node_modules/@babel/runtime/helpers/classPrivateSetter.js,259
./node_modules/@babel/runtime/helpers/classStaticPrivateFieldDestructureSet.js,571
./node_modules/@babel/runtime/helpers/classStaticPrivateFieldSpecGet.js,524
./node_modules/@babel/runtime/helpers/classStaticPrivateFieldSpecSet.js,533
./node_modules/@babel/runtime/helpers/classStaticPrivateMethodGet.js,268
./node_modules/@babel/runtime/helpers/classStaticPrivateMethodSet.js,242
./node_modules/@babel/runtime/helpers/construct.js,475
./node_modules/@babel/runtime/helpers/createClass.js,583
./node_modules/@babel/runtime/helpers/createForOfIteratorHelper.js,1337
./node_modules/@babel/runtime/helpers/createForOfIteratorHelperLoose.js,826
./node_modules/@babel/runtime/helpers/createSuper.js,639
./node_modules/@babel/runtime/helpers/decorate.js,9908
./node_modules/@babel/runtime/helpers/defaults.js,369
./node_modules/@babel/runtime/helpers/defineAccessor.js,261
./node_modules/@babel/runtime/helpers/defineEnumerableProperties.js,580
./node_modules/@babel/runtime/helpers/defineProperty.js,362
./node_modules/@babel/runtime/helpers/dispose.js,974
./node_modules/@babel/runtime/helpers/esm/AwaitValue.js,82
./node_modules/@babel/runtime/helpers/esm/OverloadYield.js,97
./node_modules/@babel/runtime/helpers/esm/applyDecoratedDescriptor.js,580
./node_modules/@babel/runtime/helpers/esm/applyDecs.js,8267
./node_modules/@babel/runtime/helpers/esm/applyDecs2203.js,6041
./node_modules/@babel/runtime/helpers/esm/applyDecs2203R.js,6395
./node_modules/@babel/runtime/helpers/esm/applyDecs2301.js,7295
./node_modules/@babel/runtime/helpers/esm/applyDecs2305.js,4991
./node_modules/@babel/runtime/helpers/esm/applyDecs2311.js,4493
./node_modules/@babel/runtime/helpers/esm/arrayLikeToArray.js,195
./node_modules/@babel/runtime/helpers/esm/arrayWithHoles.js,104
./node_modules/@babel/runtime/helpers/esm/arrayWithoutHoles.js,182
./node_modules/@babel/runtime/helpers/esm/assertClassBrand.js,240
./node_modules/@babel/runtime/helpers/esm/assertThisInitialized.js,203
./node_modules/@babel/runtime/helpers/esm/asyncGeneratorDelegate.js,765
./node_modules/@babel/runtime/helpers/esm/asyncIterator.js,1487
./node_modules/@babel/runtime/helpers/esm/asyncToGenerator.js,628
./node_modules/@babel/runtime/helpers/esm/awaitAsyncGenerator.js,162
./node_modules/@babel/runtime/helpers/esm/callSuper.js,427
./node_modules/@babel/runtime/helpers/esm/checkInRHS.js,239
./node_modules/@babel/runtime/helpers/esm/checkPrivateRedeclaration.js,198
./node_modules/@babel/runtime/helpers/esm/classApplyDescriptorDestructureSet.js,337
./node_modules/@babel/runtime/helpers/esm/classApplyDescriptorGet.js,133
./node_modules/@babel/runtime/helpers/esm/classApplyDescriptorSet.js,238
./node_modules/@babel/runtime/helpers/esm/classCallCheck.js,156
./node_modules/@babel/runtime/helpers/esm/classCheckPrivateStaticAccess.js,196
./node_modules/@babel/runtime/helpers/esm/classCheckPrivateStaticFieldDescriptor.js,232
./node_modules/@babel/runtime/helpers/esm/classExtractFieldDescriptor.js,201
./node_modules/@babel/runtime/helpers/esm/classNameTDZError.js,173
./node_modules/@babel/runtime/helpers/esm/classPrivateFieldDestructureSet.js,351
./node_modules/@babel/runtime/helpers/esm/classPrivateFieldGet.js,296
./node_modules/@babel/runtime/helpers/esm/classPrivateFieldGet2.js,181
./node_modules/@babel/runtime/helpers/esm/classPrivateFieldInitSpec.js,218
./node_modules/@babel/runtime/helpers/esm/classPrivateFieldLooseBase.js,207
./node_modules/@babel/runtime/helpers/esm/classPrivateFieldLooseKey.js,134
./node_modules/@babel/runtime/helpers/esm/classPrivateFieldSet.js,305
./node_modules/@babel/runtime/helpers/esm/classPrivateFieldSet2.js,190
./node_modules/@babel/runtime/helpers/esm/classPrivateGetter.js,174
./node_modules/@babel/runtime/helpers/esm/classPrivateMethodGet.js,180
./node_modules/@babel/runtime/helpers/esm/classPrivateMethodInitSpec.js,214
./node_modules/@babel/runtime/helpers/esm/classPrivateMethodSet.js,146
./node_modules/@babel/runtime/helpers/esm/classPrivateSetter.js,183
./node_modules/@babel/runtime/helpers/esm/classStaticPrivateFieldDestructureSet.js,489
./node_modules/@babel/runtime/helpers/esm/classStaticPrivateFieldSpecGet.js,442
./node_modules/@babel/runtime/helpers/esm/classStaticPrivateFieldSpecSet.js,451
./node_modules/@babel/runtime/helpers/esm/classStaticPrivateMethodGet.js,192
./node_modules/@babel/runtime/helpers/esm/classStaticPrivateMethodSet.js,169
./node_modules/@babel/runtime/helpers/esm/construct.js,396
./node_modules/@babel/runtime/helpers/esm/createClass.js,507
./node_modules/@babel/runtime/helpers/esm/createForOfIteratorHelper.js,1261
./node_modules/@babel/runtime/helpers/esm/createForOfIteratorHelperLoose.js,750
./node_modules/@babel/runtime/helpers/esm/createSuper.js,557
./node_modules/@babel/runtime/helpers/esm/decorate.js,9829
./node_modules/@babel/runtime/helpers/esm/defaults.js,296
./node_modules/@babel/runtime/helpers/esm/defineAccessor.js,188
./node_modules/@babel/runtime/helpers/esm/defineEnumerableProperties.js,507
./node_modules/@babel/runtime/helpers/esm/defineProperty.js,286
./node_modules/@babel/runtime/helpers/esm/dispose.js,901
./node_modules/@babel/runtime/helpers/esm/extends.js,336
./node_modules/@babel/runtime/helpers/esm/get.js,412
./node_modules/@babel/runtime/helpers/esm/getPrototypeOf.js,244
./node_modules/@babel/runtime/helpers/esm/identity.js,70
./node_modules/@babel/runtime/helpers/esm/importDeferProxy.js,767
./node_modules/@babel/runtime/helpers/esm/inherits.js,460
./node_modules/@babel/runtime/helpers/esm/inheritsLoose.js,216
./node_modules/@babel/runtime/helpers/esm/initializerDefineProperty.js,292
./node_modules/@babel/runtime/helpers/esm/initializerWarningHelper.js,243
./node_modules/@babel/runtime/helpers/esm/instanceof.js,188
./node_modules/@babel/runtime/helpers/esm/interopRequireDefault.js,141
./node_modules/@babel/runtime/helpers/esm/interopRequireWildcard.js,812
./node_modules/@babel/runtime/helpers/esm/isNativeFunction.js,207
./node_modules/@babel/runtime/helpers/esm/isNativeReflectConstruct.js,308
./node_modules/@babel/runtime/helpers/esm/iterableToArray.js,187
./node_modules/@babel/runtime/helpers/esm/iterableToArrayLimit.js,717
./node_modules/@babel/runtime/helpers/esm/jsx.js,744
./node_modules/@babel/runtime/helpers/esm/maybeArrayLike.js,300
./node_modules/@babel/runtime/helpers/esm/newArrowCheck.js,147
./node_modules/@babel/runtime/helpers/esm/nonIterableRest.js,235
./node_modules/@babel/runtime/helpers/esm/nonIterableSpread.js,234
./node_modules/@babel/runtime/helpers/esm/nullishReceiverError.js,150
./node_modules/@babel/runtime/helpers/esm/objectDestructuringEmpty.js,155
./node_modules/@babel/runtime/helpers/esm/objectSpread.js,533
./node_modules/@babel/runtime/helpers/esm/objectSpread2.js,843
./node_modules/@babel/runtime/helpers/esm/objectWithoutProperties.js,477
./node_modules/@babel/runtime/helpers/esm/objectWithoutPropertiesLoose.js,270
./node_modules/@babel/runtime/helpers/esm/package.json,22
./node_modules/@babel/runtime/helpers/esm/possibleConstructorReturn.js,403
./node_modules/@babel/runtime/helpers/esm/readOnlyError.js,119
./node_modules/@babel/runtime/helpers/esm/regenerator.js,3651
./node_modules/@babel/runtime/helpers/esm/regeneratorAsync.js,276
./node_modules/@babel/runtime/helpers/esm/regeneratorAsyncGen.js,288
./node_modules/@babel/runtime/helpers/esm/regeneratorAsyncIterator.js,1016
./node_modules/@babel/runtime/helpers/esm/regeneratorDefine.js,570
./node_modules/@babel/runtime/helpers/esm/regeneratorKeys.js,276
./node_modules/@babel/runtime/helpers/esm/regeneratorRuntime.js,2331
./node_modules/@babel/runtime/helpers/esm/regeneratorValues.js,551
./node_modules/@babel/runtime/helpers/esm/set.js,774
./node_modules/@babel/runtime/helpers/esm/setFunctionName.js,328
./node_modules/@babel/runtime/helpers/esm/setPrototypeOf.js,232
./node_modules/@babel/runtime/helpers/esm/skipFirstGeneratorNext.js,176
./node_modules/@babel/runtime/helpers/esm/slicedToArray.js,424
./node_modules/@babel/runtime/helpers/esm/superPropBase.js,211
./node_modules/@babel/runtime/helpers/esm/superPropGet.js,308
./node_modules/@babel/runtime/helpers/esm/superPropSet.js,222
./node_modules/@babel/runtime/helpers/esm/taggedTemplateLiteral.js,216
./node_modules/@babel/runtime/helpers/esm/taggedTemplateLiteralLoose.js,143
./node_modules/@babel/runtime/helpers/esm/tdz.js,130
./node_modules/@babel/runtime/helpers/esm/temporalRef.js,198
./node_modules/@babel/runtime/helpers/esm/temporalUndefined.js,74
./node_modules/@babel/runtime/helpers/esm/toArray.js,388
./node_modules/@babel/runtime/helpers/esm/toConsumableArray.js,423
./node_modules/@babel/runtime/helpers/esm/toPrimitive.js,407
./node_modules/@babel/runtime/helpers/esm/toPropertyKey.js,227
./node_modules/@babel/runtime/helpers/esm/toSetter.js,215
./node_modules/@babel/runtime/helpers/esm/tsRewriteRelativeImportExtensions.js,354
./node_modules/@babel/runtime/helpers/esm/typeof.js,366
./node_modules/@babel/runtime/helpers/esm/unsupportedIterableToArray.js,497
./node_modules/@babel/runtime/helpers/esm/using.js,522
./node_modules/@babel/runtime/helpers/esm/usingCtx.js,1733
./node_modules/@babel/runtime/helpers/esm/wrapAsyncGenerator.js,1827
./node_modules/@babel/runtime/helpers/esm/wrapNativeSuper.js,984
./node_modules/@babel/runtime/helpers/esm/wrapRegExp.js,1801
./node_modules/@babel/runtime/helpers/esm/writeOnlyError.js,122
./node_modules/@babel/runtime/helpers/extends.js,504
./node_modules/@babel/runtime/helpers/get.js,583
./node_modules/@babel/runtime/helpers/getPrototypeOf.js,412
./node_modules/@babel/runtime/helpers/identity.js,143
./node_modules/@babel/runtime/helpers/importDeferProxy.js,840
./node_modules/@babel/runtime/helpers/inherits.js,536
./node_modules/@babel/runtime/helpers/inheritsLoose.js,292
./node_modules/@babel/runtime/helpers/initializerDefineProperty.js,365
./node_modules/@babel/runtime/helpers/initializerWarningHelper.js,316
./node_modules/@babel/runtime/helpers/instanceof.js,261
./node_modules/@babel/runtime/helpers/interopRequireDefault.js,214
./node_modules/@babel/runtime/helpers/interopRequireWildcard.js,994
./node_modules/@babel/runtime/helpers/isNativeFunction.js,280
./node_modules/@babel/runtime/helpers/isNativeReflectConstruct.js,476
./node_modules/@babel/runtime/helpers/iterableToArray.js,260
./node_modules/@babel/runtime/helpers/iterableToArrayLimit.js,790
./node_modules/@babel/runtime/helpers/jsx.js,817
./node_modules/@babel/runtime/helpers/maybeArrayLike.js,376
./node_modules/@babel/runtime/helpers/newArrowCheck.js,220
./node_modules/@babel/runtime/helpers/nonIterableRest.js,308
./node_modules/@babel/runtime/helpers/nonIterableSpread.js,307
./node_modules/@babel/runtime/helpers/nullishReceiverError.js,223
./node_modules/@babel/runtime/helpers/objectDestructuringEmpty.js,228
./node_modules/@babel/runtime/helpers/objectSpread.js,609
./node_modules/@babel/runtime/helpers/objectSpread2.js,919
./node_modules/@babel/runtime/helpers/objectWithoutProperties.js,553
./node_modules/@babel/runtime/helpers/objectWithoutPropertiesLoose.js,343
./node_modules/@babel/runtime/helpers/possibleConstructorReturn.js,493
./node_modules/@babel/runtime/helpers/readOnlyError.js,192
./node_modules/@babel/runtime/helpers/regenerator.js,3822
./node_modules/@babel/runtime/helpers/regeneratorAsync.js,352
./node_modules/@babel/runtime/helpers/regeneratorAsyncGen.js,367
./node_modules/@babel/runtime/helpers/regeneratorAsyncIterator.js,1095
./node_modules/@babel/runtime/helpers/regeneratorDefine.js,738
./node_modules/@babel/runtime/helpers/regeneratorKeys.js,349
./node_modules/@babel/runtime/helpers/regeneratorRuntime.js,2520
./node_modules/@babel/runtime/helpers/regeneratorValues.js,638
./node_modules/@babel/runtime/helpers/set.js,853
./node_modules/@babel/runtime/helpers/setFunctionName.js,415
./node_modules/@babel/runtime/helpers/setPrototypeOf.js,400
./node_modules/@babel/runtime/helpers/skipFirstGeneratorNext.js,249
./node_modules/@babel/runtime/helpers/slicedToArray.js,509
./node_modules/@babel/runtime/helpers/superPropBase.js,287
./node_modules/@babel/runtime/helpers/superPropGet.js,387
./node_modules/@babel/runtime/helpers/superPropSet.js,301
./node_modules/@babel/runtime/helpers/taggedTemplateLiteral.js,289
./node_modules/@babel/runtime/helpers/taggedTemplateLiteralLoose.js,216
./node_modules/@babel/runtime/helpers/tdz.js,203
./node_modules/@babel/runtime/helpers/temporalRef.js,277
./node_modules/@babel/runtime/helpers/temporalUndefined.js,147
./node_modules/@babel/runtime/helpers/toArray.js,473
./node_modules/@babel/runtime/helpers/toConsumableArray.js,508
./node_modules/@babel/runtime/helpers/toPrimitive.js,494
./node_modules/@babel/runtime/helpers/toPropertyKey.js,317
./node_modules/@babel/runtime/helpers/toSetter.js,288
./node_modules/@babel/runtime/helpers/tsRewriteRelativeImportExtensions.js,427
./node_modules/@babel/runtime/helpers/typeof.js,534
./node_modules/@babel/runtime/helpers/unsupportedIterableToArray.js,573
./node_modules/@babel/runtime/helpers/using.js,595
./node_modules/@babel/runtime/helpers/usingCtx.js,1806
./node_modules/@babel/runtime/helpers/wrapAsyncGenerator.js,1903
./node_modules/@babel/runtime/helpers/wrapNativeSuper.js,1164
./node_modules/@babel/runtime/helpers/wrapRegExp.js,1989
./node_modules/@babel/runtime/helpers/writeOnlyError.js,195
./node_modules/@babel/runtime/package.json,41106
./node_modules/@babel/runtime/regenerator/index.js,448
./node_modules/@esbuild/linux-x64/README.md,141
./node_modules/@esbuild/linux-x64/bin/esbuild,9707520
./node_modules/@esbuild/linux-x64/package.json,372
./node_modules/@gltf-transform/core/LICENSE.md,1078
./node_modules/@gltf-transform/core/README.md,1430
./node_modules/@gltf-transform/core/dist/constants.d.ts,3220
./node_modules/@gltf-transform/core/dist/document.d.ts,6819
./node_modules/@gltf-transform/core/dist/extension.d.ts,5860
./node_modules/@gltf-transform/core/dist/index.cjs,251622
./node_modules/@gltf-transform/core/dist/index.cjs.map,550494
./node_modules/@gltf-transform/core/dist/index.d.ts,1156
./node_modules/@gltf-transform/core/dist/index.modern.js,229662
./node_modules/@gltf-transform/core/dist/index.modern.js.map,538932
./node_modules/@gltf-transform/core/dist/io/deno-io.d.ts,1320
./node_modules/@gltf-transform/core/dist/io/index.d.ts,368
./node_modules/@gltf-transform/core/dist/io/node-io.d.ts,2721
./node_modules/@gltf-transform/core/dist/io/platform-io.d.ts,4016
./node_modules/@gltf-transform/core/dist/io/reader-context.d.ts,1057
./node_modules/@gltf-transform/core/dist/io/reader.d.ts,254
./node_modules/@gltf-transform/core/dist/io/web-io.d.ts,1259
./node_modules/@gltf-transform/core/dist/io/writer-context.d.ts,4563
./node_modules/@gltf-transform/core/dist/io/writer.d.ts,381
./node_modules/@gltf-transform/core/dist/json-document.d.ts,1193
./node_modules/@gltf-transform/core/dist/properties/accessor.d.ts,11492
./node_modules/@gltf-transform/core/dist/properties/animation-channel.d.ts,3317
./node_modules/@gltf-transform/core/dist/properties/animation-sampler.d.ts,3321
./node_modules/@gltf-transform/core/dist/properties/animation.d.ts,3093
./node_modules/@gltf-transform/core/dist/properties/buffer.d.ts,3805
./node_modules/@gltf-transform/core/dist/properties/camera.d.ts,4151
./node_modules/@gltf-transform/core/dist/properties/extensible-property.d.ts,1308
./node_modules/@gltf-transform/core/dist/properties/extension-property.d.ts,1309
./node_modules/@gltf-transform/core/dist/properties/index.d.ts,618
./node_modules/@gltf-transform/core/dist/properties/material.d.ts,13430
./node_modules/@gltf-transform/core/dist/properties/mesh.d.ts,2674
./node_modules/@gltf-transform/core/dist/properties/node.d.ts,6043
./node_modules/@gltf-transform/core/dist/properties/primitive-target.d.ts,2092
./node_modules/@gltf-transform/core/dist/properties/primitive.d.ts,5521
./node_modules/@gltf-transform/core/dist/properties/property.d.ts,5921
./node_modules/@gltf-transform/core/dist/properties/root.d.ts,4809
./node_modules/@gltf-transform/core/dist/properties/scene.d.ts,2292
./node_modules/@gltf-transform/core/dist/properties/skin.d.ts,2210
./node_modules/@gltf-transform/core/dist/properties/texture-info.d.ts,3648
./node_modules/@gltf-transform/core/dist/properties/texture.d.ts,2712
./node_modules/@gltf-transform/core/dist/types/gltf.d.ts,21671
./node_modules/@gltf-transform/core/dist/utils/buffer-utils.d.ts,1616
./node_modules/@gltf-transform/core/dist/utils/color-utils.d.ts,1458
./node_modules/@gltf-transform/core/dist/utils/file-utils.d.ts,494
./node_modules/@gltf-transform/core/dist/utils/get-bounds.d.ts,260
./node_modules/@gltf-transform/core/dist/utils/http-utils.d.ts,1040
./node_modules/@gltf-transform/core/dist/utils/image-utils.d.ts,1887
./node_modules/@gltf-transform/core/dist/utils/index.d.ts,366
./node_modules/@gltf-transform/core/dist/utils/is-plain-object.d.ts,64
./node_modules/@gltf-transform/core/dist/utils/logger.d.ts,1281
./node_modules/@gltf-transform/core/dist/utils/math-utils.d.ts,1772
./node_modules/@gltf-transform/core/dist/utils/property-utils.d.ts,1499
./node_modules/@gltf-transform/core/dist/utils/uuid.d.ts,445
./node_modules/@gltf-transform/core/package.json,1377
./node_modules/@gltf-transform/core/src/constants.ts,3922
./node_modules/@gltf-transform/core/src/document.ts,8885
./node_modules/@gltf-transform/core/src/extension.ts,7402
./node_modules/@gltf-transform/core/src/index.ts,1206
./node_modules/@gltf-transform/core/src/io/deno-io.ts,1881
./node_modules/@gltf-transform/core/src/io/index.ts,368
./node_modules/@gltf-transform/core/src/io/node-io.ts,6396
./node_modules/@gltf-transform/core/src/io/platform-io.ts,11300
./node_modules/@gltf-transform/core/src/io/reader-context.ts,1998
./node_modules/@gltf-transform/core/src/io/reader.ts,22811
./node_modules/@gltf-transform/core/src/io/web-io.ts,1744
./node_modules/@gltf-transform/core/src/io/writer-context.ts,10223
./node_modules/@gltf-transform/core/src/io/writer.ts,30686
./node_modules/@gltf-transform/core/src/json-document.ts,1175
./node_modules/@gltf-transform/core/src/properties/accessor.ts,18530
./node_modules/@gltf-transform/core/src/properties/animation-channel.ts,4058
./node_modules/@gltf-transform/core/src/properties/animation-sampler.ts,4150
./node_modules/@gltf-transform/core/src/properties/animation.ts,3583
./node_modules/@gltf-transform/core/src/properties/buffer.ts,3952
./node_modules/@gltf-transform/core/src/properties/camera.ts,5098
./node_modules/@gltf-transform/core/src/properties/extensible-property.ts,1734
./node_modules/@gltf-transform/core/src/properties/extension-property.ts,1476
./node_modules/@gltf-transform/core/src/properties/index.ts,618
./node_modules/@gltf-transform/core/src/properties/material.ts,16711
./node_modules/@gltf-transform/core/src/properties/mesh.ts,3049
./node_modules/@gltf-transform/core/src/properties/node.ts,9158
./node_modules/@gltf-transform/core/src/properties/primitive-target.ts,2505
./node_modules/@gltf-transform/core/src/properties/primitive.ts,7216
./node_modules/@gltf-transform/core/src/properties/property.ts,10202
./node_modules/@gltf-transform/core/src/properties/root.ts,8333
./node_modules/@gltf-transform/core/src/properties/scene.ts,3053
./node_modules/@gltf-transform/core/src/properties/skin.ts,2773
./node_modules/@gltf-transform/core/src/properties/texture-info.ts,4715
./node_modules/@gltf-transform/core/src/properties/texture.ts,3465
./node_modules/@gltf-transform/core/src/types/gltf.ts,18215
./node_modules/@gltf-transform/core/src/utils/buffer-utils.ts,3302
./node_modules/@gltf-transform/core/src/utils/color-utils.ts,2406
./node_modules/@gltf-transform/core/src/utils/file-utils.ts,1041
./node_modules/@gltf-transform/core/src/utils/get-bounds.ts,2241
./node_modules/@gltf-transform/core/src/utils/http-utils.ts,1892
./node_modules/@gltf-transform/core/src/utils/image-utils.ts,5600
./node_modules/@gltf-transform/core/src/utils/index.ts,366
./node_modules/@gltf-transform/core/src/utils/is-plain-object.ts,664
./node_modules/@gltf-transform/core/src/utils/logger.ts,1560
./node_modules/@gltf-transform/core/src/utils/math-utils.ts,4863
./node_modules/@gltf-transform/core/src/utils/property-utils.ts,3480
./node_modules/@gltf-transform/core/src/utils/uuid.ts,958
./node_modules/@isaacs/balanced-match/LICENSE.md,1155
./node_modules/@isaacs/balanced-match/README.md,2112
./node_modules/@isaacs/balanced-match/dist/commonjs/index.d.ts,334
./node_modules/@isaacs/balanced-match/dist/commonjs/index.d.ts.map,323
./node_modules/@isaacs/balanced-match/dist/commonjs/index.js,1779
./node_modules/@isaacs/balanced-match/dist/commonjs/index.js.map,4189
./node_modules/@isaacs/balanced-match/dist/commonjs/package.json,25
./node_modules/@isaacs/balanced-match/dist/esm/index.d.ts,334
./node_modules/@isaacs/balanced-match/dist/esm/index.d.ts.map,323
./node_modules/@isaacs/balanced-match/dist/esm/index.js,1608
./node_modules/@isaacs/balanced-match/dist/esm/index.js.map,4155
./node_modules/@isaacs/balanced-match/dist/esm/package.json,23
./node_modules/@isaacs/balanced-match/package.json,1844
./node_modules/@isaacs/brace-expansion/LICENSE,1144
./node_modules/@isaacs/brace-expansion/README.md,2237
./node_modules/@isaacs/brace-expansion/dist/commonjs/index.d.ts,90
./node_modules/@isaacs/brace-expansion/dist/commonjs/index.d.ts.map,151
./node_modules/@isaacs/brace-expansion/dist/commonjs/index.js,6644
./node_modules/@isaacs/brace-expansion/dist/commonjs/index.js.map,13291
./node_modules/@isaacs/brace-expansion/dist/commonjs/package.json,25
./node_modules/@isaacs/brace-expansion/dist/esm/index.d.ts,90
./node_modules/@isaacs/brace-expansion/dist/esm/index.d.ts.map,151
./node_modules/@isaacs/brace-expansion/dist/esm/index.js,6496
./node_modules/@isaacs/brace-expansion/dist/esm/index.js.map,13297
./node_modules/@isaacs/brace-expansion/dist/esm/package.json,23
./node_modules/@isaacs/brace-expansion/package.json,1708
./node_modules/@isaacs/cliui/LICENSE.txt,731
./node_modules/@isaacs/cliui/README.md,3055
./node_modules/@isaacs/cliui/build/index.cjs,10398
./node_modules/@isaacs/cliui/build/index.d.cts,1050
./node_modules/@isaacs/cliui/build/lib/index.js,10100
./node_modules/@isaacs/cliui/index.mjs,299
./node_modules/@isaacs/cliui/package.json,2164
./node_modules/@puppeteer/browsers/README.md,1525
./node_modules/@puppeteer/browsers/lib/cjs/CLI.d.ts,938
./node_modules/@puppeteer/browsers/lib/cjs/CLI.d.ts.map,810
./node_modules/@puppeteer/browsers/lib/cjs/CLI.js,15356
./node_modules/@puppeteer/browsers/lib/cjs/CLI.js.map,9934
./node_modules/@puppeteer/browsers/lib/cjs/Cache.d.ts,2467
./node_modules/@puppeteer/browsers/lib/cjs/Cache.d.ts.map,1386
./node_modules/@puppeteer/browsers/lib/cjs/Cache.js,6468
./node_modules/@puppeteer/browsers/lib/cjs/Cache.js.map,5219
./node_modules/@puppeteer/browsers/lib/cjs/browser-data/browser-data.d.ts,2504
./node_modules/@puppeteer/browsers/lib/cjs/browser-data/browser-data.d.ts.map,1098
./node_modules/@puppeteer/browsers/lib/cjs/browser-data/browser-data.js,11210
./node_modules/@puppeteer/browsers/lib/cjs/browser-data/browser-data.js.map,6593
./node_modules/@puppeteer/browsers/lib/cjs/browser-data/chrome-headless-shell.d.ts,474
./node_modules/@puppeteer/browsers/lib/cjs/browser-data/chrome-headless-shell.d.ts.map,497
./node_modules/@puppeteer/browsers/lib/cjs/browser-data/chrome-headless-shell.js,2511
./node_modules/@puppeteer/browsers/lib/cjs/browser-data/chrome-headless-shell.js.map,1379
./node_modules/@puppeteer/browsers/lib/cjs/browser-data/chrome.d.ts,1347
./node_modules/@puppeteer/browsers/lib/cjs/browser-data/chrome.d.ts.map,1147
./node_modules/@puppeteer/browsers/lib/cjs/browser-data/chrome.js,6954
./node_modules/@puppeteer/browsers/lib/cjs/browser-data/chrome.js.map,4320
./node_modules/@puppeteer/browsers/lib/cjs/browser-data/chromedriver.d.ts,465
./node_modules/@puppeteer/browsers/lib/cjs/browser-data/chromedriver.d.ts.map,478
./node_modules/@puppeteer/browsers/lib/cjs/browser-data/chromedriver.js,2408
./node_modules/@puppeteer/browsers/lib/cjs/browser-data/chromedriver.js.map,1347
./node_modules/@puppeteer/browsers/lib/cjs/browser-data/chromium.d.ts,642
./node_modules/@puppeteer/browsers/lib/cjs/browser-data/chromium.d.ts.map,577
./node_modules/@puppeteer/browsers/lib/cjs/browser-data/chromium.js,2970
./node_modules/@puppeteer/browsers/lib/cjs/browser-data/chromium.js.map,1928
./node_modules/@puppeteer/browsers/lib/cjs/browser-data/firefox.d.ts,892
./node_modules/@puppeteer/browsers/lib/cjs/browser-data/firefox.d.ts.map,770
./node_modules/@puppeteer/browsers/lib/cjs/browser-data/firefox.js,16852
./node_modules/@puppeteer/browsers/lib/cjs/browser-data/firefox.js.map,8760
./node_modules/@puppeteer/browsers/lib/cjs/browser-data/types.d.ts,1151
./node_modules/@puppeteer/browsers/lib/cjs/browser-data/types.d.ts.map,737
./node_modules/@puppeteer/browsers/lib/cjs/browser-data/types.js,1881
./node_modules/@puppeteer/browsers/lib/cjs/browser-data/types.js.map,844
./node_modules/@puppeteer/browsers/lib/cjs/debug.d.ts,169
./node_modules/@puppeteer/browsers/lib/cjs/debug.d.ts.map,180
./node_modules/@puppeteer/browsers/lib/cjs/debug.js,446
./node_modules/@puppeteer/browsers/lib/cjs/debug.js.map,157
./node_modules/@puppeteer/browsers/lib/cjs/detectPlatform.d.ts,296
./node_modules/@puppeteer/browsers/lib/cjs/detectPlatform.d.ts.map,237
./node_modules/@puppeteer/browsers/lib/cjs/detectPlatform.js,1832
./node_modules/@puppeteer/browsers/lib/cjs/detectPlatform.js.map,1285
./node_modules/@puppeteer/browsers/lib/cjs/fileUtil.d.ts,243
./node_modules/@puppeteer/browsers/lib/cjs/fileUtil.d.ts.map,227
./node_modules/@puppeteer/browsers/lib/cjs/fileUtil.js,4138
./node_modules/@puppeteer/browsers/lib/cjs/fileUtil.js.map,2513
./node_modules/@puppeteer/browsers/lib/cjs/httpUtil.d.ts,768
./node_modules/@puppeteer/browsers/lib/cjs/httpUtil.d.ts.map,741
./node_modules/@puppeteer/browsers/lib/cjs/httpUtil.js,5432
./node_modules/@puppeteer/browsers/lib/cjs/httpUtil.js.map,3992
./node_modules/@puppeteer/browsers/lib/cjs/install.d.ts,2967
./node_modules/@puppeteer/browsers/lib/cjs/install.d.ts.map,1451
./node_modules/@puppeteer/browsers/lib/cjs/install.js,9370
./node_modules/@puppeteer/browsers/lib/cjs/install.js.map,7006
./node_modules/@puppeteer/browsers/lib/cjs/launch.d.ts,2835
./node_modules/@puppeteer/browsers/lib/cjs/launch.d.ts.map,1883
./node_modules/@puppeteer/browsers/lib/cjs/launch.js,14018
./node_modules/@puppeteer/browsers/lib/cjs/launch.js.map,10769
./node_modules/@puppeteer/browsers/lib/cjs/main-cli.d.ts,158
./node_modules/@puppeteer/browsers/lib/cjs/main-cli.d.ts.map,126
./node_modules/@puppeteer/browsers/lib/cjs/main-cli.js,303
./node_modules/@puppeteer/browsers/lib/cjs/main-cli.js.map,204
./node_modules/@puppeteer/browsers/lib/cjs/main.d.ts,992
./node_modules/@puppeteer/browsers/lib/cjs/main.d.ts.map,737
./node_modules/@puppeteer/browsers/lib/cjs/main.js,4020
./node_modules/@puppeteer/browsers/lib/cjs/main.js.map,687
./node_modules/@puppeteer/browsers/lib/esm/CLI.d.ts,938
./node_modules/@puppeteer/browsers/lib/esm/CLI.d.ts.map,810
./node_modules/@puppeteer/browsers/lib/esm/CLI.js,13777
./node_modules/@puppeteer/browsers/lib/esm/CLI.js.map,10143
./node_modules/@puppeteer/browsers/lib/esm/Cache.d.ts,2467
./node_modules/@puppeteer/browsers/lib/esm/Cache.d.ts.map,1386
./node_modules/@puppeteer/browsers/lib/esm/Cache.js,5810
./node_modules/@puppeteer/browsers/lib/esm/Cache.js.map,5341
./node_modules/@puppeteer/browsers/lib/esm/browser-data/browser-data.d.ts,2504
./node_modules/@puppeteer/browsers/lib/esm/browser-data/browser-data.d.ts.map,1098
./node_modules/@puppeteer/browsers/lib/esm/browser-data/browser-data.js,8276
./node_modules/@puppeteer/browsers/lib/esm/browser-data/browser-data.js.map,6666
./node_modules/@puppeteer/browsers/lib/esm/browser-data/chrome-headless-shell.d.ts,474
./node_modules/@puppeteer/browsers/lib/esm/browser-data/chrome-headless-shell.d.ts.map,497
./node_modules/@puppeteer/browsers/lib/esm/browser-data/chrome-headless-shell.js,1609
./node_modules/@puppeteer/browsers/lib/esm/browser-data/chrome-headless-shell.js.map,1381
./node_modules/@puppeteer/browsers/lib/esm/browser-data/chrome.d.ts,1347
./node_modules/@puppeteer/browsers/lib/esm/browser-data/chrome.d.ts.map,1147
./node_modules/@puppeteer/browsers/lib/esm/browser-data/chrome.js,5482
./node_modules/@puppeteer/browsers/lib/esm/browser-data/chrome.js.map,4334
./node_modules/@puppeteer/browsers/lib/esm/browser-data/chromedriver.d.ts,465
./node_modules/@puppeteer/browsers/lib/esm/browser-data/chromedriver.d.ts.map,478
./node_modules/@puppeteer/browsers/lib/esm/browser-data/chromedriver.js,1506
./node_modules/@puppeteer/browsers/lib/esm/browser-data/chromedriver.js.map,1351
./node_modules/@puppeteer/browsers/lib/esm/browser-data/chromium.d.ts,642
./node_modules/@puppeteer/browsers/lib/esm/browser-data/chromium.d.ts.map,577
./node_modules/@puppeteer/browsers/lib/esm/browser-data/chromium.js,2156
./node_modules/@puppeteer/browsers/lib/esm/browser-data/chromium.js.map,1946
./node_modules/@puppeteer/browsers/lib/esm/browser-data/firefox.d.ts,892
./node_modules/@puppeteer/browsers/lib/esm/browser-data/firefox.d.ts.map,770
./node_modules/@puppeteer/browsers/lib/esm/browser-data/firefox.js,15685
./node_modules/@puppeteer/browsers/lib/esm/browser-data/firefox.js.map,8791
./node_modules/@puppeteer/browsers/lib/esm/browser-data/types.d.ts,1151
./node_modules/@puppeteer/browsers/lib/esm/browser-data/types.d.ts.map,737
./node_modules/@puppeteer/browsers/lib/esm/browser-data/types.js,1632
./node_modules/@puppeteer/browsers/lib/esm/browser-data/types.js.map,877
./node_modules/@puppeteer/browsers/lib/esm/debug.d.ts,169
./node_modules/@puppeteer/browsers/lib/esm/debug.d.ts.map,180
./node_modules/@puppeteer/browsers/lib/esm/debug.js,167
./node_modules/@puppeteer/browsers/lib/esm/debug.js.map,178
./node_modules/@puppeteer/browsers/lib/esm/detectPlatform.d.ts,296
./node_modules/@puppeteer/browsers/lib/esm/detectPlatform.d.ts.map,237
./node_modules/@puppeteer/browsers/lib/esm/detectPlatform.js,1361
./node_modules/@puppeteer/browsers/lib/esm/detectPlatform.js.map,1313
./node_modules/@puppeteer/browsers/lib/esm/fileUtil.d.ts,243
./node_modules/@puppeteer/browsers/lib/esm/fileUtil.d.ts.map,227
./node_modules/@puppeteer/browsers/lib/esm/fileUtil.js,2558
./node_modules/@puppeteer/browsers/lib/esm/fileUtil.js.map,2602
./node_modules/@puppeteer/browsers/lib/esm/httpUtil.d.ts,768
./node_modules/@puppeteer/browsers/lib/esm/httpUtil.d.ts.map,741
./node_modules/@puppeteer/browsers/lib/esm/httpUtil.js,4033
./node_modules/@puppeteer/browsers/lib/esm/httpUtil.js.map,4062
./node_modules/@puppeteer/browsers/lib/esm/install.d.ts,2967
./node_modules/@puppeteer/browsers/lib/esm/install.d.ts.map,1451
./node_modules/@puppeteer/browsers/lib/esm/install.js,8161
./node_modules/@puppeteer/browsers/lib/esm/install.js.map,7238
./node_modules/@puppeteer/browsers/lib/esm/launch.d.ts,2835
./node_modules/@puppeteer/browsers/lib/esm/launch.d.ts.map,1883
./node_modules/@puppeteer/browsers/lib/esm/launch.js,13090
./node_modules/@puppeteer/browsers/lib/esm/launch.js.map,10910
./node_modules/@puppeteer/browsers/lib/esm/main-cli.d.ts,158
./node_modules/@puppeteer/browsers/lib/esm/main-cli.d.ts.map,126
./node_modules/@puppeteer/browsers/lib/esm/main-cli.js,211
./node_modules/@puppeteer/browsers/lib/esm/main-cli.js.map,230
./node_modules/@puppeteer/browsers/lib/esm/main.d.ts,992
./node_modules/@puppeteer/browsers/lib/esm/main.d.ts.map,737
./node_modules/@puppeteer/browsers/lib/esm/main.js,713
./node_modules/@puppeteer/browsers/lib/esm/main.js.map,551
./node_modules/@puppeteer/browsers/lib/esm/package.json,18
./node_modules/@puppeteer/browsers/package.json,2604
./node_modules/@puppeteer/browsers/src/CLI.ts,15618
./node_modules/@puppeteer/browsers/src/Cache.ts,6647
./node_modules/@puppeteer/browsers/src/browser-data/browser-data.ts,7879
./node_modules/@puppeteer/browsers/src/browser-data/chrome-headless-shell.ts,1666
./node_modules/@puppeteer/browsers/src/browser-data/chrome.ts,6338
./node_modules/@puppeteer/browsers/src/browser-data/chromedriver.ts,1514
./node_modules/@puppeteer/browsers/src/browser-data/chromium.ts,2298
./node_modules/@puppeteer/browsers/src/browser-data/firefox.ts,14921
./node_modules/@puppeteer/browsers/src/browser-data/types.ts,1045
./node_modules/@puppeteer/browsers/src/debug.ts,134
./node_modules/@puppeteer/browsers/src/detectPlatform.ts,1279
./node_modules/@puppeteer/browsers/src/fileUtil.ts,2433
./node_modules/@puppeteer/browsers/src/httpUtil.ts,3932
./node_modules/@puppeteer/browsers/src/install.ts,10350
./node_modules/@puppeteer/browsers/src/launch.ts,14033
./node_modules/@puppeteer/browsers/src/main-cli.ts,176
./node_modules/@puppeteer/browsers/src/main.ts,997
./node_modules/@puppeteer/browsers/src/tsconfig.cjs.json,164
./node_modules/@puppeteer/browsers/src/tsconfig.esm.json,102
./node_modules/@rollup/rollup-linux-x64-gnu/README.md,95
./node_modules/@rollup/rollup-linux-x64-gnu/package.json,417
./node_modules/@rollup/rollup-linux-x64-gnu/rollup.linux-x64-gnu.node,2162200
./node_modules/@rollup/rollup-linux-x64-musl/README.md,97
./node_modules/@rollup/rollup-linux-x64-musl/package.json,419
./node_modules/@rollup/rollup-linux-x64-musl/rollup.linux-x64-musl.node,2197728
./node_modules/@tootallnate/quickjs-emscripten/LICENSE,1093
./node_modules/@tootallnate/quickjs-emscripten/README.md,23411
./node_modules/@tootallnate/quickjs-emscripten/c/interface.c,26057
./node_modules/@tootallnate/quickjs-emscripten/dist/asyncify-helpers.d.ts,1475
./node_modules/@tootallnate/quickjs-emscripten/dist/asyncify-helpers.js,1818
./node_modules/@tootallnate/quickjs-emscripten/dist/asyncify-helpers.js.map,4205
./node_modules/@tootallnate/quickjs-emscripten/dist/context-asyncify.d.ts,2177
./node_modules/@tootallnate/quickjs-emscripten/dist/context-asyncify.js,2370
./node_modules/@tootallnate/quickjs-emscripten/dist/context-asyncify.js.map,4651
./node_modules/@tootallnate/quickjs-emscripten/dist/context.d.ts,16065
./node_modules/@tootallnate/quickjs-emscripten/dist/context.js,29595
./node_modules/@tootallnate/quickjs-emscripten/dist/context.js.map,53303
./node_modules/@tootallnate/quickjs-emscripten/dist/debug.d.ts,156
./node_modules/@tootallnate/quickjs-emscripten/dist/debug.js,327
./node_modules/@tootallnate/quickjs-emscripten/dist/debug.js.map,518
./node_modules/@tootallnate/quickjs-emscripten/dist/deferred-promise.d.ts,2957
./node_modules/@tootallnate/quickjs-emscripten/dist/deferred-promise.js,3754
./node_modules/@tootallnate/quickjs-emscripten/dist/deferred-promise.js.map,6176
./node_modules/@tootallnate/quickjs-emscripten/dist/emscripten-types.d.ts,3886
./node_modules/@tootallnate/quickjs-emscripten/dist/emscripten-types.js,776
./node_modules/@tootallnate/quickjs-emscripten/dist/emscripten-types.js.map,5484
./node_modules/@tootallnate/quickjs-emscripten/dist/errors.d.ts,836
./node_modules/@tootallnate/quickjs-emscripten/dist/errors.js,1914
./node_modules/@tootallnate/quickjs-emscripten/dist/errors.js.map,1780
./node_modules/@tootallnate/quickjs-emscripten/dist/esmHelpers.d.ts,420
./node_modules/@tootallnate/quickjs-emscripten/dist/esmHelpers.js,778
./node_modules/@tootallnate/quickjs-emscripten/dist/esmHelpers.js.map,1126
./node_modules/@tootallnate/quickjs-emscripten/dist/generated/emscripten-module.WASM_RELEASE_SYNC.d.ts,132
./node_modules/@tootallnate/quickjs-emscripten/dist/generated/emscripten-module.WASM_RELEASE_SYNC.js,632760
./node_modules/@tootallnate/quickjs-emscripten/dist/generated/emscripten-module.WASM_RELEASE_SYNC.js.map,660203
./node_modules/@tootallnate/quickjs-emscripten/dist/generated/ffi.WASM_RELEASE_SYNC.d.ts,5573
./node_modules/@tootallnate/quickjs-emscripten/dist/generated/ffi.WASM_RELEASE_SYNC.js,5965
./node_modules/@tootallnate/quickjs-emscripten/dist/generated/ffi.WASM_RELEASE_SYNC.js.map,15638
./node_modules/@tootallnate/quickjs-emscripten/dist/index.d.ts,4076
./node_modules/@tootallnate/quickjs-emscripten/dist/index.js,5949
./node_modules/@tootallnate/quickjs-emscripten/dist/index.js.map,6569
./node_modules/@tootallnate/quickjs-emscripten/dist/lifetime.d.ts,4399
./node_modules/@tootallnate/quickjs-emscripten/dist/lifetime.js,6724
./node_modules/@tootallnate/quickjs-emscripten/dist/lifetime.js.map,11858
./node_modules/@tootallnate/quickjs-emscripten/dist/memory.d.ts,775
./node_modules/@tootallnate/quickjs-emscripten/dist/memory.js,1707
./node_modules/@tootallnate/quickjs-emscripten/dist/memory.js.map,3896
./node_modules/@tootallnate/quickjs-emscripten/dist/module-asyncify.d.ts,2386
./node_modules/@tootallnate/quickjs-emscripten/dist/module-asyncify.js,4035
./node_modules/@tootallnate/quickjs-emscripten/dist/module-asyncify.js.map,6459
./node_modules/@tootallnate/quickjs-emscripten/dist/module-test.d.ts,1118
./node_modules/@tootallnate/quickjs-emscripten/dist/module-test.js,2669
./node_modules/@tootallnate/quickjs-emscripten/dist/module-test.js.map,4672
./node_modules/@tootallnate/quickjs-emscripten/dist/module.d.ts,6272
./node_modules/@tootallnate/quickjs-emscripten/dist/module.js,12740
./node_modules/@tootallnate/quickjs-emscripten/dist/module.js.map,21716
./node_modules/@tootallnate/quickjs-emscripten/dist/runtime-asyncify.d.ts,1687
./node_modules/@tootallnate/quickjs-emscripten/dist/runtime-asyncify.js,1880
./node_modules/@tootallnate/quickjs-emscripten/dist/runtime-asyncify.js.map,4082
./node_modules/@tootallnate/quickjs-emscripten/dist/runtime.d.ts,7048
./node_modules/@tootallnate/quickjs-emscripten/dist/runtime.js,12909
./node_modules/@tootallnate/quickjs-emscripten/dist/runtime.js.map,22367
./node_modules/@tootallnate/quickjs-emscripten/dist/types-ffi.d.ts,3439
./node_modules/@tootallnate/quickjs-emscripten/dist/types-ffi.js,1346
./node_modules/@tootallnate/quickjs-emscripten/dist/types-ffi.js.map,4712
./node_modules/@tootallnate/quickjs-emscripten/dist/types.d.ts,6751
./node_modules/@tootallnate/quickjs-emscripten/dist/types.js,1722
./node_modules/@tootallnate/quickjs-emscripten/dist/types.js.map,9272
./node_modules/@tootallnate/quickjs-emscripten/dist/variants.d.ts,4784
./node_modules/@tootallnate/quickjs-emscripten/dist/variants.js,6893
./node_modules/@tootallnate/quickjs-emscripten/dist/variants.js.map,10226
./node_modules/@tootallnate/quickjs-emscripten/dist/vm-interface.d.ts,2669
./node_modules/@tootallnate/quickjs-emscripten/dist/vm-interface.js,384
./node_modules/@tootallnate/quickjs-emscripten/dist/vm-interface.js.map,3179
./node_modules/@tootallnate/quickjs-emscripten/package.json,1816
./node_modules/@types/estree/LICENSE,1141
./node_modules/@types/estree/README.md,458
./node_modules/@types/estree/flow.d.ts,4801
./node_modules/@types/estree/index.d.ts,18944
./node_modules/@types/estree/package.json,829
./node_modules/@types/node/LICENSE,1141
./node_modules/@types/node/README.md,1582
./node_modules/@types/node/assert.d.ts,44778
./node_modules/@types/node/assert/strict.d.ts,201
./node_modules/@types/node/async_hooks.d.ts,26208
./node_modules/@types/node/buffer.buffer.d.ts,22411
./node_modules/@types/node/buffer.d.ts,88247
./node_modules/@types/node/child_process.d.ts,65939
./node_modules/@types/node/cluster.d.ts,28016
./node_modules/@types/node/compatibility/iterators.d.ts,1303
./node_modules/@types/node/console.d.ts,21249
./node_modules/@types/node/constants.d.ts,816
./node_modules/@types/node/crypto.d.ts,191705
./node_modules/@types/node/dgram.d.ts,27991
./node_modules/@types/node/diagnostics_channel.d.ts,25224
./node_modules/@types/node/dns.d.ts,37024
./node_modules/@types/node/dns/promises.d.ts,21107
./node_modules/@types/node/domain.d.ts,7812
./node_modules/@types/node/events.d.ts,43144
./node_modules/@types/node/fs.d.ts,190046
./node_modules/@types/node/fs/promises.d.ts,56301
./node_modules/@types/node/globals.d.ts,5838
./node_modules/@types/node/globals.typedarray.d.ts,818
./node_modules/@types/node/http.d.ts,92259
./node_modules/@types/node/http2.d.ts,129324
./node_modules/@types/node/https.d.ts,25027
./node_modules/@types/node/index.d.ts,4278
./node_modules/@types/node/inspector.d.ts,11016
./node_modules/@types/node/inspector.generated.d.ts,205045
./node_modules/@types/node/module.d.ts,40442
./node_modules/@types/node/net.d.ts,48211
./node_modules/@types/node/os.d.ts,18949
./node_modules/@types/node/package.json,4509
./node_modules/@types/node/path.d.ts,8235
./node_modules/@types/node/perf_hooks.d.ts,39055
./node_modules/@types/node/process.d.ts,106429
./node_modules/@types/node/punycode.d.ts,5479
./node_modules/@types/node/querystring.d.ts,7125
./node_modules/@types/node/readline.d.ts,25878
./node_modules/@types/node/readline/promises.d.ts,6427
./node_modules/@types/node/repl.d.ts,19901
./node_modules/@types/node/sea.d.ts,6195
./node_modules/@types/node/sqlite.d.ts,36102
./node_modules/@types/node/stream.d.ts,85270
./node_modules/@types/node/stream/consumers.d.ts,1593
./node_modules/@types/node/stream/promises.d.ts,2971
./node_modules/@types/node/stream/web.d.ts,29915
./node_modules/@types/node/string_decoder.d.ts,2827
./node_modules/@types/node/test.d.ts,109841
./node_modules/@types/node/timers.d.ts,14570
./node_modules/@types/node/timers/promises.d.ts,3780
./node_modules/@types/node/tls.d.ts,59361
./node_modules/@types/node/trace_events.d.ts,8926
./node_modules/@types/node/ts5.6/buffer.buffer.d.ts,21731
./node_modules/@types/node/ts5.6/compatibility/float16array.d.ts,3811
./node_modules/@types/node/ts5.6/globals.typedarray.d.ts,484
./node_modules/@types/node/ts5.6/index.d.ts,4561
./node_modules/@types/node/ts5.7/compatibility/float16array.d.ts,3872
./node_modules/@types/node/ts5.7/index.d.ts,4548
./node_modules/@types/node/tty.d.ts,10053
./node_modules/@types/node/url.d.ts,44841
./node_modules/@types/node/util.d.ts,90555
./node_modules/@types/node/v8.d.ts,38674
./node_modules/@types/node/vm.d.ts,49061
./node_modules/@types/node/wasi.d.ts,9111
./node_modules/@types/node/web-globals/abortcontroller.d.ts,1145
./node_modules/@types/node/web-globals/domexception.d.ts,2565
./node_modules/@types/node/web-globals/events.d.ts,2699
./node_modules/@types/node/web-globals/fetch.d.ts,2484
./node_modules/@types/node/web-globals/navigator.d.ts,891
./node_modules/@types/node/web-globals/storage.d.ts,724
./node_modules/@types/node/worker_threads.d.ts,39972
./node_modules/@types/node/zlib.d.ts,25877
./node_modules/@types/yauzl/LICENSE,1141
./node_modules/@types/yauzl/README.md,513
./node_modules/@types/yauzl/index.d.ts,3637
./node_modules/@types/yauzl/package.json,815
./node_modules/agent-base/LICENSE,1101
./node_modules/agent-base/README.md,2459
./node_modules/agent-base/dist/helpers.d.ts,624
./node_modules/agent-base/dist/helpers.d.ts.map,585
./node_modules/agent-base/dist/helpers.js,2314
./node_modules/agent-base/dist/helpers.js.map,1401
./node_modules/agent-base/dist/index.d.ts,1519
./node_modules/agent-base/dist/index.d.ts.map,1430
./node_modules/agent-base/dist/index.js,7324
./node_modules/agent-base/dist/index.js.map,4146
./node_modules/agent-base/package.json,1059
./node_modules/ansi-regex/index.d.ts,689
./node_modules/ansi-regex/index.js,590
./node_modules/ansi-regex/license,1117
./node_modules/ansi-regex/package.json,1035
./node_modules/ansi-regex/readme.md,2434
./node_modules/ansi-styles/index.d.ts,5186
./node_modules/ansi-styles/index.js,5256
./node_modules/ansi-styles/license,1117
./node_modules/ansi-styles/package.json,1021
./node_modules/ansi-styles/readme.md,4908
./node_modules/argparse/CHANGELOG.md,5966
./node_modules/argparse/LICENSE,12775
./node_modules/argparse/README.md,2768
./node_modules/argparse/argparse.js,129714
./node_modules/argparse/lib/sub.js,2252
./node_modules/argparse/lib/textwrap.js,17391
./node_modules/argparse/package.json,682
./node_modules/ast-types/.github/dependabot.yml,274
./node_modules/ast-types/.github/workflows/main.yml,617
./node_modules/ast-types/LICENSE,1075
./node_modules/ast-types/README.md,16825
./node_modules/ast-types/def/babel-core.d.ts,77
./node_modules/ast-types/def/babel-core.js,10073
./node_modules/ast-types/def/babel.d.ts,77
./node_modules/ast-types/def/babel.js,397
./node_modules/ast-types/def/core.d.ts,77
./node_modules/ast-types/def/core.js,12100
./node_modules/ast-types/def/es-proposals.d.ts,77
./node_modules/ast-types/def/es-proposals.js,1373
./node_modules/ast-types/def/es2020.d.ts,77
./node_modules/ast-types/def/es2020.js,553
./node_modules/ast-types/def/es6.d.ts,77
./node_modules/ast-types/def/es6.js,9703
./node_modules/ast-types/def/es7.d.ts,77
./node_modules/ast-types/def/es7.js,1357
./node_modules/ast-types/def/esprima.d.ts,77
./node_modules/ast-types/def/esprima.js,2083
./node_modules/ast-types/def/flow.d.ts,77
./node_modules/ast-types/def/flow.js,11262
./node_modules/ast-types/def/jsx.d.ts,77
./node_modules/ast-types/def/jsx.js,4672
./node_modules/ast-types/def/type-annotations.d.ts,256
./node_modules/ast-types/def/type-annotations.js,1902
./node_modules/ast-types/def/typescript.d.ts,77
./node_modules/ast-types/def/typescript.js,15244
./node_modules/ast-types/fork.d.ts,2007
./node_modules/ast-types/fork.js,1813
./node_modules/ast-types/gen/builders.d.ts,109282
./node_modules/ast-types/gen/builders.js,77
./node_modules/ast-types/gen/kinds.d.ts,43628
./node_modules/ast-types/gen/kinds.js,77
./node_modules/ast-types/gen/namedTypes.d.ts,83293
./node_modules/ast-types/gen/namedTypes.js,213
./node_modules/ast-types/gen/visitor.d.ts,25785
./node_modules/ast-types/gen/visitor.js,77
./node_modules/ast-types/lib/equiv.d.ts,160
./node_modules/ast-types/lib/equiv.js,5160
./node_modules/ast-types/lib/node-path.d.ts,777
./node_modules/ast-types/lib/node-path.js,15495
./node_modules/ast-types/lib/path-visitor.d.ts,1685
./node_modules/ast-types/lib/path-visitor.js,13612
./node_modules/ast-types/lib/path.d.ts,847
./node_modules/ast-types/lib/path.js,11687
./node_modules/ast-types/lib/scope.d.ts,715
./node_modules/ast-types/lib/scope.js,12452
./node_modules/ast-types/lib/shared.d.ts,393
./node_modules/ast-types/lib/shared.js,1801
./node_modules/ast-types/lib/types.d.ts,4681
./node_modules/ast-types/lib/types.js,31720
./node_modules/ast-types/main.d.ts,1914
./node_modules/ast-types/main.js,3081
./node_modules/ast-types/package.json,1623
./node_modules/ast-types/tsconfig.json,427
./node_modules/ast-types/types.d.ts,220
./node_modules/ast-types/types.js,77
./node_modules/async/CHANGELOG.md,33481
./node_modules/async/LICENSE,1063
./node_modules/async/README.md,3217
./node_modules/async/all.js,3559
./node_modules/async/allLimit.js,1751
./node_modules/async/allSeries.js,1645
./node_modules/async/any.js,3803
./node_modules/async/anyLimit.js,1786
./node_modules/async/anySeries.js,1680
./node_modules/async/apply.js,217
./node_modules/async/applyEach.js,1988
./node_modules/async/applyEachSeries.js,1302
./node_modules/async/asyncify.js,3762
./node_modules/async/auto.js,11853
./node_modules/async/autoInject.js,7099
./node_modules/async/bower.json,239
./node_modules/async/cargo.js,2746
./node_modules/async/cargoQueue.js,3352
./node_modules/async/compose.js,1565
./node_modules/async/concat.js,3652
./node_modules/async/concatLimit.js,2093
./node_modules/async/concatSeries.js,1474
./node_modules/async/constant.js,302
./node_modules/async/detect.js,3249
./node_modules/async/detectLimit.js,1835
./node_modules/async/detectSeries.js,1741
./node_modules/async/dir.js,1296
./node_modules/async/dist/async.js,224884
./node_modules/async/dist/async.min.js,21804
./node_modules/async/dist/async.mjs,200300
./node_modules/async/doDuring.js,2300
./node_modules/async/doUntil.js,1703
./node_modules/async/doWhilst.js,2300
./node_modules/async/during.js,2338
./node_modules/async/each.js,4025
./node_modules/async/eachLimit.js,1790
./node_modules/async/eachOf.js,5743
./node_modules/async/eachOfLimit.js,1638
./node_modules/async/eachOfSeries.js,1330
./node_modules/async/eachSeries.js,1576
./node_modules/async/ensureAsync.js,2311
./node_modules/async/every.js,3559
./node_modules/async/everyLimit.js,1751
./node_modules/async/everySeries.js,1645
./node_modules/async/filter.js,2898
./node_modules/async/filterLimit.js,1655
./node_modules/async/filterSeries.js,1547
./node_modules/async/find.js,3249
./node_modules/async/findLimit.js,1835
./node_modules/async/findSeries.js,1741
./node_modules/async/flatMap.js,3652
./node_modules/async/flatMapLimit.js,2093
./node_modules/async/flatMapSeries.js,1474
./node_modules/async/foldl.js,4878
./node_modules/async/foldr.js,1501
./node_modules/async/forEach.js,4025
./node_modules/async/forEachLimit.js,1790
./node_modules/async/forEachOf.js,5743
./node_modules/async/forEachOfLimit.js,1638
./node_modules/async/forEachOfSeries.js,1330
./node_modules/async/forEachSeries.js,1576
./node_modules/async/forever.js,2118
./node_modules/async/groupBy.js,3598
./node_modules/async/groupByLimit.js,2446
./node_modules/async/groupBySeries.js,1331
./node_modules/async/index.js,19940
./node_modules/async/inject.js,4878
./node_modules/async/internal/DoublyLinkedList.js,2282
./node_modules/async/internal/Heap.js,2497
./node_modules/async/internal/applyEach.js,783
./node_modules/async/internal/asyncEachOfLimit.js,1976
./node_modules/async/internal/awaitify.js,816
./node_modules/async/internal/breakLoop.js,254
./node_modules/async/internal/consoleFunc.js,919
./node_modules/async/internal/createTester.js,1228
./node_modules/async/internal/eachOfLimit.js,2638
./node_modules/async/internal/filter.js,1620
./node_modules/async/internal/getIterator.js,217
./node_modules/async/internal/initialParams.js,289
./node_modules/async/internal/isArrayLike.js,279
./node_modules/async/internal/iterator.js,1460
./node_modules/async/internal/map.js,761
./node_modules/async/internal/once.js,362
./node_modules/async/internal/onlyOnce.js,360
./node_modules/async/internal/parallel.js,962
./node_modules/async/internal/promiseCallback.js,532
./node_modules/async/internal/queue.js,8522
./node_modules/async/internal/range.js,270
./node_modules/async/internal/reject.js,695
./node_modules/async/internal/setImmediate.js,857
./node_modules/async/internal/withoutIndex.js,251
./node_modules/async/internal/wrapAsync.js,955
./node_modules/async/log.js,1196
./node_modules/async/map.js,4596
./node_modules/async/mapLimit.js,1620
./node_modules/async/mapSeries.js,1515
./node_modules/async/mapValues.js,4590
./node_modules/async/mapValuesLimit.js,2117
./node_modules/async/mapValuesSeries.js,1378
./node_modules/async/memoize.js,3070
./node_modules/async/nextTick.js,1475
./node_modules/async/package.json,2203
./node_modules/async/parallel.js,5574
./node_modules/async/parallelLimit.js,1511
./node_modules/async/priorityQueue.js,1442
./node_modules/async/queue.js,626
./node_modules/async/race.js,2132
./node_modules/async/reduce.js,4878
./node_modules/async/reduceRight.js,1501
./node_modules/async/reflect.js,2266
./node_modules/async/reflectAll.js,2449
./node_modules/async/reject.js,2676
./node_modules/async/rejectLimit.js,1578
./node_modules/async/rejectSeries.js,1470
./node_modules/async/retry.js,5524
./node_modules/async/retryable.js,2535
./node_modules/async/select.js,2898
./node_modules/async/selectLimit.js,1655
./node_modules/async/selectSeries.js,1547
./node_modules/async/seq.js,2653
./node_modules/async/series.js,5823
./node_modules/async/setImmediate.js,1391
./node_modules/async/some.js,3803
./node_modules/async/someLimit.js,1786
./node_modules/async/someSeries.js,1680
./node_modules/async/sortBy.js,6210
./node_modules/async/timeout.js,2755
./node_modules/async/times.js,1487
./node_modules/async/timesLimit.js,1451
./node_modules/async/timesSeries.js,1061
./node_modules/async/transform.js,5563
./node_modules/async/tryEach.js,2540
./node_modules/async/unmemoize.js,665
./node_modules/async/until.js,2080
./node_modules/async/waterfall.js,3203
./node_modules/async/whilst.js,2338
./node_modules/async/wrapSync.js,3762
./node_modules/automation-events/LICENSE,1076
./node_modules/automation-events/README.md,3407
./node_modules/automation-events/build/es2019/classes/automation-event-list.d.ts,474
./node_modules/automation-events/build/es2019/classes/automation-event-list.d.ts.map,518
./node_modules/automation-events/build/es2019/classes/automation-event-list.js,11921
./node_modules/automation-events/build/es2019/classes/automation-event-list.js.map,8371
./node_modules/automation-events/build/es2019/functions/create-cancel-and-hold-automation-event.d.ts,244
./node_modules/automation-events/build/es2019/functions/create-cancel-and-hold-automation-event.d.ts.map,284
./node_modules/automation-events/build/es2019/functions/create-cancel-and-hold-automation-event.js,188
./node_modules/automation-events/build/es2019/functions/create-cancel-and-hold-automation-event.js.map,306
./node_modules/automation-events/build/es2019/functions/create-cancel-scheduled-values-automation-event.d.ts,276
./node_modules/automation-events/build/es2019/functions/create-cancel-scheduled-values-automation-event.d.ts.map,300
./node_modules/automation-events/build/es2019/functions/create-cancel-scheduled-values-automation-event.js,212
./node_modules/automation-events/build/es2019/functions/create-cancel-scheduled-values-automation-event.js.map,324
./node_modules/automation-events/build/es2019/functions/create-exponential-ramp-to-value-automation-event.d.ts,293
./node_modules/automation-events/build/es2019/functions/create-exponential-ramp-to-value-automation-event.d.ts.map,319
./node_modules/automation-events/build/es2019/functions/create-exponential-ramp-to-value-automation-event.js,224
./node_modules/automation-events/build/es2019/functions/create-exponential-ramp-to-value-automation-event.js.map,347
./node_modules/automation-events/build/es2019/functions/create-extended-exponential-ramp-to-value-automation-event.d.ts,346
./node_modules/automation-events/build/es2019/functions/create-extended-exponential-ramp-to-value-automation-event.d.ts.map,353
./node_modules/automation-events/build/es2019/functions/create-extended-exponential-ramp-to-value-automation-event.js,265
./node_modules/automation-events/build/es2019/functions/create-extended-exponential-ramp-to-value-automation-event.js.map,387
./node_modules/automation-events/build/es2019/functions/create-extended-linear-ramp-to-value-automation-event.d.ts,326
./node_modules/automation-events/build/es2019/functions/create-extended-linear-ramp-to-value-automation-event.d.ts.map,343
./node_modules/automation-events/build/es2019/functions/create-extended-linear-ramp-to-value-automation-event.js,250
./node_modules/automation-events/build/es2019/functions/create-extended-linear-ramp-to-value-automation-event.js.map,377
./node_modules/automation-events/build/es2019/functions/create-linear-ramp-to-value-automation-event.d.ts,273
./node_modules/automation-events/build/es2019/functions/create-linear-ramp-to-value-automation-event.d.ts.map,309
./node_modules/automation-events/build/es2019/functions/create-linear-ramp-to-value-automation-event.js,209
./node_modules/automation-events/build/es2019/functions/create-linear-ramp-to-value-automation-event.js.map,337
./node_modules/automation-events/build/es2019/functions/create-set-target-automation-event.d.ts,264
./node_modules/automation-events/build/es2019/functions/create-set-target-automation-event.d.ts.map,304
./node_modules/automation-events/build/es2019/functions/create-set-target-automation-event.js,217
./node_modules/automation-events/build/es2019/functions/create-set-target-automation-event.js.map,337
./node_modules/automation-events/build/es2019/functions/create-set-value-automation-event.d.ts,237
./node_modules/automation-events/build/es2019/functions/create-set-value-automation-event.d.ts.map,287
./node_modules/automation-events/build/es2019/functions/create-set-value-automation-event.js,184
./node_modules/automation-events/build/es2019/functions/create-set-value-automation-event.js.map,314
./node_modules/automation-events/build/es2019/functions/create-set-value-curve-automation-event.d.ts,294
./node_modules/automation-events/build/es2019/functions/create-set-value-curve-automation-event.d.ts.map,332
./node_modules/automation-events/build/es2019/functions/create-set-value-curve-automation-event.js,222
./node_modules/automation-events/build/es2019/functions/create-set-value-curve-automation-event.js.map,350
./node_modules/automation-events/build/es2019/functions/get-end-time-and-value-of-previous-automation-event.d.ts,597
./node_modules/automation-events/build/es2019/functions/get-end-time-and-value-of-previous-automation-event.d.ts.map,477
./node_modules/automation-events/build/es2019/functions/get-end-time-and-value-of-previous-automation-event.js,1567
./node_modules/automation-events/build/es2019/functions/get-end-time-and-value-of-previous-automation-event.js.map,1114
./node_modules/automation-events/build/es2019/functions/get-event-time.d.ts,171
./node_modules/automation-events/build/es2019/functions/get-event-time.d.ts.map,235
./node_modules/automation-events/build/es2019/functions/get-event-time.js,886
./node_modules/automation-events/build/es2019/functions/get-event-time.js.map,635
./node_modules/automation-events/build/es2019/functions/get-exponential-ramp-value-at-time.d.ts,319
./node_modules/automation-events/build/es2019/functions/get-exponential-ramp-value-at-time.d.ts.map,322
./node_modules/automation-events/build/es2019/functions/get-exponential-ramp-value-at-time.js,453
./node_modules/automation-events/build/es2019/functions/get-exponential-ramp-value-at-time.js.map,644
./node_modules/automation-events/build/es2019/functions/get-linear-ramp-value-at-time.d.ts,299
./node_modules/automation-events/build/es2019/functions/get-linear-ramp-value-at-time.d.ts.map,312
./node_modules/automation-events/build/es2019/functions/get-linear-ramp-value-at-time.js,266
./node_modules/automation-events/build/es2019/functions/get-linear-ramp-value-at-time.js.map,415
./node_modules/automation-events/build/es2019/functions/get-target-value-at-time.d.ts,272
./node_modules/automation-events/build/es2019/functions/get-target-value-at-time.d.ts.map,291
./node_modules/automation-events/build/es2019/functions/get-target-value-at-time.js,253
./node_modules/automation-events/build/es2019/functions/get-target-value-at-time.js.map,396
./node_modules/automation-events/build/es2019/functions/get-value-curve-value-at-time.d.ts,259
./node_modules/automation-events/build/es2019/functions/get-value-curve-value-at-time.d.ts.map,282
./node_modules/automation-events/build/es2019/functions/get-value-curve-value-at-time.js,336
./node_modules/automation-events/build/es2019/functions/get-value-curve-value-at-time.js.map,478
./node_modules/automation-events/build/es2019/functions/get-value-of-automation-event-at-index-at-time.d.ts,303
./node_modules/automation-events/build/es2019/functions/get-value-of-automation-event-at-index-at-time.d.ts.map,353
./node_modules/automation-events/build/es2019/functions/get-value-of-automation-event-at-index-at-time.js,1100
./node_modules/automation-events/build/es2019/functions/get-value-of-automation-event-at-index-at-time.js.map,921
./node_modules/automation-events/build/es2019/functions/interpolate-value.d.ts,155
./node_modules/automation-events/build/es2019/functions/interpolate-value.d.ts.map,223
./node_modules/automation-events/build/es2019/functions/interpolate-value.js,417
./node_modules/automation-events/build/es2019/functions/interpolate-value.js.map,576
./node_modules/automation-events/build/es2019/functions/truncate-value-curve.d.ts,209
./node_modules/automation-events/build/es2019/functions/truncate-value-curve.d.ts.map,273
./node_modules/automation-events/build/es2019/functions/truncate-value-curve.js,740
./node_modules/automation-events/build/es2019/functions/truncate-value-curve.js.map,904
./node_modules/automation-events/build/es2019/guards/any-ramp-to-value-automation-event.d.ts,404
./node_modules/automation-events/build/es2019/guards/any-ramp-to-value-automation-event.d.ts.map,354
./node_modules/automation-events/build/es2019/guards/any-ramp-to-value-automation-event.js,457
./node_modules/automation-events/build/es2019/guards/any-ramp-to-value-automation-event.js.map,398
./node_modules/automation-events/build/es2019/guards/cancel-and-hold-automation-event.d.ts,312
./node_modules/automation-events/build/es2019/guards/cancel-and-hold-automation-event.d.ts.map,324
./node_modules/automation-events/build/es2019/guards/cancel-and-hold-automation-event.js,185
./node_modules/automation-events/build/es2019/guards/cancel-and-hold-automation-event.js.map,279
./node_modules/automation-events/build/es2019/guards/cancel-scheduled-values-automation-event.d.ts,344
./node_modules/automation-events/build/es2019/guards/cancel-scheduled-values-automation-event.d.ts.map,342
./node_modules/automation-events/build/es2019/guards/cancel-scheduled-values-automation-event.js,209
./node_modules/automation-events/build/es2019/guards/cancel-scheduled-values-automation-event.js.map,298
./node_modules/automation-events/build/es2019/guards/exponential-ramp-to-value-automation-event.d.ts,349
./node_modules/automation-events/build/es2019/guards/exponential-ramp-to-value-automation-event.d.ts.map,346
./node_modules/automation-events/build/es2019/guards/exponential-ramp-to-value-automation-event.js,213
./node_modules/automation-events/build/es2019/guards/exponential-ramp-to-value-automation-event.js.map,302
./node_modules/automation-events/build/es2019/guards/linear-ramp-to-value-automation-event.d.ts,329
./node_modules/automation-events/build/es2019/guards/linear-ramp-to-value-automation-event.d.ts.map,336
./node_modules/automation-events/build/es2019/guards/linear-ramp-to-value-automation-event.js,198
./node_modules/automation-events/build/es2019/guards/linear-ramp-to-value-automation-event.js.map,292
./node_modules/automation-events/build/es2019/guards/set-target-automation-event.d.ts,295
./node_modules/automation-events/build/es2019/guards/set-target-automation-event.d.ts.map,314
./node_modules/automation-events/build/es2019/guards/set-target-automation-event.js,172
./node_modules/automation-events/build/es2019/guards/set-target-automation-event.js.map,269
./node_modules/automation-events/build/es2019/guards/set-value-automation-event.d.ts,291
./node_modules/automation-events/build/es2019/guards/set-value-automation-event.d.ts.map,312
./node_modules/automation-events/build/es2019/guards/set-value-automation-event.js,169
./node_modules/automation-events/build/es2019/guards/set-value-automation-event.js.map,267
./node_modules/automation-events/build/es2019/guards/set-value-curve-automation-event.d.ts,312
./node_modules/automation-events/build/es2019/guards/set-value-curve-automation-event.d.ts.map,324
./node_modules/automation-events/build/es2019/guards/set-value-curve-automation-event.js,185
./node_modules/automation-events/build/es2019/guards/set-value-curve-automation-event.js.map,279
./node_modules/automation-events/build/es2019/interfaces/cancel-and-hold-automation-event.d.ts,182
./node_modules/automation-events/build/es2019/interfaces/cancel-and-hold-automation-event.d.ts.map,274
./node_modules/automation-events/build/es2019/interfaces/cancel-and-hold-automation-event.js,71
./node_modules/automation-events/build/es2019/interfaces/cancel-and-hold-automation-event.js.map,173
./node_modules/automation-events/build/es2019/interfaces/cancel-scheduled-values-automation-event.d.ts,206
./node_modules/automation-events/build/es2019/interfaces/cancel-scheduled-values-automation-event.d.ts.map,292
./node_modules/automation-events/build/es2019/interfaces/cancel-scheduled-values-automation-event.js,79
./node_modules/automation-events/build/es2019/interfaces/cancel-scheduled-values-automation-event.js.map,189
./node_modules/automation-events/build/es2019/interfaces/exponential-ramp-to-value-automation-event.d.ts,235
./node_modules/automation-events/build/es2019/interfaces/exponential-ramp-to-value-automation-event.d.ts.map,332
./node_modules/automation-events/build/es2019/interfaces/exponential-ramp-to-value-automation-event.js,81
./node_modules/automation-events/build/es2019/interfaces/exponential-ramp-to-value-automation-event.js.map,193
./node_modules/automation-events/build/es2019/interfaces/extended-exponential-ramp-to-value-automation-event.d.ts,332
./node_modules/automation-events/build/es2019/interfaces/extended-exponential-ramp-to-value-automation-event.d.ts.map,333
./node_modules/automation-events/build/es2019/interfaces/extended-exponential-ramp-to-value-automation-event.js,90
./node_modules/automation-events/build/es2019/interfaces/extended-exponential-ramp-to-value-automation-event.js.map,211
./node_modules/automation-events/build/es2019/interfaces/extended-linear-ramp-to-value-automation-event.d.ts,307
./node_modules/automation-events/build/es2019/interfaces/extended-linear-ramp-to-value-automation-event.d.ts.map,323
./node_modules/automation-events/build/es2019/interfaces/extended-linear-ramp-to-value-automation-event.js,85
./node_modules/automation-events/build/es2019/interfaces/extended-linear-ramp-to-value-automation-event.js.map,201
./node_modules/automation-events/build/es2019/interfaces/index.d.ts,548
./node_modules/automation-events/build/es2019/interfaces/index.d.ts.map,326
./node_modules/automation-events/build/es2019/interfaces/index.js,546
./node_modules/automation-events/build/es2019/interfaces/index.js.map,324
./node_modules/automation-events/build/es2019/interfaces/linear-ramp-to-value-automation-event.d.ts,220
./node_modules/automation-events/build/es2019/interfaces/linear-ramp-to-value-automation-event.d.ts.map,322
./node_modules/automation-events/build/es2019/interfaces/linear-ramp-to-value-automation-event.js,76
./node_modules/automation-events/build/es2019/interfaces/linear-ramp-to-value-automation-event.js.map,183
./node_modules/automation-events/build/es2019/interfaces/set-target-automation-event.d.ts,232
./node_modules/automation-events/build/es2019/interfaces/set-target-automation-event.d.ts.map,336
./node_modules/automation-events/build/es2019/interfaces/set-target-automation-event.js,66
./node_modules/automation-events/build/es2019/interfaces/set-target-automation-event.js.map,163
./node_modules/automation-events/build/es2019/interfaces/set-value-automation-event.d.ts,193
./node_modules/automation-events/build/es2019/interfaces/set-value-automation-event.d.ts.map,298
./node_modules/automation-events/build/es2019/interfaces/set-value-automation-event.js,65
./node_modules/automation-events/build/es2019/interfaces/set-value-automation-event.js.map,161
./node_modules/automation-events/build/es2019/interfaces/set-value-curve-automation-event.d.ts,258
./node_modules/automation-events/build/es2019/interfaces/set-value-curve-automation-event.d.ts.map,361
./node_modules/automation-events/build/es2019/interfaces/set-value-curve-automation-event.js,71
./node_modules/automation-events/build/es2019/interfaces/set-value-curve-automation-event.js.map,173
./node_modules/automation-events/build/es2019/module.d.ts,1313
./node_modules/automation-events/build/es2019/module.d.ts.map,775
./node_modules/automation-events/build/es2019/module.js,1442
./node_modules/automation-events/build/es2019/module.js.map,785
./node_modules/automation-events/build/es2019/types/automation-event.d.ts,573
./node_modules/automation-events/build/es2019/types/automation-event.d.ts.map,377
./node_modules/automation-events/build/es2019/types/automation-event.js,55
./node_modules/automation-events/build/es2019/types/automation-event.js.map,136
./node_modules/automation-events/build/es2019/types/index.d.ts,118
./node_modules/automation-events/build/es2019/types/index.d.ts.map,160
./node_modules/automation-events/build/es2019/types/index.js,116
./node_modules/automation-events/build/es2019/types/index.js.map,158
./node_modules/automation-events/build/es2019/types/persistent-automation-event.d.ts,484
./node_modules/automation-events/build/es2019/types/persistent-automation-event.d.ts.map,347
./node_modules/automation-events/build/es2019/types/persistent-automation-event.js,66
./node_modules/automation-events/build/es2019/types/persistent-automation-event.js.map,158
./node_modules/automation-events/build/es5/bundle.js,18940
./node_modules/automation-events/build/node/classes/automation-event-list.js,12533
./node_modules/automation-events/build/node/functions/create-cancel-and-hold-automation-event.js,333
./node_modules/automation-events/build/node/functions/create-cancel-scheduled-values-automation-event.js,373
./node_modules/automation-events/build/node/functions/create-exponential-ramp-to-value-automation-event.js,392
./node_modules/automation-events/build/node/functions/create-extended-exponential-ramp-to-value-automation-event.js,452
./node_modules/automation-events/build/node/functions/create-extended-linear-ramp-to-value-automation-event.js,427
./node_modules/automation-events/build/node/functions/create-linear-ramp-to-value-automation-event.js,367
./node_modules/automation-events/build/node/functions/create-set-target-automation-event.js,365
./node_modules/automation-events/build/node/functions/create-set-value-automation-event.js,326
./node_modules/automation-events/build/node/functions/create-set-value-curve-automation-event.js,377
./node_modules/automation-events/build/node/functions/get-end-time-and-value-of-previous-automation-event.js,1607
./node_modules/automation-events/build/node/functions/get-event-time.js,1117
./node_modules/automation-events/build/node/functions/get-exponential-ramp-value-at-time.js,564
./node_modules/automation-events/build/node/functions/get-linear-ramp-value-at-time.js,385
./node_modules/automation-events/build/node/functions/get-target-value-at-time.js,369
./node_modules/automation-events/build/node/functions/get-value-curve-value-at-time.js,478
./node_modules/automation-events/build/node/functions/get-value-of-automation-event-at-index-at-time.js,1290
./node_modules/automation-events/build/node/functions/interpolate-value.js,510
./node_modules/automation-events/build/node/functions/truncate-value-curve.js,843
./node_modules/automation-events/build/node/guards/any-ramp-to-value-automation-event.js,667
./node_modules/automation-events/build/node/guards/cancel-and-hold-automation-event.js,315
./node_modules/automation-events/build/node/guards/cancel-scheduled-values-automation-event.js,355
./node_modules/automation-events/build/node/guards/exponential-ramp-to-value-automation-event.js,360
./node_modules/automation-events/build/node/guards/linear-ramp-to-value-automation-event.js,335
./node_modules/automation-events/build/node/guards/set-target-automation-event.js,295
./node_modules/automation-events/build/node/guards/set-value-automation-event.js,290
./node_modules/automation-events/build/node/guards/set-value-curve-automation-event.js,315
./node_modules/automation-events/build/node/interfaces/cancel-and-hold-automation-event.js,79
./node_modules/automation-events/build/node/interfaces/cancel-scheduled-values-automation-event.js,79
./node_modules/automation-events/build/node/interfaces/exponential-ramp-to-value-automation-event.js,79
./node_modules/automation-events/build/node/interfaces/extended-exponential-ramp-to-value-automation-event.js,79
./node_modules/automation-events/build/node/interfaces/extended-linear-ramp-to-value-automation-event.js,79
./node_modules/automation-events/build/node/interfaces/index.js,4275
./node_modules/automation-events/build/node/interfaces/linear-ramp-to-value-automation-event.js,79
./node_modules/automation-events/build/node/interfaces/set-target-automation-event.js,79
./node_modules/automation-events/build/node/interfaces/set-value-automation-event.js,79
./node_modules/automation-events/build/node/interfaces/set-value-curve-automation-event.js,79
./node_modules/automation-events/build/node/module.js,3714
./node_modules/automation-events/build/node/types/automation-event.js,79
./node_modules/automation-events/build/node/types/index.js,880
./node_modules/automation-events/build/node/types/persistent-automation-event.js,79
./node_modules/automation-events/package.json,3756
./node_modules/automation-events/src/classes/automation-event-list.ts,13179
./node_modules/automation-events/src/functions/create-cancel-and-hold-automation-event.ts,224
./node_modules/automation-events/src/functions/create-cancel-scheduled-values-automation-event.ts,256
./node_modules/automation-events/src/functions/create-exponential-ramp-to-value-automation-event.ts,276
./node_modules/automation-events/src/functions/create-extended-exponential-ramp-to-value-automation-event.ts,346
./node_modules/automation-events/src/functions/create-extended-linear-ramp-to-value-automation-event.ts,326
./node_modules/automation-events/src/functions/create-linear-ramp-to-value-automation-event.ts,256
./node_modules/automation-events/src/functions/create-set-target-automation-event.ts,266
./node_modules/automation-events/src/functions/create-set-value-automation-event.ts,224
./node_modules/automation-events/src/functions/create-set-value-curve-automation-event.ts,305
./node_modules/automation-events/src/functions/get-end-time-and-value-of-previous-automation-event.ts,1765
./node_modules/automation-events/src/functions/get-event-time.ts,918
./node_modules/automation-events/src/functions/get-exponential-ramp-value-at-time.ts,548
./node_modules/automation-events/src/functions/get-linear-ramp-value-at-time.ts,354
./node_modules/automation-events/src/functions/get-target-value-at-time.ts,326
./node_modules/automation-events/src/functions/get-value-curve-value-at-time.ts,391
./node_modules/automation-events/src/functions/get-value-of-automation-event-at-index-at-time.ts,1193
./node_modules/automation-events/src/functions/interpolate-value.ts,407
./node_modules/automation-events/src/functions/truncate-value-curve.ts,790
./node_modules/automation-events/src/guards/any-ramp-to-value-automation-event.ts,667
./node_modules/automation-events/src/guards/cancel-and-hold-automation-event.ts,302
./node_modules/automation-events/src/guards/cancel-scheduled-values-automation-event.ts,340
./node_modules/automation-events/src/guards/exponential-ramp-to-value-automation-event.ts,344
./node_modules/automation-events/src/guards/linear-ramp-to-value-automation-event.ts,324
./node_modules/automation-events/src/guards/set-target-automation-event.ts,286
./node_modules/automation-events/src/guards/set-value-automation-event.ts,282
./node_modules/automation-events/src/guards/set-value-curve-automation-event.ts,302
./node_modules/automation-events/src/interfaces/cancel-and-hold-automation-event.ts,121
./node_modules/automation-events/src/interfaces/cancel-scheduled-values-automation-event.ts,137
./node_modules/automation-events/src/interfaces/exponential-ramp-to-value-automation-event.ts,165
./node_modules/automation-events/src/interfaces/extended-exponential-ramp-to-value-automation-event.ts,252
./node_modules/automation-events/src/interfaces/extended-linear-ramp-to-value-automation-event.ts,232
./node_modules/automation-events/src/interfaces/index.ts,513
./node_modules/automation-events/src/interfaces/linear-ramp-to-value-automation-event.ts,155
./node_modules/automation-events/src/interfaces/set-target-automation-event.ts,178
./node_modules/automation-events/src/interfaces/set-value-automation-event.ts,139
./node_modules/automation-events/src/interfaces/set-value-curve-automation-event.ts,199
./node_modules/automation-events/src/module.ts,1417
./node_modules/automation-events/src/tsconfig.json,128
./node_modules/automation-events/src/types/automation-event.ts,586
./node_modules/automation-events/src/types/index.ts,83
./node_modules/automation-events/src/types/persistent-automation-event.ts,470
./node_modules/b4a/LICENSE,11357
./node_modules/b4a/README.md,4450
./node_modules/b4a/browser.js,13279
./node_modules/b4a/index.js,4054
./node_modules/b4a/lib/ascii.js,452
./node_modules/b4a/lib/base64.js,1476
./node_modules/b4a/lib/hex.js,1048
./node_modules/b4a/lib/utf16le.js,641
./node_modules/b4a/lib/utf8.js,2661
./node_modules/b4a/package.json,1140
./node_modules/b4a/react-native.js,105
./node_modules/bare-events/LICENSE,11357
./node_modules/bare-events/README.md,280
./node_modules/bare-events/global.d.ts,298
./node_modules/bare-events/global.js,101
./node_modules/bare-events/index.d.ts,2487
./node_modules/bare-events/index.js,7497
./node_modules/bare-events/lib/errors.js,711
./node_modules/bare-events/package.json,1177
./node_modules/bare-events/web.d.ts,1362
./node_modules/bare-events/web.js,7150
./node_modules/bare-fs/CMakeLists.txt,203
./node_modules/bare-fs/LICENSE,11357
./node_modules/bare-fs/README.md,354
./node_modules/bare-fs/binding.c,51173
./node_modules/bare-fs/binding.js,33
./node_modules/bare-fs/index.d.ts,28579
./node_modules/bare-fs/index.js,47472
./node_modules/bare-fs/lib/constants.d.ts,880
./node_modules/bare-fs/lib/constants.js,1494
./node_modules/bare-fs/lib/errors.d.ts,232
./node_modules/bare-fs/lib/errors.js,1197
./node_modules/bare-fs/package.json,1545
./node_modules/bare-fs/prebuilds/android-arm/bare-fs.bare,41304
./node_modules/bare-fs/prebuilds/android-arm64/bare-fs.bare,52136
./node_modules/bare-fs/prebuilds/android-ia32/bare-fs.bare,43440
./node_modules/bare-fs/prebuilds/android-x64/bare-fs.bare,47792
./node_modules/bare-fs/prebuilds/darwin-arm64/bare-fs.bare,75552
./node_modules/bare-fs/prebuilds/darwin-x64/bare-fs.bare,50248
./node_modules/bare-fs/prebuilds/ios-arm64-simulator/bare-fs.bare,75504
./node_modules/bare-fs/prebuilds/ios-arm64/bare-fs.bare,91208
./node_modules/bare-fs/prebuilds/ios-x64-simulator/bare-fs.bare,50184
./node_modules/bare-fs/prebuilds/linux-arm64/bare-fs.bare,46208
./node_modules/bare-fs/prebuilds/linux-x64/bare-fs.bare,45944
./node_modules/bare-fs/prebuilds/win32-arm64/bare-fs.bare,133632
./node_modules/bare-fs/prebuilds/win32-x64/bare-fs.bare,141824
./node_modules/bare-fs/promises.d.ts,7547
./node_modules/bare-fs/promises.js,1847
./node_modules/bare-os/CMakeLists.txt,204
./node_modules/bare-os/LICENSE,11357
./node_modules/bare-os/README.md,101
./node_modules/bare-os/binding.c,23105
./node_modules/bare-os/binding.js,33
./node_modules/bare-os/index.d.ts,2213
./node_modules/bare-os/index.js,2433
./node_modules/bare-os/lib/constants.js,113
./node_modules/bare-os/lib/errors.js,479
./node_modules/bare-os/package.json,1023
./node_modules/bare-os/prebuilds/android-arm/bare-os.bare,28228
./node_modules/bare-os/prebuilds/android-arm64/bare-os.bare,33320
./node_modules/bare-os/prebuilds/android-ia32/bare-os.bare,27804
./node_modules/bare-os/prebuilds/android-x64/bare-os.bare,31984
./node_modules/bare-os/prebuilds/darwin-arm64/bare-os.bare,71952
./node_modules/bare-os/prebuilds/darwin-x64/bare-os.bare,34384
./node_modules/bare-os/prebuilds/ios-arm64-simulator/bare-os.bare,71888
./node_modules/bare-os/prebuilds/ios-arm64/bare-os.bare,87624
./node_modules/bare-os/prebuilds/ios-x64-simulator/bare-os.bare,34320
./node_modules/bare-os/prebuilds/linux-arm64/bare-os.bare,31024
./node_modules/bare-os/prebuilds/linux-x64/bare-os.bare,31040
./node_modules/bare-os/prebuilds/win32-arm64/bare-os.bare,124416
./node_modules/bare-os/prebuilds/win32-x64/bare-os.bare,130048
./node_modules/bare-path/LICENSE,11357
./node_modules/bare-path/NOTICE,1174
./node_modules/bare-path/README.md,225
./node_modules/bare-path/index.js,306
./node_modules/bare-path/lib/constants.js,247
./node_modules/bare-path/lib/posix.js,5991
./node_modules/bare-path/lib/shared.js,1888
./node_modules/bare-path/lib/win32.js,13427
./node_modules/bare-path/package.json,796
./node_modules/bare-stream/LICENSE,11357
./node_modules/bare-stream/README.md,150
./node_modules/bare-stream/global.js,358
./node_modules/bare-stream/index.d.ts,5626
./node_modules/bare-stream/index.js,7658
./node_modules/bare-stream/package.json,1307
./node_modules/bare-stream/promises.js,77
./node_modules/bare-stream/web.d.ts,1825
./node_modules/bare-stream/web.js,5000
./node_modules/bare-url/CMakeLists.txt,469
./node_modules/bare-url/LICENSE,11357
./node_modules/bare-url/README.md,211
./node_modules/bare-url/binding.c,3839
./node_modules/bare-url/binding.js,33
./node_modules/bare-url/global.d.ts,291
./node_modules/bare-url/global.js,86
./node_modules/bare-url/index.d.ts,854
./node_modules/bare-url/index.js,8404
./node_modules/bare-url/lib/errors.d.ts,267
./node_modules/bare-url/lib/errors.js,881
./node_modules/bare-url/lib/url-search-params.d.ts,543
./node_modules/bare-url/lib/url-search-params.js,3883
./node_modules/bare-url/package.json,1104
./node_modules/bare-url/prebuilds/android-arm/bare-url.bare,46924
./node_modules/bare-url/prebuilds/android-arm64/bare-url.bare,63080
./node_modules/bare-url/prebuilds/android-ia32/bare-url.bare,62968
./node_modules/bare-url/prebuilds/android-x64/bare-url.bare,68992
./node_modules/bare-url/prebuilds/darwin-arm64/bare-url.bare,103424
./node_modules/bare-url/prebuilds/darwin-x64/bare-url.bare,73784
./node_modules/bare-url/prebuilds/ios-arm64-simulator/bare-url.bare,103424
./node_modules/bare-url/prebuilds/ios-arm64/bare-url.bare,118840
./node_modules/bare-url/prebuilds/ios-x64-simulator/bare-url.bare,73784
./node_modules/bare-url/prebuilds/linux-arm64/bare-url.bare,61864
./node_modules/bare-url/prebuilds/linux-x64/bare-url.bare,66608
./node_modules/bare-url/prebuilds/win32-arm64/bare-url.bare,164864
./node_modules/bare-url/prebuilds/win32-x64/bare-url.bare,173568
./node_modules/base64-js/LICENSE,1081
./node_modules/base64-js/README.md,1143
./node_modules/base64-js/base64js.min.js,2192
./node_modules/base64-js/index.d.ts,161
./node_modules/base64-js/index.js,3932
./node_modules/base64-js/package.json,1115
./node_modules/basic-auth/HISTORY.md,1052
./node_modules/basic-auth/LICENSE,1206
./node_modules/basic-auth/README.md,3192
./node_modules/basic-auth/index.js,2361
./node_modules/basic-auth/package.json,1084
./node_modules/basic-ftp/LICENSE.txt,1057
./node_modules/basic-ftp/README.md,12187
./node_modules/basic-ftp/dist/Client.d.ts,14778
./node_modules/basic-ftp/dist/Client.js,31509
./node_modules/basic-ftp/dist/FileInfo.d.ts,2488
./node_modules/basic-ftp/dist/FileInfo.js,3176
./node_modules/basic-ftp/dist/FtpContext.d.ts,6424
./node_modules/basic-ftp/dist/FtpContext.js,14848
./node_modules/basic-ftp/dist/ProgressTracker.d.ts,1632
./node_modules/basic-ftp/dist/ProgressTracker.js,2078
./node_modules/basic-ftp/dist/StringEncoding.d.ts,141
./node_modules/basic-ftp/dist/StringEncoding.js,77
./node_modules/basic-ftp/dist/StringWriter.d.ts,377
./node_modules/basic-ftp/dist/StringWriter.js,675
./node_modules/basic-ftp/dist/index.d.ts,242
./node_modules/basic-ftp/dist/index.js,1406
./node_modules/basic-ftp/dist/netUtils.d.ts,929
./node_modules/basic-ftp/dist/netUtils.js,2562
./node_modules/basic-ftp/dist/parseControlResponse.d.ts,1010
./node_modules/basic-ftp/dist/parseControlResponse.js,2504
./node_modules/basic-ftp/dist/parseList.d.ts,143
./node_modules/basic-ftp/dist/parseList.js,2754
./node_modules/basic-ftp/dist/parseListDOS.d.ts,436
./node_modules/basic-ftp/dist/parseListDOS.js,1846
./node_modules/basic-ftp/dist/parseListMLSD.d.ts,845
./node_modules/basic-ftp/dist/parseListMLSD.js,7942
./node_modules/basic-ftp/dist/parseListUnix.d.ts,453
./node_modules/basic-ftp/dist/parseListUnix.js,5781
./node_modules/basic-ftp/dist/transfer.d.ts,1327
./node_modules/basic-ftp/dist/transfer.js,13358
./node_modules/basic-ftp/package.json,1197
./node_modules/buffer-crc32/LICENSE,1085
./node_modules/buffer-crc32/README.md,1458
./node_modules/buffer-crc32/index.js,4517
./node_modules/buffer-crc32/package.json,892
./node_modules/buffer/AUTHORS.md,2672
./node_modules/buffer/LICENSE,1106
./node_modules/buffer/README.md,17300
./node_modules/buffer/index.d.ts,8755
./node_modules/buffer/index.js,50097
./node_modules/buffer/package.json,2597
./node_modules/call-bind-apply-helpers/.eslintrc,232
./node_modules/call-bind-apply-helpers/.github/FUNDING.yml,594
./node_modules/call-bind-apply-helpers/.nycrc,139
./node_modules/call-bind-apply-helpers/CHANGELOG.md,1938
./node_modules/call-bind-apply-helpers/LICENSE,1071
./node_modules/call-bind-apply-helpers/README.md,2330
./node_modules/call-bind-apply-helpers/actualApply.d.ts,23
./node_modules/call-bind-apply-helpers/actualApply.js,280
./node_modules/call-bind-apply-helpers/applyBind.d.ts,614
./node_modules/call-bind-apply-helpers/applyBind.js,264
./node_modules/call-bind-apply-helpers/functionApply.d.ts,34
./node_modules/call-bind-apply-helpers/functionApply.js,99
./node_modules/call-bind-apply-helpers/functionCall.d.ts,33
./node_modules/call-bind-apply-helpers/functionCall.js,97
./node_modules/call-bind-apply-helpers/index.d.ts,2226
./node_modules/call-bind-apply-helpers/index.js,511
./node_modules/call-bind-apply-helpers/package.json,2480
./node_modules/call-bind-apply-helpers/reflectApply.d.ts,82
./node_modules/call-bind-apply-helpers/reflectApply.js,132
./node_modules/call-bind-apply-helpers/test/index.js,2658
./node_modules/call-bind-apply-helpers/tsconfig.json,115
./node_modules/call-bound/.eslintrc,138
./node_modules/call-bound/.github/FUNDING.yml,581
./node_modules/call-bound/.nycrc,139
./node_modules/call-bound/CHANGELOG.md,2880
./node_modules/call-bound/LICENSE,1071
./node_modules/call-bound/README.md,1897
./node_modules/call-bound/index.d.ts,4651
./node_modules/call-bound/index.js,687
./node_modules/call-bound/package.json,2507
./node_modules/call-bound/test/index.js,2418
./node_modules/call-bound/tsconfig.json,137
./node_modules/callsites/index.d.ts,2351
./node_modules/callsites/index.js,363
./node_modules/callsites/license,1109
./node_modules/callsites/package.json,622
./node_modules/callsites/readme.md,1887
./node_modules/cannon/.jshintignore,102
./node_modules/cannon/.jshintrc,592
./node_modules/cannon/.npmignore,105
./node_modules/cannon/Gruntfile.js,2633
./node_modules/cannon/LICENSE,1125
./node_modules/cannon/README.markdown,4348
./node_modules/cannon/build/cannon.demo.js,38437
./node_modules/cannon/build/cannon.js,393458
./node_modules/cannon/build/cannon.min.js,132199
./node_modules/cannon/demos/README.markdown,135
./node_modules/cannon/demos/bodyTypes.html,2979
./node_modules/cannon/demos/bounce.html,3135
./node_modules/cannon/demos/bunny.html,3072
./node_modules/cannon/demos/callbacks.html,2368
./node_modules/cannon/demos/collisionFilter.html,3429
./node_modules/cannon/demos/collisions.html,4663
./node_modules/cannon/demos/compound.html,3881
./node_modules/cannon/demos/constraints.html,12734
./node_modules/cannon/demos/container.html,5158
./node_modules/cannon/demos/convex.html,5377
./node_modules/cannon/demos/css/style.css,93
./node_modules/cannon/demos/events.html,2113
./node_modules/cannon/demos/fixedRotation.html,2222
./node_modules/cannon/demos/friction.html,3338
./node_modules/cannon/demos/heightfield.html,2684
./node_modules/cannon/demos/hinge.html,5864
./node_modules/cannon/demos/impulses.html,3883
./node_modules/cannon/demos/jenga.html,2014
./node_modules/cannon/demos/js/bunny.js,39411
./node_modules/cannon/demos/pile.html,3664
./node_modules/cannon/demos/ragdoll.html,12831
./node_modules/cannon/demos/raycastVehicle.html,6756
./node_modules/cannon/demos/rigidVehicle.html,7871
./node_modules/cannon/demos/shapes.html,5744
./node_modules/cannon/demos/simpleFriction.html,3869
./node_modules/cannon/demos/singleBodyOnPlane.html,2129
./node_modules/cannon/demos/sleep.html,4331
./node_modules/cannon/demos/sph.html,4552
./node_modules/cannon/demos/splitSolver.html,3718
./node_modules/cannon/demos/spring.html,2004
./node_modules/cannon/demos/stacks.html,12582
./node_modules/cannon/demos/trimesh.html,4079
./node_modules/cannon/demos/tween.html,2511
./node_modules/cannon/docs/api.js,1382
./node_modules/cannon/docs/assets/css/external-small.png,491
./node_modules/cannon/docs/assets/css/logo.png,7143
./node_modules/cannon/docs/assets/css/main.css,18199
./node_modules/cannon/docs/assets/favicon.ico,5430
./node_modules/cannon/docs/assets/img/spinner.gif,2685
./node_modules/cannon/docs/assets/index.html,216
./node_modules/cannon/docs/assets/js/api-filter.js,1445
./node_modules/cannon/docs/assets/js/api-list.js,6568
./node_modules/cannon/docs/assets/js/api-search.js,2924
./node_modules/cannon/docs/assets/js/apidocs.js,10297
./node_modules/cannon/docs/assets/js/yui-prettify.js,482
./node_modules/cannon/docs/assets/vendor/prettify/CHANGES.html,6084
./node_modules/cannon/docs/assets/vendor/prettify/COPYING,11358
./node_modules/cannon/docs/assets/vendor/prettify/README.html,7912
./node_modules/cannon/docs/assets/vendor/prettify/prettify-min.css,675
./node_modules/cannon/docs/assets/vendor/prettify/prettify-min.js,17803
./node_modules/cannon/docs/classes/AABB.html,34292
./node_modules/cannon/docs/classes/ArrayCollisionMatrix.html,18055
./node_modules/cannon/docs/classes/Body.html,110749
./node_modules/cannon/docs/classes/Box.html,27792
./node_modules/cannon/docs/classes/Broadphase.html,34360
./node_modules/cannon/docs/classes/ConeEquation.html,38585
./node_modules/cannon/docs/classes/ConeTwistConstraint.html,33464
./node_modules/cannon/docs/classes/Constraint.html,21720
./node_modules/cannon/docs/classes/ContactEquation.html,40308
./node_modules/cannon/docs/classes/ContactMaterial.html,25610
./node_modules/cannon/docs/classes/ConvexPolyhedron.html,68131
./node_modules/cannon/docs/classes/Cylinder.html,65023
./node_modules/cannon/docs/classes/Demo.html,13780
./node_modules/cannon/docs/classes/DistanceConstraint.html,24506
./node_modules/cannon/docs/classes/Equation.html,33778
./node_modules/cannon/docs/classes/EventTarget.html,18997
./node_modules/cannon/docs/classes/FrictionEquation.html,35160
./node_modules/cannon/docs/classes/GSSolver.html,20019
./node_modules/cannon/docs/classes/GridBroadphase.html,38630
./node_modules/cannon/docs/classes/Heightfield.html,41965
./node_modules/cannon/docs/classes/HingeConstraint.html,41134
./node_modules/cannon/docs/classes/JacobianElement.html,16966
./node_modules/cannon/docs/classes/LockConstraint.html,32254
./node_modules/cannon/docs/classes/Mat3.html,34993
./node_modules/cannon/docs/classes/Material.html,16198
./node_modules/cannon/docs/classes/NaiveBroadphase.html,35764
./node_modules/cannon/docs/classes/Narrowphase.html,77804
./node_modules/cannon/docs/classes/ObjectCollisionMatrix.html,17923
./node_modules/cannon/docs/classes/Octree.html,24085
./node_modules/cannon/docs/classes/OctreeNode.html,14184
./node_modules/cannon/docs/classes/Particle.html,21540
./node_modules/cannon/docs/classes/Plane.html,20693
./node_modules/cannon/docs/classes/PointToPointConstraint.html,29497
./node_modules/cannon/docs/classes/Pool.html,16071
./node_modules/cannon/docs/classes/Quaternion.html,42996
./node_modules/cannon/docs/classes/Ray.html,57661
./node_modules/cannon/docs/classes/RaycastResult.html,27746
./node_modules/cannon/docs/classes/RaycastVehicle.html,37274
./node_modules/cannon/docs/classes/RigidVehicle.html,32139
./node_modules/cannon/docs/classes/RotationalEquation.html,36690
./node_modules/cannon/docs/classes/RotationalMotorEquation.html,38737
./node_modules/cannon/docs/classes/SAPBroadphase.html,47595
./node_modules/cannon/docs/classes/SPHSystem.html,18788
./node_modules/cannon/docs/classes/Shape.html,20857
./node_modules/cannon/docs/classes/Solver.html,16902
./node_modules/cannon/docs/classes/Sphere.html,22397
./node_modules/cannon/docs/classes/SplitSolver.html,18496
./node_modules/cannon/docs/classes/Spring.html,31746
./node_modules/cannon/docs/classes/Transform.html,23068
./node_modules/cannon/docs/classes/Trimesh.html,63734
./node_modules/cannon/docs/classes/TupleDictionary.html,16387
./node_modules/cannon/docs/classes/Vec3.html,63842
./node_modules/cannon/docs/classes/Vec3Pool.html,18977
./node_modules/cannon/docs/classes/WheelInfo.html,66931
./node_modules/cannon/docs/classes/World.html,81636
./node_modules/cannon/docs/classes/index.html,216
./node_modules/cannon/docs/data.json,349050
./node_modules/cannon/docs/files/index.html,216
./node_modules/cannon/docs/files/src_collision_AABB.js.html,15752
./node_modules/cannon/docs/files/src_collision_ArrayCollisionMatrix.js.html,10303
./node_modules/cannon/docs/files/src_collision_Broadphase.js.html,15026
./node_modules/cannon/docs/files/src_collision_GridBroadphase.js.html,15468
./node_modules/cannon/docs/files/src_collision_NaiveBroadphase.js.html,10676
./node_modules/cannon/docs/files/src_collision_ObjectCollisionMatrix.js.html,10106
./node_modules/cannon/docs/files/src_collision_Ray.js.html,32993
./node_modules/cannon/docs/files/src_collision_RaycastResult.js.html,11087
./node_modules/cannon/docs/files/src_collision_SAPBroadphase.js.html,16343
./node_modules/cannon/docs/files/src_constraints_ConeTwistConstraint.js.html,12009
./node_modules/cannon/docs/files/src_constraints_Constraint.js.html,10769
./node_modules/cannon/docs/files/src_constraints_DistanceConstraint.js.html,10479
./node_modules/cannon/docs/files/src_constraints_HingeConstraint.js.html,13099
./node_modules/cannon/docs/files/src_constraints_LockConstraint.js.html,11628
./node_modules/cannon/docs/files/src_constraints_PointToPointConstraint.js.html,11827
./node_modules/cannon/docs/files/src_demo_Demo.js.html,48320
./node_modules/cannon/docs/files/src_equations_ConeEquation.js.html,11010
./node_modules/cannon/docs/files/src_equations_ContactEquation.js.html,12724
./node_modules/cannon/docs/files/src_equations_Equation.js.html,15623
./node_modules/cannon/docs/files/src_equations_FrictionEquation.js.html,10516
./node_modules/cannon/docs/files/src_equations_RotationalEquation.js.html,10697
./node_modules/cannon/docs/files/src_equations_RotationalMotorEquation.js.html,10651
./node_modules/cannon/docs/files/src_material_ContactMaterial.js.html,11102
./node_modules/cannon/docs/files/src_material_Material.js.html,10310
./node_modules/cannon/docs/files/src_math_JacobianElement.js.html,9839
./node_modules/cannon/docs/files/src_math_Mat3.js.html,19295
./node_modules/cannon/docs/files/src_math_Quaternion.js.html,19943
./node_modules/cannon/docs/files/src_math_Transform.js.html,11474
./node_modules/cannon/docs/files/src_math_Vec3.js.html,18815
./node_modules/cannon/docs/files/src_objects_Body.js.html,30851
./node_modules/cannon/docs/files/src_objects_RaycastVehicle.js.html,31533
./node_modules/cannon/docs/files/src_objects_RigidVehicle.js.html,15143
./node_modules/cannon/docs/files/src_objects_SPHSystem.js.html,15227
./node_modules/cannon/docs/files/src_objects_Spring.js.html,14169
./node_modules/cannon/docs/files/src_objects_WheelInfo.js.html,16775
./node_modules/cannon/docs/files/src_shapes_Box.js.html,15102
./node_modules/cannon/docs/files/src_shapes_ConvexPolyhedron.js.html,38787
./node_modules/cannon/docs/files/src_shapes_Cylinder.js.html,11335
./node_modules/cannon/docs/files/src_shapes_Heightfield.js.html,22420
./node_modules/cannon/docs/files/src_shapes_Particle.js.html,9777
./node_modules/cannon/docs/files/src_shapes_Plane.js.html,10752
./node_modules/cannon/docs/files/src_shapes_Shape.js.html,11214
./node_modules/cannon/docs/files/src_shapes_Sphere.js.html,10291
./node_modules/cannon/docs/files/src_shapes_Trimesh.js.html,23526
./node_modules/cannon/docs/files/src_solver_GSSolver.js.html,12944
./node_modules/cannon/docs/files/src_solver_Solver.js.html,9932
./node_modules/cannon/docs/files/src_solver_SplitSolver.js.html,12863
./node_modules/cannon/docs/files/src_utils_EventTarget.js.html,11454
./node_modules/cannon/docs/files/src_utils_Octree.js.html,15003
./node_modules/cannon/docs/files/src_utils_Pool.js.html,9887
./node_modules/cannon/docs/files/src_utils_TupleDictionary.js.html,9985
./node_modules/cannon/docs/files/src_utils_Utils.js.html,9422
./node_modules/cannon/docs/files/src_utils_Vec3Pool.js.html,9272
./node_modules/cannon/docs/files/src_world_Narrowphase.js.html,69296
./node_modules/cannon/docs/files/src_world_World.js.html,37082
./node_modules/cannon/docs/index.html,9507
./node_modules/cannon/docs/modules/index.html,216
./node_modules/cannon/examples/README.markdown,2627
./node_modules/cannon/examples/js/PointerLockControls.js,4989
./node_modules/cannon/examples/js/VoxelLandscape.js,5824
./node_modules/cannon/examples/scenejs.html,6655
./node_modules/cannon/examples/sunflower.jpg,257917
./node_modules/cannon/examples/threejs.html,2190
./node_modules/cannon/examples/threejs_cloth.html,10666
./node_modules/cannon/examples/threejs_fps.html,15900
./node_modules/cannon/examples/threejs_mousepick.html,11801
./node_modules/cannon/examples/threejs_voxel_fps.html,15375
./node_modules/cannon/examples/worker.html,9151
./node_modules/cannon/images/bounce.png,35501
./node_modules/cannon/images/boxes.png,5135
./node_modules/cannon/images/bunny.png,66290
./node_modules/cannon/images/callbacks.png,37066
./node_modules/cannon/images/collisionFilter.png,5299
./node_modules/cannon/images/collisions.png,7825
./node_modules/cannon/images/compound.png,26598
./node_modules/cannon/images/constraints.png,50048
./node_modules/cannon/images/container.png,150351
./node_modules/cannon/images/container2.png,102913
./node_modules/cannon/images/convexhull.png,27982
./node_modules/cannon/images/events.png,28844
./node_modules/cannon/images/fixedRotation.png,5812
./node_modules/cannon/images/fps.png,15206
./node_modules/cannon/images/friction.png,18762
./node_modules/cannon/images/heightfield.png,15528
./node_modules/cannon/images/hinge.png,54635
./node_modules/cannon/images/impulses.png,6706
./node_modules/cannon/images/motionstates.png,29247
./node_modules/cannon/images/pile.png,55628
./node_modules/cannon/images/raycastVehicle.png,10586
./node_modules/cannon/images/rigidVehicle.png,14045
./node_modules/cannon/images/shapes.png,64539
./node_modules/cannon/images/single.png,3613
./node_modules/cannon/images/sleep.png,44976
./node_modules/cannon/images/sph.png,16404
./node_modules/cannon/images/splitSolver.png,61359
./node_modules/cannon/images/spring.png,5875
./node_modules/cannon/images/stack.png,9476
./node_modules/cannon/images/threejs.png,4281
./node_modules/cannon/images/threejs_cloth.png,24539
./node_modules/cannon/images/threejs_mousepick.png,6245
./node_modules/cannon/images/threejs_voxel_fps.png,8631
./node_modules/cannon/images/worker.png,7391
./node_modules/cannon/index.html,6653
./node_modules/cannon/libs/ConvexGeometry.js,5069
./node_modules/cannon/libs/Detector.js,1903
./node_modules/cannon/libs/Stats.js,2670
./node_modules/cannon/libs/Three.js,424406
./node_modules/cannon/libs/TrackballControls.js,15535
./node_modules/cannon/libs/dat.gui.js,97266
./node_modules/cannon/libs/scenejs.js,810230
./node_modules/cannon/libs/smoothie.js,15098
./node_modules/cannon/package.json,1024
./node_modules/cannon/src/Cannon.js,3419
./node_modules/cannon/src/collision/AABB.js,6663
./node_modules/cannon/src/collision/ArrayCollisionMatrix.js,1385
./node_modules/cannon/src/collision/Broadphase.js,6044
./node_modules/cannon/src/collision/GridBroadphase.js,6457
./node_modules/cannon/src/collision/NaiveBroadphase.js,1784
./node_modules/cannon/src/collision/ObjectCollisionMatrix.js,1189
./node_modules/cannon/src/collision/Ray.js,23785
./node_modules/cannon/src/collision/RaycastResult.js,2212
./node_modules/cannon/src/collision/SAPBroadphase.js,7340
./node_modules/cannon/src/constraints/ConeTwistConstraint.js,3038
./node_modules/cannon/src/constraints/Constraint.js,1880
./node_modules/cannon/src/constraints/DistanceConstraint.js,1560
./node_modules/cannon/src/constraints/HingeConstraint.js,4156
./node_modules/cannon/src/constraints/LockConstraint.js,2687
./node_modules/cannon/src/constraints/PointToPointConstraint.js,2900
./node_modules/cannon/src/demo/Demo.js,38437
./node_modules/cannon/src/equations/ConeEquation.js,2087
./node_modules/cannon/src/equations/ContactEquation.js,3805
./node_modules/cannon/src/equations/Equation.js,6718
./node_modules/cannon/src/equations/FrictionEquation.js,1615
./node_modules/cannon/src/equations/RotationalEquation.js,1782
./node_modules/cannon/src/equations/RotationalMotorEquation.js,1723
./node_modules/cannon/src/material/ContactMaterial.js,2225
./node_modules/cannon/src/material/Material.js,1387
./node_modules/cannon/src/math/JacobianElement.js,970
./node_modules/cannon/src/math/Mat3.js,10314
./node_modules/cannon/src/math/Quaternion.js,10902
./node_modules/cannon/src/math/Transform.js,2587
./node_modules/cannon/src/math/Vec3.js,9887
./node_modules/cannon/src/objects/Body.js,21654
./node_modules/cannon/src/objects/RaycastVehicle.js,22457
./node_modules/cannon/src/objects/RigidVehicle.js,6179
./node_modules/cannon/src/objects/SPHSystem.js,6267
./node_modules/cannon/src/objects/Spring.js,5293
./node_modules/cannon/src/objects/WheelInfo.js,7879
./node_modules/cannon/src/shapes/Box.js,6191
./node_modules/cannon/src/shapes/ConvexPolyhedron.js,29402
./node_modules/cannon/src/shapes/Cylinder.js,2434
./node_modules/cannon/src/shapes/Heightfield.js,13404
./node_modules/cannon/src/shapes/Particle.js,908
./node_modules/cannon/src/shapes/Plane.js,1889
./node_modules/cannon/src/shapes/Shape.js,2298
./node_modules/cannon/src/shapes/Sphere.js,1380
./node_modules/cannon/src/shapes/Trimesh.js,14462
./node_modules/cannon/src/solver/GSSolver.js,4053
./node_modules/cannon/src/solver/Solver.js,1087
./node_modules/cannon/src/solver/SplitSolver.js,3947
./node_modules/cannon/src/utils/EventTarget.js,2590
./node_modules/cannon/src/utils/Octree.js,6099
./node_modules/cannon/src/utils/Pool.js,1038
./node_modules/cannon/src/utils/TupleDictionary.js,1095
./node_modules/cannon/src/utils/Utils.js,581
./node_modules/cannon/src/utils/Vec3Pool.js,405
./node_modules/cannon/src/world/Narrowphase.js,59780
./node_modules/cannon/src/world/World.js,27756
./node_modules/cannon/test/AABB.js,4089
./node_modules/cannon/test/Body.js,4230
./node_modules/cannon/test/Box.js,1358
./node_modules/cannon/test/Constraint.js,684
./node_modules/cannon/test/ContactEquation.js,800
./node_modules/cannon/test/ConvexPolyhedron.js,6915
./node_modules/cannon/test/Heightfield.js,3911
./node_modules/cannon/test/HingeConstraint.js,2540
./node_modules/cannon/test/LockConstraint.js,1392
./node_modules/cannon/test/Mat3.js,6675
./node_modules/cannon/test/Narrowphase.js,2237
./node_modules/cannon/test/Octree.js,2798
./node_modules/cannon/test/Quaternion.js,2686
./node_modules/cannon/test/Ray.js,9722
./node_modules/cannon/test/RaycastVehicle.js,3686
./node_modules/cannon/test/Sphere.js,339
./node_modules/cannon/test/Trimesh.js,6048
./node_modules/cannon/test/TupleDictionary.js,788
./node_modules/cannon/test/Vec3.js,2236
./node_modules/cannon/test/World.js,11090
./node_modules/cannon/tools/threejs/CannonDebugRenderer.js,7874
./node_modules/cannon/tools/threejs/README.md,1136
./node_modules/cannon/tools/threejs/before-after.png,227131
./node_modules/cannon/tools/threejs/example.html,7696
./node_modules/cannon/util/cannon.serialize.js,2970
./node_modules/cannon/yuidoc.json,83
./node_modules/chalk/index.d.ts,8899
./node_modules/chalk/license,1109
./node_modules/chalk/node_modules/ansi-styles/index.d.ts,6349
./node_modules/chalk/node_modules/ansi-styles/index.js,4139
./node_modules/chalk/node_modules/ansi-styles/license,1109
./node_modules/chalk/node_modules/ansi-styles/package.json,1054
./node_modules/chalk/node_modules/ansi-styles/readme.md,4327
./node_modules/chalk/package.json,1197
./node_modules/chalk/readme.md,13365
./node_modules/chalk/source/index.js,6075
./node_modules/chalk/source/templates.js,3367
./node_modules/chalk/source/util.js,1035
./node_modules/chromium-bidi/.browser,19
./node_modules/chromium-bidi/LICENSE,11357
./node_modules/chromium-bidi/README.md,12475
./node_modules/chromium-bidi/lib/THIRD_PARTY_NOTICES,3573
./node_modules/chromium-bidi/lib/cjs/bidiMapper/BidiMapper.d.ts,1316
./node_modules/chromium-bidi/lib/cjs/bidiMapper/BidiMapper.js,1662
./node_modules/chromium-bidi/lib/cjs/bidiMapper/BidiMapper.js.map,272
./node_modules/chromium-bidi/lib/cjs/bidiMapper/BidiNoOpParser.d.ts,3839
./node_modules/chromium-bidi/lib/cjs/bidiMapper/BidiNoOpParser.js,4018
./node_modules/chromium-bidi/lib/cjs/bidiMapper/BidiNoOpParser.js.map,2565
./node_modules/chromium-bidi/lib/cjs/bidiMapper/BidiParser.d.ts,3742
./node_modules/chromium-bidi/lib/cjs/bidiMapper/BidiParser.js,751
./node_modules/chromium-bidi/lib/cjs/bidiMapper/BidiParser.js.map,153
./node_modules/chromium-bidi/lib/cjs/bidiMapper/BidiServer.d.ts,1933
./node_modules/chromium-bidi/lib/cjs/bidiMapper/BidiServer.js,6155
./node_modules/chromium-bidi/lib/cjs/bidiMapper/BidiServer.js.map,3759
./node_modules/chromium-bidi/lib/cjs/bidiMapper/BidiTransport.d.ts,919
./node_modules/chromium-bidi/lib/cjs/bidiMapper/BidiTransport.js,754
./node_modules/chromium-bidi/lib/cjs/bidiMapper/BidiTransport.js.map,159
./node_modules/chromium-bidi/lib/cjs/bidiMapper/CommandProcessor.d.ts,2214
./node_modules/chromium-bidi/lib/cjs/bidiMapper/CommandProcessor.js,13846
./node_modules/chromium-bidi/lib/cjs/bidiMapper/CommandProcessor.js.map,8942
./node_modules/chromium-bidi/lib/cjs/bidiMapper/OutgoingMessage.d.ts,1239
./node_modules/chromium-bidi/lib/cjs/bidiMapper/OutgoingMessage.js,1663
./node_modules/chromium-bidi/lib/cjs/bidiMapper/OutgoingMessage.js.map,943
./node_modules/chromium-bidi/lib/cjs/bidiMapper/modules/browser/BrowserProcessor.d.ts,1145
./node_modules/chromium-bidi/lib/cjs/bidiMapper/modules/browser/BrowserProcessor.js,3110
./node_modules/chromium-bidi/lib/cjs/bidiMapper/modules/browser/BrowserProcessor.js.map,1720
./node_modules/chromium-bidi/lib/cjs/bidiMapper/modules/cdp/CdpProcessor.d.ts,1348
./node_modules/chromium-bidi/lib/cjs/bidiMapper/modules/cdp/CdpProcessor.js,2271
./node_modules/chromium-bidi/lib/cjs/bidiMapper/modules/cdp/CdpProcessor.js.map,1437
./node_modules/chromium-bidi/lib/cjs/bidiMapper/modules/cdp/CdpTarget.d.ts,2262
./node_modules/chromium-bidi/lib/cjs/bidiMapper/modules/cdp/CdpTarget.js,9538
./node_modules/chromium-bidi/lib/cjs/bidiMapper/modules/cdp/CdpTarget.js.map,6549
./node_modules/chromium-bidi/lib/cjs/bidiMapper/modules/cdp/CdpTargetManager.d.ts,1061
./node_modules/chromium-bidi/lib/cjs/bidiMapper/modules/cdp/CdpTargetManager.js,10941
./node_modules/chromium-bidi/lib/cjs/bidiMapper/modules/cdp/CdpTargetManager.js.map,7321
./node_modules/chromium-bidi/lib/cjs/bidiMapper/modules/context/BrowsingContextImpl.d.ts,4400
./node_modules/chromium-bidi/lib/cjs/bidiMapper/modules/context/BrowsingContextImpl.js,58490
./node_modules/chromium-bidi/lib/cjs/bidiMapper/modules/context/BrowsingContextImpl.js.map,39278
./node_modules/chromium-bidi/lib/cjs/bidiMapper/modules/context/BrowsingContextProcessor.d.ts,1603
./node_modules/chromium-bidi/lib/cjs/bidiMapper/modules/context/BrowsingContextProcessor.js,9179
./node_modules/chromium-bidi/lib/cjs/bidiMapper/modules/context/BrowsingContextProcessor.js.map,6481
./node_modules/chromium-bidi/lib/cjs/bidiMapper/modules/context/BrowsingContextStorage.d.ts,2182
./node_modules/chromium-bidi/lib/cjs/bidiMapper/modules/context/BrowsingContextStorage.js,3496
./node_modules/chromium-bidi/lib/cjs/bidiMapper/modules/context/BrowsingContextStorage.js.map,2281
./node_modules/chromium-bidi/lib/cjs/bidiMapper/modules/input/ActionDispatcher.d.ts,1220
./node_modules/chromium-bidi/lib/cjs/bidiMapper/modules/input/ActionDispatcher.js,28269
./node_modules/chromium-bidi/lib/cjs/bidiMapper/modules/input/ActionDispatcher.js.map,21221
./node_modules/chromium-bidi/lib/cjs/bidiMapper/modules/input/ActionOption.d.ts,913
./node_modules/chromium-bidi/lib/cjs/bidiMapper/modules/input/ActionOption.js,753
./node_modules/chromium-bidi/lib/cjs/bidiMapper/modules/input/ActionOption.js.map,177
./node_modules/chromium-bidi/lib/cjs/bidiMapper/modules/input/InputProcessor.d.ts,601
./node_modules/chromium-bidi/lib/cjs/bidiMapper/modules/input/InputProcessor.js,9304
./node_modules/chromium-bidi/lib/cjs/bidiMapper/modules/input/InputProcessor.js.map,6644
./node_modules/chromium-bidi/lib/cjs/bidiMapper/modules/input/InputSource.d.ts,2445
./node_modules/chromium-bidi/lib/cjs/bidiMapper/modules/input/InputSource.js,4734
./node_modules/chromium-bidi/lib/cjs/bidiMapper/modules/input/InputSource.js.map,3358
./node_modules/chromium-bidi/lib/cjs/bidiMapper/modules/input/InputState.d.ts,1269
./node_modules/chromium-bidi/lib/cjs/bidiMapper/modules/input/InputState.js,3739
./node_modules/chromium-bidi/lib/cjs/bidiMapper/modules/input/InputState.js.map,2344
./node_modules/chromium-bidi/lib/cjs/bidiMapper/modules/input/InputStateManager.d.ts,903
./node_modules/chromium-bidi/lib/cjs/bidiMapper/modules/input/InputStateManager.js,1343
./node_modules/chromium-bidi/lib/cjs/bidiMapper/modules/input/InputStateManager.js.map,545
./node_modules/chromium-bidi/lib/cjs/bidiMapper/modules/input/USKeyboardLayout.d.ts,707
./node_modules/chromium-bidi/lib/cjs/bidiMapper/modules/input/USKeyboardLayout.js,4700
./node_modules/chromium-bidi/lib/cjs/bidiMapper/modules/input/USKeyboardLayout.js.map,5261
./node_modules/chromium-bidi/lib/cjs/bidiMapper/modules/input/keyUtils.d.ts,1233
./node_modules/chromium-bidi/lib/cjs/bidiMapper/modules/input/keyUtils.js,12426
./node_modules/chromium-bidi/lib/cjs/bidiMapper/modules/input/keyUtils.js.map,8652
./node_modules/chromium-bidi/lib/cjs/bidiMapper/modules/log/LogManager.d.ts,441
./node_modules/chromium-bidi/lib/cjs/bidiMapper/modules/log/LogManager.js,6138
./node_modules/chromium-bidi/lib/cjs/bidiMapper/modules/log/LogManager.js.map,4401
./node_modules/chromium-bidi/lib/cjs/bidiMapper/modules/log/logHelper.d.ts,1007
./node_modules/chromium-bidi/lib/cjs/bidiMapper/modules/log/logHelper.js,5742
./node_modules/chromium-bidi/lib/cjs/bidiMapper/modules/log/logHelper.js.map,4657
./node_modules/chromium-bidi/lib/cjs/bidiMapper/modules/network/NetworkProcessor.d.ts,2165
./node_modules/chromium-bidi/lib/cjs/bidiMapper/modules/network/NetworkProcessor.js,12042
./node_modules/chromium-bidi/lib/cjs/bidiMapper/modules/network/NetworkProcessor.js.map,8289
./node_modules/chromium-bidi/lib/cjs/bidiMapper/modules/network/NetworkRequest.d.ts,2894
./node_modules/chromium-bidi/lib/cjs/bidiMapper/modules/network/NetworkRequest.js,29581
./node_modules/chromium-bidi/lib/cjs/bidiMapper/modules/network/NetworkRequest.js.map,20816
./node_modules/chromium-bidi/lib/cjs/bidiMapper/modules/network/NetworkStorage.d.ts,2000
./node_modules/chromium-bidi/lib/cjs/bidiMapper/modules/network/NetworkStorage.js,8043
./node_modules/chromium-bidi/lib/cjs/bidiMapper/modules/network/NetworkStorage.js.map,5740
./node_modules/chromium-bidi/lib/cjs/bidiMapper/modules/network/NetworkUtils.d.ts,3248
./node_modules/chromium-bidi/lib/cjs/bidiMapper/modules/network/NetworkUtils.js,10547
./node_modules/chromium-bidi/lib/cjs/bidiMapper/modules/network/NetworkUtils.js.map,7237
./node_modules/chromium-bidi/lib/cjs/bidiMapper/modules/permissions/PermissionsProcessor.d.ts,973
./node_modules/chromium-bidi/lib/cjs/bidiMapper/modules/permissions/PermissionsProcessor.js,2036
./node_modules/chromium-bidi/lib/cjs/bidiMapper/modules/permissions/PermissionsProcessor.js.map,977
./node_modules/chromium-bidi/lib/cjs/bidiMapper/modules/script/ChannelProxy.d.ts,1375
./node_modules/chromium-bidi/lib/cjs/bidiMapper/modules/script/ChannelProxy.js,10194
./node_modules/chromium-bidi/lib/cjs/bidiMapper/modules/script/ChannelProxy.js.map,5313
./node_modules/chromium-bidi/lib/cjs/bidiMapper/modules/script/PreloadScript.d.ts,1704
./node_modules/chromium-bidi/lib/cjs/bidiMapper/modules/script/PreloadScript.js,4779
./node_modules/chromium-bidi/lib/cjs/bidiMapper/modules/script/PreloadScript.js.map,2547
./node_modules/chromium-bidi/lib/cjs/bidiMapper/modules/script/PreloadScriptStorage.d.ts,722
./node_modules/chromium-bidi/lib/cjs/bidiMapper/modules/script/PreloadScriptStorage.js,1543
./node_modules/chromium-bidi/lib/cjs/bidiMapper/modules/script/PreloadScriptStorage.js.map,1265
./node_modules/chromium-bidi/lib/cjs/bidiMapper/modules/script/Realm.d.ts,3884
./node_modules/chromium-bidi/lib/cjs/bidiMapper/modules/script/Realm.js,20893
./node_modules/chromium-bidi/lib/cjs/bidiMapper/modules/script/Realm.js.map,14196
./node_modules/chromium-bidi/lib/cjs/bidiMapper/modules/script/RealmStorage.d.ts,1688
./node_modules/chromium-bidi/lib/cjs/bidiMapper/modules/script/RealmStorage.js,3067
./node_modules/chromium-bidi/lib/cjs/bidiMapper/modules/script/RealmStorage.js.map,2589
./node_modules/chromium-bidi/lib/cjs/bidiMapper/modules/script/ScriptProcessor.d.ts,1701
./node_modules/chromium-bidi/lib/cjs/bidiMapper/modules/script/ScriptProcessor.js,3980
./node_modules/chromium-bidi/lib/cjs/bidiMapper/modules/script/ScriptProcessor.js.map,3227
./node_modules/chromium-bidi/lib/cjs/bidiMapper/modules/script/SharedId.d.ts,258
./node_modules/chromium-bidi/lib/cjs/bidiMapper/modules/script/SharedId.js,2411
./node_modules/chromium-bidi/lib/cjs/bidiMapper/modules/script/SharedId.js.map,1647
./node_modules/chromium-bidi/lib/cjs/bidiMapper/modules/script/WindowRealm.d.ts,2646
./node_modules/chromium-bidi/lib/cjs/bidiMapper/modules/script/WindowRealm.js,6727
./node_modules/chromium-bidi/lib/cjs/bidiMapper/modules/script/WindowRealm.js.map,4371
./node_modules/chromium-bidi/lib/cjs/bidiMapper/modules/script/WorkerRealm.d.ts,1751
./node_modules/chromium-bidi/lib/cjs/bidiMapper/modules/script/WorkerRealm.js,2579
./node_modules/chromium-bidi/lib/cjs/bidiMapper/modules/script/WorkerRealm.js.map,1580
./node_modules/chromium-bidi/lib/cjs/bidiMapper/modules/session/EventManager.d.ts,2496
./node_modules/chromium-bidi/lib/cjs/bidiMapper/modules/session/EventManager.js,9669
./node_modules/chromium-bidi/lib/cjs/bidiMapper/modules/session/EventManager.js.map,6122
./node_modules/chromium-bidi/lib/cjs/bidiMapper/modules/session/SessionProcessor.d.ts,1340
./node_modules/chromium-bidi/lib/cjs/bidiMapper/modules/session/SessionProcessor.js,2246
./node_modules/chromium-bidi/lib/cjs/bidiMapper/modules/session/SessionProcessor.js.map,1269
./node_modules/chromium-bidi/lib/cjs/bidiMapper/modules/session/SubscriptionManager.d.ts,2959
./node_modules/chromium-bidi/lib/cjs/bidiMapper/modules/session/SubscriptionManager.js,11925
./node_modules/chromium-bidi/lib/cjs/bidiMapper/modules/session/SubscriptionManager.js.map,8026
./node_modules/chromium-bidi/lib/cjs/bidiMapper/modules/session/events.d.ts,1065
./node_modules/chromium-bidi/lib/cjs/bidiMapper/modules/session/events.js,1446
./node_modules/chromium-bidi/lib/cjs/bidiMapper/modules/session/events.js.map,603
./node_modules/chromium-bidi/lib/cjs/bidiMapper/modules/storage/StorageProcessor.d.ts,772
./node_modules/chromium-bidi/lib/cjs/bidiMapper/modules/storage/StorageProcessor.js,8956
./node_modules/chromium-bidi/lib/cjs/bidiMapper/modules/storage/StorageProcessor.js.map,6109
./node_modules/chromium-bidi/lib/cjs/bidiServer/BrowserInstance.d.ts,1045
./node_modules/chromium-bidi/lib/cjs/bidiServer/BrowserInstance.js,5335
./node_modules/chromium-bidi/lib/cjs/bidiServer/BrowserInstance.js.map,2495
./node_modules/chromium-bidi/lib/cjs/bidiServer/MapperCdpConnection.d.ts,1137
./node_modules/chromium-bidi/lib/cjs/bidiServer/MapperCdpConnection.js,6387
./node_modules/chromium-bidi/lib/cjs/bidiServer/MapperCdpConnection.js.map,4553
./node_modules/chromium-bidi/lib/cjs/bidiServer/SimpleTransport.d.ts,519
./node_modules/chromium-bidi/lib/cjs/bidiServer/SimpleTransport.js,1430
./node_modules/chromium-bidi/lib/cjs/bidiServer/SimpleTransport.js.map,443
./node_modules/chromium-bidi/lib/cjs/bidiServer/WebSocketServer.d.ts,179
./node_modules/chromium-bidi/lib/cjs/bidiServer/WebSocketServer.js,18996
./node_modules/chromium-bidi/lib/cjs/bidiServer/WebSocketServer.js.map,12061
./node_modules/chromium-bidi/lib/cjs/bidiServer/index.d.ts,799
./node_modules/chromium-bidi/lib/cjs/bidiServer/index.js,2198
./node_modules/chromium-bidi/lib/cjs/bidiServer/index.js.map,1111
./node_modules/chromium-bidi/lib/cjs/bidiServer/reader.d.ts,699
./node_modules/chromium-bidi/lib/cjs/bidiServer/reader.js,1197
./node_modules/chromium-bidi/lib/cjs/bidiServer/reader.js.map,319
./node_modules/chromium-bidi/lib/cjs/bidiTab/BidiParser.d.ts,3847
./node_modules/chromium-bidi/lib/cjs/bidiTab/BidiParser.js,6041
./node_modules/chromium-bidi/lib/cjs/bidiTab/BidiParser.js.map,3898
./node_modules/chromium-bidi/lib/cjs/bidiTab/Transport.d.ts,1426
./node_modules/chromium-bidi/lib/cjs/bidiTab/Transport.js,4939
./node_modules/chromium-bidi/lib/cjs/bidiTab/Transport.js.map,4031
./node_modules/chromium-bidi/lib/cjs/bidiTab/bidiTab.d.ts,1177
./node_modules/chromium-bidi/lib/cjs/bidiTab/bidiTab.js,2600
./node_modules/chromium-bidi/lib/cjs/bidiTab/bidiTab.js.map,948
./node_modules/chromium-bidi/lib/cjs/bidiTab/mapperTabPage.d.ts,813
./node_modules/chromium-bidi/lib/cjs/bidiTab/mapperTabPage.js,3437
./node_modules/chromium-bidi/lib/cjs/bidiTab/mapperTabPage.js.map,1552
./node_modules/chromium-bidi/lib/cjs/cdp/CdpClient.d.ts,2705
./node_modules/chromium-bidi/lib/cjs/cdp/CdpClient.js,1623
./node_modules/chromium-bidi/lib/cjs/cdp/CdpClient.js.map,709
./node_modules/chromium-bidi/lib/cjs/cdp/CdpConnection.d.ts,2002
./node_modules/chromium-bidi/lib/cjs/cdp/CdpConnection.js,4958
./node_modules/chromium-bidi/lib/cjs/cdp/CdpConnection.js.map,3790
./node_modules/chromium-bidi/lib/cjs/cdp/cdpMessage.d.ts,1159
./node_modules/chromium-bidi/lib/cjs/cdp/cdpMessage.js,115
./node_modules/chromium-bidi/lib/cjs/cdp/cdpMessage.js.map,122
./node_modules/chromium-bidi/lib/cjs/protocol-parser/generated/webdriver-bidi-permissions.d.ts,5066
./node_modules/chromium-bidi/lib/cjs/protocol-parser/generated/webdriver-bidi-permissions.js,2557
./node_modules/chromium-bidi/lib/cjs/protocol-parser/generated/webdriver-bidi-permissions.js.map,1256
./node_modules/chromium-bidi/lib/cjs/protocol-parser/generated/webdriver-bidi.d.ts,1947900
./node_modules/chromium-bidi/lib/cjs/protocol-parser/generated/webdriver-bidi.js,101233
./node_modules/chromium-bidi/lib/cjs/protocol-parser/generated/webdriver-bidi.js.map,83152
./node_modules/chromium-bidi/lib/cjs/protocol-parser/protocol-parser.d.ts,6160
./node_modules/chromium-bidi/lib/cjs/protocol-parser/protocol-parser.js,13942
./node_modules/chromium-bidi/lib/cjs/protocol-parser/protocol-parser.js.map,7126
./node_modules/chromium-bidi/lib/cjs/protocol/ErrorResponse.d.ts,4014
./node_modules/chromium-bidi/lib/cjs/protocol/ErrorResponse.js,7624
./node_modules/chromium-bidi/lib/cjs/protocol/ErrorResponse.js.map,3500
./node_modules/chromium-bidi/lib/cjs/protocol/cdp.d.ts,2800
./node_modules/chromium-bidi/lib/cjs/protocol/cdp.js,108
./node_modules/chromium-bidi/lib/cjs/protocol/cdp.js.map,113
./node_modules/chromium-bidi/lib/cjs/protocol/chromium-bidi.d.ts,3286
./node_modules/chromium-bidi/lib/cjs/protocol/chromium-bidi.js,4026
./node_modules/chromium-bidi/lib/cjs/protocol/chromium-bidi.js.map,1791
./node_modules/chromium-bidi/lib/cjs/protocol/generated/webdriver-bidi-permissions.d.ts,1555
./node_modules/chromium-bidi/lib/cjs/protocol/generated/webdriver-bidi-permissions.js,767
./node_modules/chromium-bidi/lib/cjs/protocol/generated/webdriver-bidi-permissions.js.map,196
./node_modules/chromium-bidi/lib/cjs/protocol/generated/webdriver-bidi.d.ts,57732
./node_modules/chromium-bidi/lib/cjs/protocol/generated/webdriver-bidi.js,755
./node_modules/chromium-bidi/lib/cjs/protocol/generated/webdriver-bidi.js.map,172
./node_modules/chromium-bidi/lib/cjs/protocol/protocol.d.ts,863
./node_modules/chromium-bidi/lib/cjs/protocol/protocol.js,2337
./node_modules/chromium-bidi/lib/cjs/protocol/protocol.js.map,239
./node_modules/chromium-bidi/lib/cjs/utils/Base64.d.ts,876
./node_modules/chromium-bidi/lib/cjs/utils/Base64.js,1245
./node_modules/chromium-bidi/lib/cjs/utils/Base64.js.map,404
./node_modules/chromium-bidi/lib/cjs/utils/Buffer.d.ts,978
./node_modules/chromium-bidi/lib/cjs/utils/Buffer.js,1495
./node_modules/chromium-bidi/lib/cjs/utils/Buffer.js.map,726
./node_modules/chromium-bidi/lib/cjs/utils/CdpErrorConstants.d.ts,888
./node_modules/chromium-bidi/lib/cjs/utils/CdpErrorConstants.js,758
./node_modules/chromium-bidi/lib/cjs/utils/CdpErrorConstants.js.map,162
./node_modules/chromium-bidi/lib/cjs/utils/DefaultMap.d.ts,1031
./node_modules/chromium-bidi/lib/cjs/utils/DefaultMap.js,1424
./node_modules/chromium-bidi/lib/cjs/utils/DefaultMap.js.map,568
./node_modules/chromium-bidi/lib/cjs/utils/Deferred.d.ts,1281
./node_modules/chromium-bidi/lib/cjs/utils/Deferred.js,2124
./node_modules/chromium-bidi/lib/cjs/utils/Deferred.js.map,1457
./node_modules/chromium-bidi/lib/cjs/utils/DistinctValues.d.ts,553
./node_modules/chromium-bidi/lib/cjs/utils/DistinctValues.js,2039
./node_modules/chromium-bidi/lib/cjs/utils/DistinctValues.js.map,1020
./node_modules/chromium-bidi/lib/cjs/utils/EventEmitter.d.ts,2592
./node_modules/chromium-bidi/lib/cjs/utils/EventEmitter.js,2516
./node_modules/chromium-bidi/lib/cjs/utils/EventEmitter.js.map,1088
./node_modules/chromium-bidi/lib/cjs/utils/GraphemeTools.d.ts,334
./node_modules/chromium-bidi/lib/cjs/utils/GraphemeTools.js,1549
./node_modules/chromium-bidi/lib/cjs/utils/GraphemeTools.js.map,558
./node_modules/chromium-bidi/lib/cjs/utils/IdWrapper.d.ts,795
./node_modules/chromium-bidi/lib/cjs/utils/IdWrapper.js,1045
./node_modules/chromium-bidi/lib/cjs/utils/IdWrapper.js.map,360
./node_modules/chromium-bidi/lib/cjs/utils/Mutex.d.ts,1113
./node_modules/chromium-bidi/lib/cjs/utils/Mutex.js,2280
./node_modules/chromium-bidi/lib/cjs/utils/Mutex.js.map,1272
./node_modules/chromium-bidi/lib/cjs/utils/ProcessingQueue.d.ts,959
./node_modules/chromium-bidi/lib/cjs/utils/ProcessingQueue.js,2368
./node_modules/chromium-bidi/lib/cjs/utils/ProcessingQueue.js.map,1570
./node_modules/chromium-bidi/lib/cjs/utils/UrlPattern.d.ts,782
./node_modules/chromium-bidi/lib/cjs/utils/UrlPattern.js,1122
./node_modules/chromium-bidi/lib/cjs/utils/UrlPattern.js.map,323
./node_modules/chromium-bidi/lib/cjs/utils/WebsocketTransport.d.ts,957
./node_modules/chromium-bidi/lib/cjs/utils/WebsocketTransport.js,1320
./node_modules/chromium-bidi/lib/cjs/utils/WebsocketTransport.js.map,687
./node_modules/chromium-bidi/lib/cjs/utils/assert.d.ts,722
./node_modules/chromium-bidi/lib/cjs/utils/assert.js,906
./node_modules/chromium-bidi/lib/cjs/utils/assert.js.map,295
./node_modules/chromium-bidi/lib/cjs/utils/log.d.ts,918
./node_modules/chromium-bidi/lib/cjs/utils/log.js,1076
./node_modules/chromium-bidi/lib/cjs/utils/log.js.map,314
./node_modules/chromium-bidi/lib/cjs/utils/result.d.ts,750
./node_modules/chromium-bidi/lib/cjs/utils/result.js,747
./node_modules/chromium-bidi/lib/cjs/utils/result.js.map,140
./node_modules/chromium-bidi/lib/cjs/utils/transport.d.ts,948
./node_modules/chromium-bidi/lib/cjs/utils/transport.js,750
./node_modules/chromium-bidi/lib/cjs/utils/transport.js.map,146
./node_modules/chromium-bidi/lib/cjs/utils/unitConversions.d.ts,753
./node_modules/chromium-bidi/lib/cjs/utils/unitConversions.js,904
./node_modules/chromium-bidi/lib/cjs/utils/unitConversions.js.map,251
./node_modules/chromium-bidi/lib/cjs/utils/uuid.d.ts,931
./node_modules/chromium-bidi/lib/cjs/utils/uuid.js,2488
./node_modules/chromium-bidi/lib/cjs/utils/uuid.js.map,1447
./node_modules/chromium-bidi/lib/iife/mapperTab.js,732715
./node_modules/chromium-bidi/lib/iife/mapperTab.js.map,4035850
./node_modules/chromium-bidi/package.json,4873
./node_modules/cliui/CHANGELOG.md,4572
./node_modules/cliui/LICENSE.txt,731
./node_modules/cliui/README.md,2998
./node_modules/cliui/build/index.cjs,9953
./node_modules/cliui/build/index.d.cts,1050
./node_modules/cliui/build/lib/index.js,9667
./node_modules/cliui/build/lib/string-utils.js,1011
./node_modules/cliui/index.mjs,309
./node_modules/cliui/node_modules/ansi-regex/index.d.ts,744
./node_modules/cliui/node_modules/ansi-regex/index.js,350
./node_modules/cliui/node_modules/ansi-regex/license,1109
./node_modules/cliui/node_modules/ansi-regex/package.json,841
./node_modules/cliui/node_modules/ansi-regex/readme.md,2565
./node_modules/cliui/node_modules/ansi-styles/index.d.ts,6349
./node_modules/cliui/node_modules/ansi-styles/index.js,4139
./node_modules/cliui/node_modules/ansi-styles/license,1109
./node_modules/cliui/node_modules/ansi-styles/package.json,1054
./node_modules/cliui/node_modules/ansi-styles/readme.md,4327
./node_modules/cliui/node_modules/emoji-regex/LICENSE-MIT.txt,1077
./node_modules/cliui/node_modules/emoji-regex/README.md,2691
./node_modules/cliui/node_modules/emoji-regex/es2015/index.js,11104
./node_modules/cliui/node_modules/emoji-regex/es2015/text.js,11105
./node_modules/cliui/node_modules/emoji-regex/index.d.ts,427
./node_modules/cliui/node_modules/emoji-regex/index.js,10286
./node_modules/cliui/node_modules/emoji-regex/package.json,1278
./node_modules/cliui/node_modules/emoji-regex/text.js,10287
./node_modules/cliui/node_modules/string-width/index.d.ts,792
./node_modules/cliui/node_modules/string-width/index.js,923
./node_modules/cliui/node_modules/string-width/license,1109
./node_modules/cliui/node_modules/string-width/package.json,941
./node_modules/cliui/node_modules/string-width/readme.md,1396
./node_modules/cliui/node_modules/strip-ansi/index.d.ts,369
./node_modules/cliui/node_modules/strip-ansi/index.js,154
./node_modules/cliui/node_modules/strip-ansi/license,1109
./node_modules/cliui/node_modules/strip-ansi/package.json,798
./node_modules/cliui/node_modules/strip-ansi/readme.md,1599
./node_modules/cliui/node_modules/wrap-ansi/index.js,5772
./node_modules/cliui/node_modules/wrap-ansi/license,1117
./node_modules/cliui/node_modules/wrap-ansi/package.json,1014
./node_modules/cliui/node_modules/wrap-ansi/readme.md,2745
./node_modules/cliui/package.json,2023
./node_modules/color-convert/CHANGELOG.md,1417
./node_modules/color-convert/LICENSE,1087
./node_modules/color-convert/README.md,2853
./node_modules/color-convert/conversions.js,17040
./node_modules/color-convert/index.js,1708
./node_modules/color-convert/package.json,827
./node_modules/color-convert/route.js,2257
./node_modules/color-name/LICENSE,1085
./node_modules/color-name/README.md,384
./node_modules/color-name/index.js,4617
./node_modules/color-name/package.json,607
./node_modules/corser/.npmignore,15
./node_modules/corser/.travis.yml,49
./node_modules/corser/LICENSE,1064
./node_modules/corser/README.md,7861
./node_modules/corser/lib/corser.js,12789
./node_modules/corser/package.json,739
./node_modules/cosmiconfig/LICENSE,1079
./node_modules/cosmiconfig/README.md,27625
./node_modules/cosmiconfig/dist/Explorer.d.ts,49
./node_modules/cosmiconfig/dist/Explorer.d.ts.map,110
./node_modules/cosmiconfig/dist/Explorer.js,7138
./node_modules/cosmiconfig/dist/Explorer.js.map,5456
./node_modules/cosmiconfig/dist/ExplorerBase.d.ts,53
./node_modules/cosmiconfig/dist/ExplorerBase.d.ts.map,118
./node_modules/cosmiconfig/dist/ExplorerBase.js,4764
./node_modules/cosmiconfig/dist/ExplorerBase.js.map,3772
./node_modules/cosmiconfig/dist/ExplorerSync.d.ts,53
./node_modules/cosmiconfig/dist/ExplorerSync.d.ts.map,118
./node_modules/cosmiconfig/dist/ExplorerSync.js,7226
./node_modules/cosmiconfig/dist/ExplorerSync.js.map,5426
./node_modules/cosmiconfig/dist/cacheWrapper.d.ts,371
./node_modules/cosmiconfig/dist/cacheWrapper.d.ts.map,450
./node_modules/cosmiconfig/dist/cacheWrapper.js,612
./node_modules/cosmiconfig/dist/cacheWrapper.js.map,1451
./node_modules/cosmiconfig/dist/canUseDynamicImport.d.ts,130
./node_modules/cosmiconfig/dist/canUseDynamicImport.d.ts.map,197
./node_modules/cosmiconfig/dist/canUseDynamicImport.js,444
./node_modules/cosmiconfig/dist/canUseDynamicImport.js.map,762
./node_modules/cosmiconfig/dist/defaults.d.ts,1230
./node_modules/cosmiconfig/dist/defaults.d.ts.map,429
./node_modules/cosmiconfig/dist/defaults.js,3348
./node_modules/cosmiconfig/dist/defaults.js.map,1890
./node_modules/cosmiconfig/dist/getDirectory.d.ts,212
./node_modules/cosmiconfig/dist/getDirectory.d.ts.map,280
./node_modules/cosmiconfig/dist/getDirectory.js,900
./node_modules/cosmiconfig/dist/getDirectory.js.map,1383
./node_modules/cosmiconfig/dist/getPropertyByPath.d.ts,193
./node_modules/cosmiconfig/dist/getPropertyByPath.d.ts.map,301
./node_modules/cosmiconfig/dist/getPropertyByPath.js,938
./node_modules/cosmiconfig/dist/getPropertyByPath.js.map,1709
./node_modules/cosmiconfig/dist/index.d.ts,1063
./node_modules/cosmiconfig/dist/index.d.ts.map,888
./node_modules/cosmiconfig/dist/index.js,6513
./node_modules/cosmiconfig/dist/index.js.map,4290
./node_modules/cosmiconfig/dist/loaders.d.ts,336
./node_modules/cosmiconfig/dist/loaders.d.ts.map,377
./node_modules/cosmiconfig/dist/loaders.js,5201
./node_modules/cosmiconfig/dist/loaders.js.map,4162
./node_modules/cosmiconfig/dist/merge.d.ts,385
./node_modules/cosmiconfig/dist/merge.d.ts.map,289
./node_modules/cosmiconfig/dist/merge.js,1567
./node_modules/cosmiconfig/dist/merge.js.map,1316
./node_modules/cosmiconfig/dist/readFile.d.ts,295
./node_modules/cosmiconfig/dist/readFile.d.ts.map,385
./node_modules/cosmiconfig/dist/readFile.js,1319
./node_modules/cosmiconfig/dist/readFile.js.map,2696
./node_modules/cosmiconfig/dist/types.d.ts,2070
./node_modules/cosmiconfig/dist/types.d.ts.map,1970
./node_modules/cosmiconfig/dist/types.js,110
./node_modules/cosmiconfig/dist/types.js.map,102
./node_modules/cosmiconfig/dist/util.d.ts,45
./node_modules/cosmiconfig/dist/util.d.ts.map,102
./node_modules/cosmiconfig/dist/util.js,3377
./node_modules/cosmiconfig/dist/util.js.map,1835
./node_modules/cosmiconfig/package.json,3000
./node_modules/cross-spawn/LICENSE,1105
./node_modules/cross-spawn/README.md,4117
./node_modules/cross-spawn/index.js,1192
./node_modules/cross-spawn/lib/enoent.js,1471
./node_modules/cross-spawn/lib/parse.js,3065
./node_modules/cross-spawn/lib/util/escape.js,1383
./node_modules/cross-spawn/lib/util/readShebang.js,549
./node_modules/cross-spawn/lib/util/resolveCommand.js,1557
./node_modules/cross-spawn/package.json,1655
./node_modules/data-uri-to-buffer/LICENSE,1101
./node_modules/data-uri-to-buffer/README.md,1782
./node_modules/data-uri-to-buffer/dist/common.d.ts,546
./node_modules/data-uri-to-buffer/dist/common.d.ts.map,440
./node_modules/data-uri-to-buffer/dist/common.js,1840
./node_modules/data-uri-to-buffer/dist/common.js.map,1684
./node_modules/data-uri-to-buffer/dist/index.d.ts,313
./node_modules/data-uri-to-buffer/dist/index.d.ts.map,190
./node_modules/data-uri-to-buffer/dist/index.js,1836
./node_modules/data-uri-to-buffer/dist/index.js.map,1961
./node_modules/data-uri-to-buffer/dist/node.d.ts,312
./node_modules/data-uri-to-buffer/dist/node.d.ts.map,188
./node_modules/data-uri-to-buffer/dist/node.js,958
./node_modules/data-uri-to-buffer/dist/node.js.map,742
./node_modules/data-uri-to-buffer/package.json,1070
./node_modules/debug/LICENSE,1139
./node_modules/debug/README.md,22115
./node_modules/debug/package.json,1479
./node_modules/debug/src/browser.js,6103
./node_modules/debug/src/common.js,6915
./node_modules/debug/src/index.js,314
./node_modules/debug/src/node.js,4728
./node_modules/degenerator/README.md,3486
./node_modules/degenerator/dist/compile.d.ts,528
./node_modules/degenerator/dist/compile.d.ts.map,595
./node_modules/degenerator/dist/compile.js,4078
./node_modules/degenerator/dist/compile.js.map,4017
./node_modules/degenerator/dist/degenerator.d.ts,523
./node_modules/degenerator/dist/degenerator.d.ts.map,296
./node_modules/degenerator/dist/degenerator.js,6147
./node_modules/degenerator/dist/degenerator.js.map,4247
./node_modules/degenerator/dist/index.d.ts,93
./node_modules/degenerator/dist/index.d.ts.map,144
./node_modules/degenerator/dist/index.js,884
./node_modules/degenerator/dist/index.js.map,142
./node_modules/degenerator/package.json,1064
./node_modules/devtools-protocol/LICENSE,1559
./node_modules/devtools-protocol/README.md,1326
./node_modules/devtools-protocol/json/browser_protocol.json,1185731
./node_modules/devtools-protocol/json/js_protocol.json,177416
./node_modules/devtools-protocol/package.json,428
./node_modules/devtools-protocol/pdl/browser_protocol.pdl,443706
./node_modules/devtools-protocol/pdl/js_protocol.pdl,68598
./node_modules/devtools-protocol/types/protocol-mapping.d.ts,194877
./node_modules/devtools-protocol/types/protocol-proxy-api.d.ts,171665
./node_modules/devtools-protocol/types/protocol-tests-proxy-api.d.ts,253092
./node_modules/devtools-protocol/types/protocol.d.ts,616139
./node_modules/dunder-proto/.eslintrc,43
./node_modules/dunder-proto/.github/FUNDING.yml,583
./node_modules/dunder-proto/.nycrc,216
./node_modules/dunder-proto/CHANGELOG.md,1547
./node_modules/dunder-proto/LICENSE,1073
./node_modules/dunder-proto/README.md,1907
./node_modules/dunder-proto/get.d.ts,121
./node_modules/dunder-proto/get.js,980
./node_modules/dunder-proto/package.json,2108
./node_modules/dunder-proto/set.d.ts,144
./node_modules/dunder-proto/set.js,1276
./node_modules/dunder-proto/test/get.js,1143
./node_modules/dunder-proto/test/index.js,51
./node_modules/dunder-proto/test/set.js,1695
./node_modules/dunder-proto/tsconfig.json,116
./node_modules/eastasianwidth/README.md,1183
./node_modules/eastasianwidth/eastasianwidth.js,12067
./node_modules/eastasianwidth/package.json,390
./node_modules/emoji-regex/LICENSE-MIT.txt,1077
./node_modules/emoji-regex/README.md,4513
./node_modules/emoji-regex/RGI_Emoji.d.ts,100
./node_modules/emoji-regex/RGI_Emoji.js,12976
./node_modules/emoji-regex/es2015/RGI_Emoji.d.ts,107
./node_modules/emoji-regex/es2015/RGI_Emoji.js,14024
./node_modules/emoji-regex/es2015/index.d.ts,97
./node_modules/emoji-regex/es2015/index.js,17405
./node_modules/emoji-regex/es2015/text.d.ts,102
./node_modules/emoji-regex/es2015/text.js,15796
./node_modules/emoji-regex/index.d.ts,90
./node_modules/emoji-regex/index.js,15735
./node_modules/emoji-regex/package.json,1331
./node_modules/emoji-regex/text.d.ts,95
./node_modules/emoji-regex/text.js,14468
./node_modules/end-of-stream/LICENSE,1078
./node_modules/end-of-stream/README.md,1701
./node_modules/end-of-stream/index.js,2739
./node_modules/end-of-stream/package.json,777
./node_modules/env-paths/index.d.ts,3074
./node_modules/env-paths/index.js,2155
./node_modules/env-paths/license,1109
./node_modules/env-paths/package.json,698
./node_modules/env-paths/readme.md,3127
./node_modules/error-ex/LICENSE,1077
./node_modules/error-ex/README.md,4144
./node_modules/error-ex/index.js,2907
./node_modules/error-ex/package.json,908
./node_modules/es-define-property/.eslintrc,144
./node_modules/es-define-property/.github/FUNDING.yml,564
./node_modules/es-define-property/.nycrc,139
./node_modules/es-define-property/CHANGELOG.md,2296
./node_modules/es-define-property/LICENSE,1071
./node_modules/es-define-property/README.md,2056
./node_modules/es-define-property/index.d.ts,93
./node_modules/es-define-property/index.js,288
./node_modules/es-define-property/package.json,2129
./node_modules/es-define-property/test/index.js,1299
./node_modules/es-define-property/tsconfig.json,138
./node_modules/es-errors/.eslintrc,43
./node_modules/es-errors/.github/FUNDING.yml,555
./node_modules/es-errors/CHANGELOG.md,1833
./node_modules/es-errors/LICENSE,1071
./node_modules/es-errors/README.md,2114
./node_modules/es-errors/eval.d.ts,68
./node_modules/es-errors/eval.js,75
./node_modules/es-errors/index.d.ts,56
./node_modules/es-errors/index.js,66
./node_modules/es-errors/package.json,2174
./node_modules/es-errors/range.d.ts,71
./node_modules/es-errors/range.js,77
./node_modules/es-errors/ref.d.ts,83
./node_modules/es-errors/ref.js,79
./node_modules/es-errors/syntax.d.ts,74
./node_modules/es-errors/syntax.js,79
./node_modules/es-errors/test/index.js,356
./node_modules/es-errors/tsconfig.json,3170
./node_modules/es-errors/type.d.ts,67
./node_modules/es-errors/type.js,75
./node_modules/es-errors/uri.d.ts,65
./node_modules/es-errors/uri.js,73
./node_modules/es-object-atoms/.eslintrc,229
./node_modules/es-object-atoms/.github/FUNDING.yml,555
./node_modules/es-object-atoms/CHANGELOG.md,2136
./node_modules/es-object-atoms/LICENSE,1071
./node_modules/es-object-atoms/README.md,2603
./node_modules/es-object-atoms/RequireObjectCoercible.d.ts,123
./node_modules/es-object-atoms/RequireObjectCoercible.js,313
./node_modules/es-object-atoms/ToObject.d.ts,352
./node_modules/es-object-atoms/ToObject.js,250
./node_modules/es-object-atoms/index.d.ts,59
./node_modules/es-object-atoms/index.js,67
./node_modules/es-object-atoms/isObject.d.ts,72
./node_modules/es-object-atoms/isObject.js,161
./node_modules/es-object-atoms/package.json,2273
./node_modules/es-object-atoms/test/index.js,1097
./node_modules/es-object-atoms/tsconfig.json,81
./node_modules/esbuild/LICENSE.md,1069
./node_modules/esbuild/README.md,175
./node_modules/esbuild/bin/esbuild,9707520
./node_modules/esbuild/install.js,10943
./node_modules/esbuild/lib/main.d.ts,22991
./node_modules/esbuild/lib/main.js,87654
./node_modules/esbuild/package.json,1340
./node_modules/escalade/dist/index.js,534
./node_modules/escalade/dist/index.mjs,517
./node_modules/escalade/index.d.mts,236
./node_modules/escalade/index.d.ts,301
./node_modules/escalade/license,1104
./node_modules/escalade/package.json,1461
./node_modules/escalade/readme.md,6993
./node_modules/escalade/sync/index.d.mts,177
./node_modules/escalade/sync/index.d.ts,242
./node_modules/escalade/sync/index.js,416
./node_modules/escalade/sync/index.mjs,404
./node_modules/escodegen/LICENSE.BSD,1315
./node_modules/escodegen/README.md,3287
./node_modules/escodegen/bin/escodegen.js,2710
./node_modules/escodegen/bin/esgenerate.js,2415
./node_modules/escodegen/escodegen.js,97065
./node_modules/escodegen/package.json,1757
./node_modules/esprima/ChangeLog,9913
./node_modules/esprima/LICENSE.BSD,1303
./node_modules/esprima/README.md,2427
./node_modules/esprima/bin/esparse.js,4948
./node_modules/esprima/bin/esvalidate.js,7744
./node_modules/esprima/dist/esprima.js,283567
./node_modules/esprima/package.json,4459
./node_modules/estraverse/.jshintrc,242
./node_modules/estraverse/LICENSE.BSD,1231
./node_modules/estraverse/README.md,4865
./node_modules/estraverse/estraverse.js,26957
./node_modules/estraverse/gulpfile.js,2790
./node_modules/estraverse/package.json,1009
./node_modules/esutils/LICENSE.BSD,1231
./node_modules/esutils/README.md,6828
./node_modules/esutils/lib/ast.js,4728
./node_modules/esutils/lib/code.js,29610
./node_modules/esutils/lib/keyword.js,5616
./node_modules/esutils/lib/utils.js,1527
./node_modules/esutils/package.json,1042
./node_modules/eventemitter3/LICENSE,1082
./node_modules/eventemitter3/README.md,3636
./node_modules/eventemitter3/index.d.ts,3470
./node_modules/eventemitter3/index.js,9141
./node_modules/eventemitter3/package.json,1495
./node_modules/eventemitter3/umd/eventemitter3.js,10035
./node_modules/eventemitter3/umd/eventemitter3.min.js,3493
./node_modules/eventemitter3/umd/eventemitter3.min.js.map,5615
./node_modules/events-universal/LICENSE,11357
./node_modules/events-universal/README.md,197
./node_modules/events-universal/bare.js,40
./node_modules/events-universal/default.js,35
./node_modules/events-universal/index.js,40
./node_modules/events-universal/package.json,908
./node_modules/events-universal/react-native.js,40
./node_modules/extract-zip/LICENSE,1314
./node_modules/extract-zip/cli.js,393
./node_modules/extract-zip/index.d.ts,590
./node_modules/extract-zip/index.js,4957
./node_modules/extract-zip/package.json,1860
./node_modules/extract-zip/readme.md,1635
./node_modules/fast-fifo/LICENSE,1079
./node_modules/fast-fifo/README.md,1464
./node_modules/fast-fifo/fixed-size.js,875
./node_modules/fast-fifo/index.js,972
./node_modules/fast-fifo/package.json,682
./node_modules/fd-slicer/.npmignore,24
./node_modules/fd-slicer/.travis.yml,176
./node_modules/fd-slicer/CHANGELOG.md,911
./node_modules/fd-slicer/LICENSE,1057
./node_modules/fd-slicer/README.md,6713
./node_modules/fd-slicer/index.js,7756
./node_modules/fd-slicer/package.json,1047
./node_modules/fd-slicer/test/test.js,12129
./node_modules/follow-redirects/LICENSE,1136
./node_modules/follow-redirects/README.md,6456
./node_modules/follow-redirects/debug.js,315
./node_modules/follow-redirects/http.js,37
./node_modules/follow-redirects/https.js,38
./node_modules/follow-redirects/index.js,20647
./node_modules/follow-redirects/package.json,1290
./node_modules/foreground-child/LICENSE,775
./node_modules/foreground-child/README.md,4488
./node_modules/foreground-child/dist/commonjs/all-signals.d.ts,92
./node_modules/foreground-child/dist/commonjs/all-signals.d.ts.map,169
./node_modules/foreground-child/dist/commonjs/all-signals.js,1553
./node_modules/foreground-child/dist/commonjs/all-signals.js.map,2231
./node_modules/foreground-child/dist/commonjs/index.d.ts,2819
./node_modules/foreground-child/dist/commonjs/index.d.ts.map,1921
./node_modules/foreground-child/dist/commonjs/index.js,4076
./node_modules/foreground-child/dist/commonjs/index.js.map,9835
./node_modules/foreground-child/dist/commonjs/package.json,25
./node_modules/foreground-child/dist/commonjs/proxy-signals.d.ts,232
./node_modules/foreground-child/dist/commonjs/proxy-signals.d.ts.map,221
./node_modules/foreground-child/dist/commonjs/proxy-signals.js,1159
./node_modules/foreground-child/dist/commonjs/proxy-signals.js.map,1884
./node_modules/foreground-child/dist/commonjs/watchdog.d.ts,416
./node_modules/foreground-child/dist/commonjs/watchdog.d.ts.map,211
./node_modules/foreground-child/dist/commonjs/watchdog.js,1574
./node_modules/foreground-child/dist/commonjs/watchdog.js.map,2214
./node_modules/foreground-child/dist/esm/all-signals.d.ts,92
./node_modules/foreground-child/dist/esm/all-signals.d.ts.map,169
./node_modules/foreground-child/dist/esm/all-signals.js,1269
./node_modules/foreground-child/dist/esm/all-signals.js.map,2254
./node_modules/foreground-child/dist/esm/index.d.ts,2819
./node_modules/foreground-child/dist/esm/index.d.ts.map,1921
./node_modules/foreground-child/dist/esm/index.js,3613
./node_modules/foreground-child/dist/esm/index.js.map,9922
./node_modules/foreground-child/dist/esm/package.json,23
./node_modules/foreground-child/dist/esm/proxy-signals.d.ts,232
./node_modules/foreground-child/dist/esm/proxy-signals.d.ts.map,221
./node_modules/foreground-child/dist/esm/proxy-signals.js,997
./node_modules/foreground-child/dist/esm/proxy-signals.js.map,1896
./node_modules/foreground-child/dist/esm/watchdog.d.ts,416
./node_modules/foreground-child/dist/esm/watchdog.d.ts.map,211
./node_modules/foreground-child/dist/esm/watchdog.js,1416
./node_modules/foreground-child/dist/esm/watchdog.js.map,2223
./node_modules/foreground-child/package.json,2713
./node_modules/function-bind/.eslintrc,253
./node_modules/function-bind/.github/FUNDING.yml,584
./node_modules/function-bind/.github/SECURITY.md,157
./node_modules/function-bind/.nycrc,216
./node_modules/function-bind/CHANGELOG.md,13812
./node_modules/function-bind/LICENSE,1052
./node_modules/function-bind/README.md,1755
./node_modules/function-bind/implementation.js,2043
./node_modules/function-bind/index.js,126
./node_modules/function-bind/package.json,2262
./node_modules/function-bind/test/.eslintrc,176
./node_modules/function-bind/test/index.js,8991
./node_modules/get-caller-file/LICENSE.md,745
./node_modules/get-caller-file/README.md,1068
./node_modules/get-caller-file/index.d.ts,71
./node_modules/get-caller-file/index.js,1108
./node_modules/get-caller-file/index.js.map,773
./node_modules/get-caller-file/package.json,954
./node_modules/get-intrinsic/.eslintrc,647
./node_modules/get-intrinsic/.github/FUNDING.yml,584
./node_modules/get-intrinsic/.nycrc,139
./node_modules/get-intrinsic/CHANGELOG.md,15537
./node_modules/get-intrinsic/LICENSE,1071
./node_modules/get-intrinsic/README.md,2791
./node_modules/get-intrinsic/index.js,14439
./node_modules/get-intrinsic/package.json,2576
./node_modules/get-intrinsic/test/GetIntrinsic.js,8758
./node_modules/get-proto/.eslintrc,104
./node_modules/get-proto/.github/FUNDING.yml,580
./node_modules/get-proto/.nycrc,139
./node_modules/get-proto/CHANGELOG.md,1054
./node_modules/get-proto/LICENSE,1071
./node_modules/get-proto/Object.getPrototypeOf.d.ts,125
./node_modules/get-proto/Object.getPrototypeOf.js,156
./node_modules/get-proto/README.md,1794
./node_modules/get-proto/Reflect.getPrototypeOf.d.ts,67
./node_modules/get-proto/Reflect.getPrototypeOf.js,150
./node_modules/get-proto/index.d.ts,126
./node_modules/get-proto/index.js,821
./node_modules/get-proto/package.json,2176
./node_modules/get-proto/test/index.js,2359
./node_modules/get-proto/tsconfig.json,118
./node_modules/get-stream/buffer-stream.js,894
./node_modules/get-stream/index.d.ts,3752
./node_modules/get-stream/index.js,1444
./node_modules/get-stream/license,1117
./node_modules/get-stream/package.json,858
./node_modules/get-stream/readme.md,4332
./node_modules/get-uri/LICENSE,1101
./node_modules/get-uri/README.md,3882
./node_modules/get-uri/dist/data.d.ts,428
./node_modules/get-uri/dist/data.js,1643
./node_modules/get-uri/dist/data.js.map,1105
./node_modules/get-uri/dist/file.d.ts,555
./node_modules/get-uri/dist/file.js,2074
./node_modules/get-uri/dist/file.js.map,1411
./node_modules/get-uri/dist/ftp.d.ts,410
./node_modules/get-uri/dist/ftp.js,3190
./node_modules/get-uri/dist/ftp.js.map,2322
./node_modules/get-uri/dist/http-error.d.ts,236
./node_modules/get-uri/dist/http-error.js,506
./node_modules/get-uri/dist/http-error.js.map,420
./node_modules/get-uri/dist/http.d.ts,872
./node_modules/get-uri/dist/http.js,7245
./node_modules/get-uri/dist/http.js.map,5187
./node_modules/get-uri/dist/https.d.ts,195
./node_modules/get-uri/dist/https.js,544
./node_modules/get-uri/dist/https.js.map,318
./node_modules/get-uri/dist/index.d.ts,1739
./node_modules/get-uri/dist/index.js,2144
./node_modules/get-uri/dist/index.js.map,1154
./node_modules/get-uri/dist/notfound.d.ts,280
./node_modules/get-uri/dist/notfound.js,499
./node_modules/get-uri/dist/notfound.js.map,262
./node_modules/get-uri/dist/notmodified.d.ts,264
./node_modules/get-uri/dist/notmodified.js,538
./node_modules/get-uri/dist/notmodified.js.map,270
./node_modules/get-uri/package.json,1282
./node_modules/glob/LICENSE,775
./node_modules/glob/README.md,48385
./node_modules/glob/dist/commonjs/glob.d.ts,14810
./node_modules/glob/dist/commonjs/glob.d.ts.map,4038
./node_modules/glob/dist/commonjs/glob.js,8546
./node_modules/glob/dist/commonjs/glob.js.map,28220
./node_modules/glob/dist/commonjs/has-magic.d.ts,760
./node_modules/glob/dist/commonjs/has-magic.d.ts.map,246
./node_modules/glob/dist/commonjs/has-magic.js,1058
./node_modules/glob/dist/commonjs/has-magic.js.map,1482
./node_modules/glob/dist/commonjs/ignore.d.ts,813
./node_modules/glob/dist/commonjs/ignore.d.ts.map,886
./node_modules/glob/dist/commonjs/ignore.js,4267
./node_modules/glob/dist/commonjs/ignore.js.map,7471
./node_modules/glob/dist/commonjs/index.d.ts,6145
./node_modules/glob/dist/commonjs/index.d.ts.map,4085
./node_modules/glob/dist/commonjs/index.js,2876
./node_modules/glob/dist/commonjs/index.js.map,8370
./node_modules/glob/dist/commonjs/package.json,25
./node_modules/glob/dist/commonjs/pattern.d.ts,2117
./node_modules/glob/dist/commonjs/pattern.d.ts.map,1314
./node_modules/glob/dist/commonjs/pattern.js,7300
./node_modules/glob/dist/commonjs/pattern.js.map,13391
./node_modules/glob/dist/commonjs/processor.d.ts,2136
./node_modules/glob/dist/commonjs/processor.d.ts.map,1748
./node_modules/glob/dist/commonjs/processor.js,10760
./node_modules/glob/dist/commonjs/processor.js.map,19044
./node_modules/glob/dist/commonjs/walker.d.ts,3780
./node_modules/glob/dist/commonjs/walker.d.ts.map,4195
./node_modules/glob/dist/commonjs/walker.js,12869
./node_modules/glob/dist/commonjs/walker.js.map,27899
./node_modules/glob/dist/esm/bin.d.mts,65
./node_modules/glob/dist/esm/bin.d.mts.map,105
./node_modules/glob/dist/esm/bin.mjs,9690
./node_modules/glob/dist/esm/bin.mjs.map,14486
./node_modules/glob/dist/esm/glob.d.ts,14810
./node_modules/glob/dist/esm/glob.d.ts.map,4038
./node_modules/glob/dist/esm/glob.js,8339
./node_modules/glob/dist/esm/glob.js.map,28379
./node_modules/glob/dist/esm/has-magic.d.ts,760
./node_modules/glob/dist/esm/has-magic.d.ts.map,246
./node_modules/glob/dist/esm/has-magic.js,917
./node_modules/glob/dist/esm/has-magic.js.map,1495
./node_modules/glob/dist/esm/ignore.d.ts,813
./node_modules/glob/dist/esm/ignore.d.ts.map,886
./node_modules/glob/dist/esm/ignore.js,4101
./node_modules/glob/dist/esm/ignore.js.map,7514
./node_modules/glob/dist/esm/index.d.ts,6145
./node_modules/glob/dist/esm/index.d.ts.map,4085
./node_modules/glob/dist/esm/index.js,1647
./node_modules/glob/dist/esm/index.js.map,8404
./node_modules/glob/dist/esm/package.json,23
./node_modules/glob/dist/esm/pattern.d.ts,2117
./node_modules/glob/dist/esm/pattern.d.ts.map,1314
./node_modules/glob/dist/esm/pattern.js,7161
./node_modules/glob/dist/esm/pattern.js.map,13407
./node_modules/glob/dist/esm/processor.d.ts,2136
./node_modules/glob/dist/esm/processor.d.ts.map,1748
./node_modules/glob/dist/esm/processor.js,10453
./node_modules/glob/dist/esm/processor.js.map,19037
./node_modules/glob/dist/esm/walker.d.ts,3780
./node_modules/glob/dist/esm/walker.d.ts.map,4195
./node_modules/glob/dist/esm/walker.js,12569
./node_modules/glob/dist/esm/walker.js.map,27953
./node_modules/glob/package.json,2542
./node_modules/gopd/.eslintrc,224
./node_modules/gopd/.github/FUNDING.yml,575
./node_modules/gopd/CHANGELOG.md,3077
./node_modules/gopd/LICENSE,1071
./node_modules/gopd/README.md,1562
./node_modules/gopd/gOPD.d.ts,42
./node_modules/gopd/gOPD.js,97
./node_modules/gopd/index.d.ts,173
./node_modules/gopd/index.js,206
./node_modules/gopd/package.json,2070
./node_modules/gopd/test/index.js,656
./node_modules/gopd/tsconfig.json,116
./node_modules/has-flag/index.d.ts,684
./node_modules/has-flag/index.js,330
./node_modules/has-flag/license,1109
./node_modules/has-flag/package.json,696
./node_modules/has-flag/readme.md,1600
./node_modules/has-symbols/.eslintrc,164
./node_modules/has-symbols/.github/FUNDING.yml,582
./node_modules/has-symbols/.nycrc,139
./node_modules/has-symbols/CHANGELOG.md,9431
./node_modules/has-symbols/LICENSE,1071
./node_modules/has-symbols/README.md,2044
./node_modules/has-symbols/index.d.ts,73
./node_modules/has-symbols/index.js,447
./node_modules/has-symbols/package.json,2974
./node_modules/has-symbols/shams.d.ts,69
./node_modules/has-symbols/shams.js,1922
./node_modules/has-symbols/test/index.js,654
./node_modules/has-symbols/test/shams/core-js.js,797
./node_modules/has-symbols/test/shams/get-own-property-symbols.js,760
./node_modules/has-symbols/test/tests.js,2139
./node_modules/has-symbols/tsconfig.json,143
./node_modules/hasown/.eslintrc,43
./node_modules/hasown/.github/FUNDING.yml,552
./node_modules/hasown/.nycrc,216
./node_modules/hasown/CHANGELOG.md,2579
./node_modules/hasown/LICENSE,1083
./node_modules/hasown/README.md,1613
./node_modules/hasown/index.d.ts,117
./node_modules/hasown/index.js,206
./node_modules/hasown/package.json,2283
./node_modules/hasown/tsconfig.json,73
./node_modules/he/LICENSE-MIT.txt,1077
./node_modules/he/README.md,14210
./node_modules/he/bin/he,3626
./node_modules/he/he.js,100899
./node_modules/he/man/he.1,3102
./node_modules/he/package.json,1224
./node_modules/html-encoding-sniffer/LICENSE.txt,1069
./node_modules/html-encoding-sniffer/README.md,2222
./node_modules/html-encoding-sniffer/lib/html-encoding-sniffer.js,7735
./node_modules/html-encoding-sniffer/package.json,653
./node_modules/http-proxy-agent/LICENSE,1102
./node_modules/http-proxy-agent/README.md,1365
./node_modules/http-proxy-agent/dist/index.d.ts,1824
./node_modules/http-proxy-agent/dist/index.d.ts.map,1666
./node_modules/http-proxy-agent/dist/index.js,6088
./node_modules/http-proxy-agent/dist/index.js.map,4131
./node_modules/http-proxy-agent/package.json,1084
./node_modules/http-proxy/.auto-changelog,113
./node_modules/http-proxy/.gitattributes,25
./node_modules/http-proxy/CHANGELOG.md,176531
./node_modules/http-proxy/CODE_OF_CONDUCT.md,3255
./node_modules/http-proxy/LICENSE,1154
./node_modules/http-proxy/README.md,19405
./node_modules/http-proxy/codecov.yml,156
./node_modules/http-proxy/index.js,375
./node_modules/http-proxy/lib/http-proxy.js,2578
./node_modules/http-proxy/lib/http-proxy/common.js,6606
./node_modules/http-proxy/lib/http-proxy/index.js,4794
./node_modules/http-proxy/lib/http-proxy/passes/web-incoming.js,5906
./node_modules/http-proxy/lib/http-proxy/passes/web-outgoing.js,4960
./node_modules/http-proxy/lib/http-proxy/passes/ws-incoming.js,4568
./node_modules/http-proxy/package.json,1017
./node_modules/http-proxy/renovate.json,369
./node_modules/http-server/LICENSE,1124
./node_modules/http-server/README.md,6610
./node_modules/http-server/bin/http-server,9377
./node_modules/http-server/doc/http-server.1,4204
./node_modules/http-server/lib/core/aliases.json,943
./node_modules/http-server/lib/core/defaults.json,383
./node_modules/http-server/lib/core/etag.js,197
./node_modules/http-server/lib/core/index.js,14447
./node_modules/http-server/lib/core/opts.js,4645
./node_modules/http-server/lib/core/show-dir/icons.json,61907
./node_modules/http-server/lib/core/show-dir/index.js,5969
./node_modules/http-server/lib/core/show-dir/last-modified-to-string.js,351
./node_modules/http-server/lib/core/show-dir/perms-to-string.js,392
./node_modules/http-server/lib/core/show-dir/size-to-string.js,763
./node_modules/http-server/lib/core/show-dir/sort-files.js,768
./node_modules/http-server/lib/core/show-dir/styles.js,564
./node_modules/http-server/lib/core/status-handlers.js,2138
./node_modules/http-server/lib/http-server.js,5451
./node_modules/http-server/lib/shims/https-server-shim.js,1701
./node_modules/http-server/package.json,2525
./node_modules/https-proxy-agent/LICENSE,1101
./node_modules/https-proxy-agent/README.md,2172
./node_modules/https-proxy-agent/dist/index.d.ts,2004
./node_modules/https-proxy-agent/dist/index.d.ts.map,1393
./node_modules/https-proxy-agent/dist/index.js,7451
./node_modules/https-proxy-agent/dist/index.js.map,4591
./node_modules/https-proxy-agent/dist/parse-proxy-response.d.ts,469
./node_modules/https-proxy-agent/dist/parse-proxy-response.d.ts.map,448
./node_modules/https-proxy-agent/dist/parse-proxy-response.js,3908
./node_modules/https-proxy-agent/dist/parse-proxy-response.js.map,2946
./node_modules/https-proxy-agent/package.json,1223
./node_modules/iconv-lite/.github/dependabot.yml,321
./node_modules/iconv-lite/.idea/codeStyles/Project.xml,2141
./node_modules/iconv-lite/.idea/codeStyles/codeStyleConfig.xml,142
./node_modules/iconv-lite/.idea/iconv-lite.iml,458
./node_modules/iconv-lite/.idea/inspectionProfiles/Project_Default.xml,251
./node_modules/iconv-lite/.idea/modules.xml,272
./node_modules/iconv-lite/.idea/vcs.xml,180
./node_modules/iconv-lite/Changelog.md,6581
./node_modules/iconv-lite/LICENSE,1064
./node_modules/iconv-lite/README.md,6352
./node_modules/iconv-lite/encodings/dbcs-codec.js,23065
./node_modules/iconv-lite/encodings/dbcs-data.js,9389
./node_modules/iconv-lite/encodings/index.js,733
./node_modules/iconv-lite/encodings/internal.js,6309
./node_modules/iconv-lite/encodings/sbcs-codec.js,2191
./node_modules/iconv-lite/encodings/sbcs-data-generated.js,32034
./node_modules/iconv-lite/encodings/sbcs-data.js,5116
./node_modules/iconv-lite/encodings/tables/big5-added.json,17717
./node_modules/iconv-lite/encodings/tables/cp936.json,47320
./node_modules/iconv-lite/encodings/tables/cp949.json,38122
./node_modules/iconv-lite/encodings/tables/cp950.json,42356
./node_modules/iconv-lite/encodings/tables/eucjp.json,41064
./node_modules/iconv-lite/encodings/tables/gb18030-ranges.json,2216
./node_modules/iconv-lite/encodings/tables/gbk-added.json,1247
./node_modules/iconv-lite/encodings/tables/shiftjis.json,23782
./node_modules/iconv-lite/encodings/utf16.js,5502
./node_modules/iconv-lite/encodings/utf32.js,9982
./node_modules/iconv-lite/encodings/utf7.js,9283
./node_modules/iconv-lite/lib/bom-handling.js,1109
./node_modules/iconv-lite/lib/index.d.ts,1387
./node_modules/iconv-lite/lib/index.js,6321
./node_modules/iconv-lite/lib/streams.js,3380
./node_modules/iconv-lite/package.json,1131
./node_modules/ieee754/LICENSE,1465
./node_modules/ieee754/README.md,1651
./node_modules/ieee754/index.d.ts,332
./node_modules/ieee754/index.js,2154
./node_modules/ieee754/package.json,1194
./node_modules/import-fresh/index.d.ts,432
./node_modules/import-fresh/index.js,1109
./node_modules/import-fresh/license,1117
./node_modules/import-fresh/package.json,890
./node_modules/import-fresh/readme.md,1145
./node_modules/ip-address/LICENSE,1061
./node_modules/ip-address/README.md,4755
./node_modules/ip-address/dist/address-error.d.ts,179
./node_modules/ip-address/dist/address-error.d.ts.map,228
./node_modules/ip-address/dist/address-error.js,372
./node_modules/ip-address/dist/address-error.js.map,301
./node_modules/ip-address/dist/common.d.ts,737
./node_modules/ip-address/dist/common.d.ts.map,568
./node_modules/ip-address/dist/common.js,1446
./node_modules/ip-address/dist/common.js.map,1259
./node_modules/ip-address/dist/ip-address.d.ts,258
./node_modules/ip-address/dist/ip-address.d.ts.map,305
./node_modules/ip-address/dist/ip-address.js,1772
./node_modules/ip-address/dist/ip-address.js.map,295
./node_modules/ip-address/dist/ipv4.d.ts,5348
./node_modules/ip-address/dist/ipv4.d.ts.map,1538
./node_modules/ip-address/dist/ipv4.js,10237
./node_modules/ip-address/dist/ipv4.js.map,5734
./node_modules/ip-address/dist/ipv6.d.ts,12118
./node_modules/ip-address/dist/ipv6.d.ts.map,3565
./node_modules/ip-address/dist/ipv6.js,34068
./node_modules/ip-address/dist/ipv6.js.map,23384
./node_modules/ip-address/dist/v4/constants.d.ts,192
./node_modules/ip-address/dist/v4/constants.d.ts.map,243
./node_modules/ip-address/dist/v4/constants.js,468
./node_modules/ip-address/dist/v4/constants.js.map,244
./node_modules/ip-address/dist/v6/constants.d.ts,1068
./node_modules/ip-address/dist/v6/constants.d.ts.map,626
./node_modules/ip-address/dist/v6/constants.js,2598
./node_modules/ip-address/dist/v6/constants.js.map,1189
./node_modules/ip-address/dist/v6/helpers.d.ts,629
./node_modules/ip-address/dist/v6/helpers.d.ts.map,417
./node_modules/ip-address/dist/v6/helpers.js,1441
./node_modules/ip-address/dist/v6/helpers.js.map,1216
./node_modules/ip-address/dist/v6/regular-expressions.d.ts,428
./node_modules/ip-address/dist/v6/regular-expressions.d.ts.map,445
./node_modules/ip-address/dist/v6/regular-expressions.js,3719
./node_modules/ip-address/dist/v6/regular-expressions.js.map,2600
./node_modules/ip-address/package.json,1898
./node_modules/ip-address/src/address-error.ts,222
./node_modules/ip-address/src/common.ts,1381
./node_modules/ip-address/src/ip-address.ts,192
./node_modules/ip-address/src/ipv4.ts,8604
./node_modules/ip-address/src/ipv6.ts,30853
./node_modules/ip-address/src/v4/constants.ts,290
./node_modules/ip-address/src/v6/constants.ts,2355
./node_modules/ip-address/src/v6/helpers.ts,1284
./node_modules/ip-address/src/v6/regular-expressions.ts,2390
./node_modules/is-arrayish/.editorconfig,264
./node_modules/is-arrayish/.istanbul.yml,59
./node_modules/is-arrayish/.npmignore,52
./node_modules/is-arrayish/.travis.yml,988
./node_modules/is-arrayish/LICENSE,1077
./node_modules/is-arrayish/README.md,704
./node_modules/is-arrayish/index.js,204
./node_modules/is-arrayish/package.json,705
./node_modules/is-fullwidth-code-point/index.d.ts,549
./node_modules/is-fullwidth-code-point/index.js,1756
./node_modules/is-fullwidth-code-point/license,1109
./node_modules/is-fullwidth-code-point/package.json,737
./node_modules/is-fullwidth-code-point/readme.md,843
./node_modules/isexe/.npmignore,23
./node_modules/isexe/LICENSE,765
./node_modules/isexe/README.md,1395
./node_modules/isexe/index.js,1192
./node_modules/isexe/mode.js,909
./node_modules/isexe/package.json,786
./node_modules/isexe/test/basic.js,4996
./node_modules/isexe/windows.js,890
./node_modules/jackspeak/LICENSE.md,1550
./node_modules/jackspeak/README.md,12281
./node_modules/jackspeak/dist/commonjs/index.d.ts,12934
./node_modules/jackspeak/dist/commonjs/index.d.ts.map,8364
./node_modules/jackspeak/dist/commonjs/index.js,36469
./node_modules/jackspeak/dist/commonjs/index.js.map,78555
./node_modules/jackspeak/dist/commonjs/package.json,25
./node_modules/jackspeak/dist/esm/index.d.ts,12934
./node_modules/jackspeak/dist/esm/index.d.ts.map,8364
./node_modules/jackspeak/dist/esm/index.js,35687
./node_modules/jackspeak/dist/esm/index.js.map,78459
./node_modules/jackspeak/dist/esm/package.json,23
./node_modules/jackspeak/package.json,2135
./node_modules/js-tokens/CHANGELOG.md,4481
./node_modules/js-tokens/LICENSE,1103
./node_modules/js-tokens/README.md,7388
./node_modules/js-tokens/index.js,1448
./node_modules/js-tokens/package.json,649
./node_modules/js-yaml/CHANGELOG.md,19230
./node_modules/js-yaml/LICENSE,1084
./node_modules/js-yaml/README.md,8472
./node_modules/js-yaml/bin/js-yaml.js,2736
./node_modules/js-yaml/dist/js-yaml.js,114359
./node_modules/js-yaml/dist/js-yaml.min.js,39430
./node_modules/js-yaml/dist/js-yaml.mjs,107533
./node_modules/js-yaml/index.js,1793
./node_modules/js-yaml/lib/common.js,1177
./node_modules/js-yaml/lib/dumper.js,31893
./node_modules/js-yaml/lib/exception.js,1299
./node_modules/js-yaml/lib/loader.js,47142
./node_modules/js-yaml/lib/schema.js,3384
./node_modules/js-yaml/lib/schema/core.js,288
./node_modules/js-yaml/lib/schema/default.js,538
./node_modules/js-yaml/lib/schema/failsafe.js,278
./node_modules/js-yaml/lib/schema/json.js,523
./node_modules/js-yaml/lib/snippet.js,3088
./node_modules/js-yaml/lib/type.js,1849
./node_modules/js-yaml/lib/type/binary.js,2912
./node_modules/js-yaml/lib/type/bool.js,971
./node_modules/js-yaml/lib/type/float.js,2467
./node_modules/js-yaml/lib/type/int.js,3691
./node_modules/js-yaml/lib/type/map.js,190
./node_modules/js-yaml/lib/type/merge.js,230
./node_modules/js-yaml/lib/type/null.js,808
./node_modules/js-yaml/lib/type/omap.js,1023
./node_modules/js-yaml/lib/type/pairs.js,1084
./node_modules/js-yaml/lib/type/seq.js,191
./node_modules/js-yaml/lib/type/set.js,547
./node_modules/js-yaml/lib/type/str.js,189
./node_modules/js-yaml/lib/type/timestamp.js,2571
./node_modules/js-yaml/package.json,1768
./node_modules/json-parse-even-better-errors/CHANGELOG.md,1246
./node_modules/json-parse-even-better-errors/LICENSE.md,1209
./node_modules/json-parse-even-better-errors/README.md,3388
./node_modules/json-parse-even-better-errors/index.js,3899
./node_modules/json-parse-even-better-errors/package.json,684
./node_modules/lines-and-columns/LICENSE,1080
./node_modules/lines-and-columns/README.md,533
./node_modules/lines-and-columns/build/index.d.ts,376
./node_modules/lines-and-columns/build/index.js,2025
./node_modules/lines-and-columns/package.json,1372
./node_modules/lru-cache/LICENSE,775
./node_modules/lru-cache/README.md,11373
./node_modules/lru-cache/dist/commonjs/index.d.ts,56175
./node_modules/lru-cache/dist/commonjs/index.d.ts.map,14383
./node_modules/lru-cache/dist/commonjs/index.js,56188
./node_modules/lru-cache/dist/commonjs/index.js.map,141656
./node_modules/lru-cache/dist/commonjs/index.min.js,17137
./node_modules/lru-cache/dist/commonjs/index.min.js.map,121870
./node_modules/lru-cache/dist/commonjs/package.json,25
./node_modules/lru-cache/dist/esm/index.d.ts,56175
./node_modules/lru-cache/dist/esm/index.d.ts.map,14383
./node_modules/lru-cache/dist/esm/index.js,56062
./node_modules/lru-cache/dist/esm/index.js.map,141643
./node_modules/lru-cache/dist/esm/index.min.js,17048
./node_modules/lru-cache/dist/esm/index.min.js.map,121850
./node_modules/lru-cache/dist/esm/package.json,23
./node_modules/lru-cache/package.json,2737
./node_modules/math-intrinsics/.eslintrc,229
./node_modules/math-intrinsics/.github/FUNDING.yml,561
./node_modules/math-intrinsics/CHANGELOG.md,1466
./node_modules/math-intrinsics/LICENSE,1073
./node_modules/math-intrinsics/README.md,1884
./node_modules/math-intrinsics/abs.d.ts,18
./node_modules/math-intrinsics/abs.js,73
./node_modules/math-intrinsics/constants/maxArrayLength.d.ts,71
./node_modules/math-intrinsics/constants/maxArrayLength.js,110
./node_modules/math-intrinsics/constants/maxSafeInteger.d.ts,77
./node_modules/math-intrinsics/constants/maxSafeInteger.js,231
./node_modules/math-intrinsics/constants/maxValue.d.ts,71
./node_modules/math-intrinsics/constants/maxValue.js,197
./node_modules/math-intrinsics/floor.d.ts,20
./node_modules/math-intrinsics/floor.js,77
./node_modules/math-intrinsics/isFinite.d.ts,80
./node_modules/math-intrinsics/isFinite.js,262
./node_modules/math-intrinsics/isInteger.d.ts,87
./node_modules/math-intrinsics/isInteger.js,410
./node_modules/math-intrinsics/isNaN.d.ts,22
./node_modules/math-intrinsics/isNaN.js,121
./node_modules/math-intrinsics/isNegativeZero.d.ts,79
./node_modules/math-intrinsics/isNegativeZero.js,143
./node_modules/math-intrinsics/max.d.ts,18
./node_modules/math-intrinsics/max.js,73
./node_modules/math-intrinsics/min.d.ts,18
./node_modules/math-intrinsics/min.js,73
./node_modules/math-intrinsics/mod.d.ts,76
./node_modules/math-intrinsics/mod.js,218
./node_modules/math-intrinsics/package.json,2670
./node_modules/math-intrinsics/pow.d.ts,18
./node_modules/math-intrinsics/pow.js,73
./node_modules/math-intrinsics/round.d.ts,20
./node_modules/math-intrinsics/round.js,77
./node_modules/math-intrinsics/sign.d.ts,57
./node_modules/math-intrinsics/sign.js,214
./node_modules/math-intrinsics/test/index.js,6320
./node_modules/math-intrinsics/tsconfig.json,36
./node_modules/mime/.npmignore,0
./node_modules/mime/CHANGELOG.md,9473
./node_modules/mime/LICENSE,1098
./node_modules/mime/README.md,2119
./node_modules/mime/cli.js,149
./node_modules/mime/mime.js,2726
./node_modules/mime/package.json,933
./node_modules/mime/src/build.js,1351
./node_modules/mime/src/test.js,2334
./node_modules/mime/types.json,31555
./node_modules/minimatch/LICENSE,775
./node_modules/minimatch/README.md,16942
./node_modules/minimatch/dist/commonjs/assert-valid-pattern.d.ts,115
./node_modules/minimatch/dist/commonjs/assert-valid-pattern.d.ts.map,199
./node_modules/minimatch/dist/commonjs/assert-valid-pattern.js,492
./node_modules/minimatch/dist/commonjs/assert-valid-pattern.js.map,822
./node_modules/minimatch/dist/commonjs/ast.d.ts,795
./node_modules/minimatch/dist/commonjs/ast.d.ts.map,868
./node_modules/minimatch/dist/commonjs/ast.js,22822
./node_modules/minimatch/dist/commonjs/ast.js.map,40572
./node_modules/minimatch/dist/commonjs/brace-expressions.d.ts,251
./node_modules/minimatch/dist/commonjs/brace-expressions.d.ts.map,308
./node_modules/minimatch/dist/commonjs/brace-expressions.js,5763
./node_modules/minimatch/dist/commonjs/brace-expressions.js.map,10552
./node_modules/minimatch/dist/commonjs/escape.d.ts,647
./node_modules/minimatch/dist/commonjs/escape.d.ts.map,249
./node_modules/minimatch/dist/commonjs/escape.js,968
./node_modules/minimatch/dist/commonjs/escape.js.map,1378
./node_modules/minimatch/dist/commonjs/index.d.ts,3901
./node_modules/minimatch/dist/commonjs/index.d.ts.map,3201
./node_modules/minimatch/dist/commonjs/index.js,40408
./node_modules/minimatch/dist/commonjs/index.js.map,72785
./node_modules/minimatch/dist/commonjs/package.json,25
./node_modules/minimatch/dist/commonjs/unescape.d.ts,788
./node_modules/minimatch/dist/commonjs/unescape.d.ts.map,259
./node_modules/minimatch/dist/commonjs/unescape.js,973
./node_modules/minimatch/dist/commonjs/unescape.js.map,1403
./node_modules/minimatch/dist/esm/assert-valid-pattern.d.ts,115
./node_modules/minimatch/dist/esm/assert-valid-pattern.d.ts.map,199
./node_modules/minimatch/dist/esm/assert-valid-pattern.js,336
./node_modules/minimatch/dist/esm/assert-valid-pattern.js.map,805
./node_modules/minimatch/dist/esm/ast.d.ts,795
./node_modules/minimatch/dist/esm/ast.d.ts.map,868
./node_modules/minimatch/dist/esm/ast.js,22588
./node_modules/minimatch/dist/esm/ast.js.map,40587
./node_modules/minimatch/dist/esm/brace-expressions.d.ts,251
./node_modules/minimatch/dist/esm/brace-expressions.d.ts.map,308
./node_modules/minimatch/dist/esm/brace-expressions.js,5631
./node_modules/minimatch/dist/esm/brace-expressions.js.map,10536
./node_modules/minimatch/dist/esm/escape.d.ts,647
./node_modules/minimatch/dist/esm/escape.d.ts.map,249
./node_modules/minimatch/dist/esm/escape.js,848
./node_modules/minimatch/dist/esm/escape.js.map,1364
./node_modules/minimatch/dist/esm/index.d.ts,3901
./node_modules/minimatch/dist/esm/index.d.ts.map,3201
./node_modules/minimatch/dist/esm/index.js,39110
./node_modules/minimatch/dist/esm/index.js.map,72824
./node_modules/minimatch/dist/esm/package.json,23
./node_modules/minimatch/dist/esm/unescape.d.ts,788
./node_modules/minimatch/dist/esm/unescape.d.ts.map,259
./node_modules/minimatch/dist/esm/unescape.js,847
./node_modules/minimatch/dist/esm/unescape.js.map,1389
./node_modules/minimatch/package.json,1917
./node_modules/minimist/.eslintrc,511
./node_modules/minimist/.github/FUNDING.yml,579
./node_modules/minimist/.nycrc,229
./node_modules/minimist/CHANGELOG.md,21542
./node_modules/minimist/LICENSE,1073
./node_modules/minimist/README.md,3609
./node_modules/minimist/example/parse.js,84
./node_modules/minimist/index.js,6196
./node_modules/minimist/package.json,1788
./node_modules/minimist/test/all_bool.js,675
./node_modules/minimist/test/bool.js,3575
./node_modules/minimist/test/dash.js,1245
./node_modules/minimist/test/default_bool.js,713
./node_modules/minimist/test/dotted.js,586
./node_modules/minimist/test/kv_short.js,660
./node_modules/minimist/test/long.js,649
./node_modules/minimist/test/num.js,792
./node_modules/minimist/test/parse.js,4086
./node_modules/minimist/test/parse_modified.js,237
./node_modules/minimist/test/proto.js,1741
./node_modules/minimist/test/short.js,1295
./node_modules/minimist/test/stop_early.js,312
./node_modules/minimist/test/unknown.js,2106
./node_modules/minimist/test/whitespace.js,194
./node_modules/minipass/LICENSE,787
./node_modules/minipass/README.md,27159
./node_modules/minipass/dist/commonjs/index.d.ts,19479
./node_modules/minipass/dist/commonjs/index.d.ts.map,8761
./node_modules/minipass/dist/commonjs/index.js,33796
./node_modules/minipass/dist/commonjs/index.js.map,66332
./node_modules/minipass/dist/commonjs/package.json,25
./node_modules/minipass/dist/esm/index.d.ts,19579
./node_modules/minipass/dist/esm/index.d.ts.map,8761
./node_modules/minipass/dist/esm/index.js,33228
./node_modules/minipass/dist/esm/index.js.map,66339
./node_modules/minipass/dist/esm/package.json,23
./node_modules/minipass/package.json,1933
./node_modules/mitt/LICENSE,1069
./node_modules/mitt/README.md,6274
./node_modules/mitt/dist/mitt.js,349
./node_modules/mitt/dist/mitt.js.map,4730
./node_modules/mitt/dist/mitt.mjs,349
./node_modules/mitt/dist/mitt.mjs.map,4731
./node_modules/mitt/dist/mitt.umd.js,520
./node_modules/mitt/dist/mitt.umd.js.map,4734
./node_modules/mitt/index.d.ts,1375
./node_modules/mitt/package.json,2313
./node_modules/ms/index.js,3024
./node_modules/ms/license.md,1079
./node_modules/ms/package.json,732
./node_modules/ms/readme.md,1886
./node_modules/nanoid/LICENSE,1095
./node_modules/nanoid/README.md,1552
./node_modules/nanoid/async/index.browser.cjs,2692
./node_modules/nanoid/async/index.browser.js,984
./node_modules/nanoid/async/index.cjs,2870
./node_modules/nanoid/async/index.d.ts,1505
./node_modules/nanoid/async/index.js,982
./node_modules/nanoid/async/index.native.js,820
./node_modules/nanoid/async/package.json,233
./node_modules/nanoid/bin/nanoid.cjs,1129
./node_modules/nanoid/index.browser.cjs,2834
./node_modules/nanoid/index.browser.js,1064
./node_modules/nanoid/index.cjs,3359
./node_modules/nanoid/index.d.cts,2252
./node_modules/nanoid/index.d.ts,2252
./node_modules/nanoid/index.js,1326
./node_modules/nanoid/nanoid.js,169
./node_modules/nanoid/non-secure/index.cjs,1114
./node_modules/nanoid/non-secure/index.d.ts,983
./node_modules/nanoid/non-secure/index.js,497
./node_modules/nanoid/non-secure/package.json,99
./node_modules/nanoid/package.json,2283
./node_modules/nanoid/url-alphabet/index.cjs,280
./node_modules/nanoid/url-alphabet/index.js,110
./node_modules/nanoid/url-alphabet/package.json,99
./node_modules/netmask/CHANGELOG.md,2308
./node_modules/netmask/CREDITS.md,1396
./node_modules/netmask/README.md,3935
./node_modules/netmask/example/ipcalc.coffee,442
./node_modules/netmask/lib/netmask.coffee,5773
./node_modules/netmask/lib/netmask.js,5578
./node_modules/netmask/package.json,902
./node_modules/netmask/test/badnets.coffee,2079
./node_modules/netmask/test/netmasks.coffee,6608
./node_modules/netmask/tests/netmask.js,3475
./node_modules/object-inspect/.eslintrc,1298
./node_modules/object-inspect/.github/FUNDING.yml,585
./node_modules/object-inspect/.nycrc,236
./node_modules/object-inspect/CHANGELOG.md,36562
./node_modules/object-inspect/LICENSE,1071
./node_modules/object-inspect/example/all.js,391
./node_modules/object-inspect/example/circular.js,116
./node_modules/object-inspect/example/fn.js,126
./node_modules/object-inspect/example/inspect.js,251
./node_modules/object-inspect/index.js,19059
./node_modules/object-inspect/package-support.json,365
./node_modules/object-inspect/package.json,2841
./node_modules/object-inspect/readme.markdown,2988
./node_modules/object-inspect/test-core-js.js,534
./node_modules/object-inspect/test/bigint.js,2082
./node_modules/object-inspect/test/browser/dom.js,416
./node_modules/object-inspect/test/circular.js,451
./node_modules/object-inspect/test/deep.js,400
./node_modules/object-inspect/test/element.js,1575
./node_modules/object-inspect/test/err.js,1536
./node_modules/object-inspect/test/fakes.js,683
./node_modules/object-inspect/test/fn.js,2227
./node_modules/object-inspect/test/global.js,372
./node_modules/object-inspect/test/has.js,514
./node_modules/object-inspect/test/holes.js,255
./node_modules/object-inspect/test/indent-option.js,6633
./node_modules/object-inspect/test/inspect.js,4946
./node_modules/object-inspect/test/lowbyte.js,268
./node_modules/object-inspect/test/number.js,2312
./node_modules/object-inspect/test/quoteStyle.js,1530
./node_modules/object-inspect/test/toStringTag.js,1546
./node_modules/object-inspect/test/undef.js,302
./node_modules/object-inspect/test/values.js,8407
./node_modules/object-inspect/util.inspect.js,42
./node_modules/once/LICENSE,765
./node_modules/once/README.md,1772
./node_modules/once/once.js,935
./node_modules/once/package.json,574
./node_modules/opener/LICENSE.txt,1885
./node_modules/opener/README.md,1303
./node_modules/opener/bin/opener-bin.js,161
./node_modules/opener/lib/opener.js,2360
./node_modules/opener/package.json,504
./node_modules/pac-proxy-agent/LICENSE,1102
./node_modules/pac-proxy-agent/README.md,821
./node_modules/pac-proxy-agent/dist/index.d.ts,2467
./node_modules/pac-proxy-agent/dist/index.d.ts.map,1688
./node_modules/pac-proxy-agent/dist/index.js,9933
./node_modules/pac-proxy-agent/dist/index.js.map,6292
./node_modules/pac-proxy-agent/package.json,1363
./node_modules/pac-resolver/LICENSE,1101
./node_modules/pac-resolver/README.md,1970
./node_modules/pac-resolver/dist/dateRange.d.ts,2294
./node_modules/pac-resolver/dist/dateRange.d.ts.map,231
./node_modules/pac-resolver/dist/dateRange.js,2422
./node_modules/pac-resolver/dist/dateRange.js.map,256
./node_modules/pac-resolver/dist/dnsDomainIs.d.ts,612
./node_modules/pac-resolver/dist/dnsDomainIs.d.ts.map,231
./node_modules/pac-resolver/dist/dnsDomainIs.js,790
./node_modules/pac-resolver/dist/dnsDomainIs.js.map,366
./node_modules/pac-resolver/dist/dnsDomainLevels.d.ts,446
./node_modules/pac-resolver/dist/dnsDomainLevels.d.ts.map,213
./node_modules/pac-resolver/dist/dnsDomainLevels.js,666
./node_modules/pac-resolver/dist/dnsDomainLevels.js.map,377
./node_modules/pac-resolver/dist/dnsResolve.d.ts,437
./node_modules/pac-resolver/dist/dnsResolve.d.ts.map,213
./node_modules/pac-resolver/dist/dnsResolve.js,770
./node_modules/pac-resolver/dist/dnsResolve.js.map,439
./node_modules/pac-resolver/dist/index.d.ts,2308
./node_modules/pac-resolver/dist/index.d.ts.map,1884
./node_modules/pac-resolver/dist/index.js,3519
./node_modules/pac-resolver/dist/index.js.map,2170
./node_modules/pac-resolver/dist/ip.d.ts,208
./node_modules/pac-resolver/dist/ip.d.ts.map,222
./node_modules/pac-resolver/dist/ip.js,1748
./node_modules/pac-resolver/dist/ip.js.map,1547
./node_modules/pac-resolver/dist/isInNet.d.ts,991
./node_modules/pac-resolver/dist/isInNet.d.ts.map,247
./node_modules/pac-resolver/dist/isInNet.js,1436
./node_modules/pac-resolver/dist/isInNet.js.map,565
./node_modules/pac-resolver/dist/isPlainHostName.d.ts,418
./node_modules/pac-resolver/dist/isPlainHostName.d.ts.map,213
./node_modules/pac-resolver/dist/isPlainHostName.js,528
./node_modules/pac-resolver/dist/isPlainHostName.js.map,246
./node_modules/pac-resolver/dist/isResolvable.d.ts,258
./node_modules/pac-resolver/dist/isResolvable.d.ts.map,199
./node_modules/pac-resolver/dist/isResolvable.js,561
./node_modules/pac-resolver/dist/isResolvable.js.map,389
./node_modules/pac-resolver/dist/localHostOrDomainIs.d.ts,894
./node_modules/pac-resolver/dist/localHostOrDomainIs.d.ts.map,252
./node_modules/pac-resolver/dist/localHostOrDomainIs.js,1240
./node_modules/pac-resolver/dist/localHostOrDomainIs.js.map,578
./node_modules/pac-resolver/dist/myIpAddress.d.ts,428
./node_modules/pac-resolver/dist/myIpAddress.d.ts.map,186
./node_modules/pac-resolver/dist/myIpAddress.js,1658
./node_modules/pac-resolver/dist/myIpAddress.js.map,989
./node_modules/pac-resolver/dist/shExpMatch.d.ts,736
./node_modules/pac-resolver/dist/shExpMatch.d.ts.map,229
./node_modules/pac-resolver/dist/shExpMatch.js,1120
./node_modules/pac-resolver/dist/shExpMatch.js.map,541
./node_modules/pac-resolver/dist/timeRange.d.ts,1184
./node_modules/pac-resolver/dist/timeRange.d.ts.map,208
./node_modules/pac-resolver/dist/timeRange.js,3339
./node_modules/pac-resolver/dist/timeRange.js.map,2395
./node_modules/pac-resolver/dist/util.d.ts,306
./node_modules/pac-resolver/dist/util.d.ts.map,367
./node_modules/pac-resolver/dist/util.js,567
./node_modules/pac-resolver/dist/util.js.map,519
./node_modules/pac-resolver/dist/weekdayRange.d.ts,1448
./node_modules/pac-resolver/dist/weekdayRange.d.ts.map,347
./node_modules/pac-resolver/dist/weekdayRange.js,2662
./node_modules/pac-resolver/dist/weekdayRange.js.map,1580
./node_modules/pac-resolver/package.json,1094
./node_modules/package-json-from-dist/LICENSE.md,1764
./node_modules/package-json-from-dist/README.md,3122
./node_modules/package-json-from-dist/dist/commonjs/index.d.ts,2996
./node_modules/package-json-from-dist/dist/commonjs/index.d.ts.map,342
./node_modules/package-json-from-dist/dist/commonjs/index.js,5017
./node_modules/package-json-from-dist/dist/commonjs/index.js.map,6769
./node_modules/package-json-from-dist/dist/commonjs/package.json,25
./node_modules/package-json-from-dist/dist/esm/index.d.ts,2996
./node_modules/package-json-from-dist/dist/esm/index.d.ts.map,342
./node_modules/package-json-from-dist/dist/esm/index.js,4572
./node_modules/package-json-from-dist/dist/esm/index.js.map,6795
./node_modules/package-json-from-dist/dist/esm/package.json,23
./node_modules/package-json-from-dist/package.json,1690
./node_modules/parent-module/index.js,641
./node_modules/parent-module/license,1109
./node_modules/parent-module/package.json,712
./node_modules/parent-module/readme.md,1460
./node_modules/parse-json/index.js,1330
./node_modules/parse-json/license,1117
./node_modules/parse-json/package.json,825
./node_modules/parse-json/readme.md,2137
./node_modules/path-key/index.d.ts,1032
./node_modules/path-key/index.js,415
./node_modules/path-key/license,1109
./node_modules/path-key/package.json,650
./node_modules/path-key/readme.md,1347
./node_modules/path-scurry/LICENSE.md,1552
./node_modules/path-scurry/README.md,22018
./node_modules/path-scurry/dist/commonjs/index.d.ts,39739
./node_modules/path-scurry/dist/commonjs/index.d.ts.map,18206
./node_modules/path-scurry/dist/commonjs/index.js,66148
./node_modules/path-scurry/dist/commonjs/index.js.map,131581
./node_modules/path-scurry/dist/commonjs/package.json,25
./node_modules/path-scurry/dist/esm/index.d.ts,39739
./node_modules/path-scurry/dist/esm/index.d.ts.map,18206
./node_modules/path-scurry/dist/esm/index.js,64343
./node_modules/path-scurry/dist/esm/index.js.map,131710
./node_modules/path-scurry/dist/esm/package.json,23
./node_modules/path-scurry/package.json,2116
./node_modules/pend/LICENSE,1082
./node_modules/pend/README.md,973
./node_modules/pend/index.js,1101
./node_modules/pend/package.json,410
./node_modules/pend/test.js,2449
./node_modules/picocolors/LICENSE,787
./node_modules/picocolors/README.md,622
./node_modules/picocolors/package.json,552
./node_modules/picocolors/picocolors.browser.js,598
./node_modules/picocolors/picocolors.d.ts,138
./node_modules/picocolors/picocolors.js,2663
./node_modules/picocolors/types.d.ts,1013
./node_modules/portfinder/LICENSE,1075
./node_modules/portfinder/README.md,1526
./node_modules/portfinder/lib/portfinder.d.ts,2923
./node_modules/portfinder/lib/portfinder.js,16254
./node_modules/portfinder/package.json,741
./node_modules/postcss/LICENSE,1095
./node_modules/postcss/README.md,1200
./node_modules/postcss/lib/at-rule.d.ts,3426
./node_modules/postcss/lib/at-rule.js,471
./node_modules/postcss/lib/comment.d.ts,1750
./node_modules/postcss/lib/comment.js,203
./node_modules/postcss/lib/container.d.ts,14113
./node_modules/postcss/lib/container.js,10647
./node_modules/postcss/lib/css-syntax-error.d.ts,6517
./node_modules/postcss/lib/css-syntax-error.js,3402
./node_modules/postcss/lib/declaration.d.ts,3903
./node_modules/postcss/lib/declaration.js,495
./node_modules/postcss/lib/document.d.ts,1954
./node_modules/postcss/lib/document.js,654
./node_modules/postcss/lib/fromJSON.d.ts,162
./node_modules/postcss/lib/fromJSON.js,1506
./node_modules/postcss/lib/input.d.ts,5196
./node_modules/postcss/lib/input.js,6752
./node_modules/postcss/lib/lazy-result.d.ts,5007
./node_modules/postcss/lib/lazy-result.js,13562
./node_modules/postcss/lib/list.d.ts,1426
./node_modules/postcss/lib/list.js,1227
./node_modules/postcss/lib/map-generator.js,9721
./node_modules/postcss/lib/no-work-result.d.ts,1573
./node_modules/postcss/lib/no-work-result.js,2624
./node_modules/postcss/lib/node.d.ts,14753
./node_modules/postcss/lib/node.js,10719
./node_modules/postcss/lib/parse.d.ts,135
./node_modules/postcss/lib/parse.js,1147
./node_modules/postcss/lib/parser.js,14852
./node_modules/postcss/lib/postcss.d.mts,1049
./node_modules/postcss/lib/postcss.d.ts,11461
./node_modules/postcss/lib/postcss.js,2898
./node_modules/postcss/lib/postcss.mjs,980
./node_modules/postcss/lib/previous-map.d.ts,1827
./node_modules/postcss/lib/previous-map.js,3984
./node_modules/postcss/lib/processor.d.ts,3415
./node_modules/postcss/lib/processor.js,1738
./node_modules/postcss/lib/result.d.ts,4416
./node_modules/postcss/lib/result.js,738
./node_modules/postcss/lib/root.d.ts,2323
./node_modules/postcss/lib/root.js,1239
./node_modules/postcss/lib/rule.d.ts,2967
./node_modules/postcss/lib/rule.js,569
./node_modules/postcss/lib/stringifier.d.ts,1430
./node_modules/postcss/lib/stringifier.js,8220
./node_modules/postcss/lib/stringify.d.ts,165
./node_modules/postcss/lib/stringify.js,213
./node_modules/postcss/lib/symbols.js,91
./node_modules/postcss/lib/terminal-highlight.js,1399
./node_modules/postcss/lib/tokenize.js,6538
./node_modules/postcss/lib/warn-once.js,256
./node_modules/postcss/lib/warning.d.ts,2994
./node_modules/postcss/lib/warning.js,739
./node_modules/postcss/package.json,2496
./node_modules/progress/CHANGELOG.md,3388
./node_modules/progress/LICENSE,1098
./node_modules/progress/Makefile,154
./node_modules/progress/Readme.md,3516
./node_modules/progress/index.js,49
./node_modules/progress/lib/node-progress.js,6678
./node_modules/progress/package.json,616
./node_modules/property-graph/LICENSE,1078
./node_modules/property-graph/README.md,5448
./node_modules/property-graph/dist/constants.d.ts,1359
./node_modules/property-graph/dist/event-dispatcher.d.ts,817
./node_modules/property-graph/dist/graph-edge.d.ts,1477
./node_modules/property-graph/dist/graph-node.d.ts,7159
./node_modules/property-graph/dist/graph.d.ts,1925
./node_modules/property-graph/dist/index.d.ts,192
./node_modules/property-graph/dist/property-graph.cjs,18999
./node_modules/property-graph/dist/property-graph.cjs.map,40167
./node_modules/property-graph/dist/property-graph.esm.js,18832
./node_modules/property-graph/dist/property-graph.esm.js.map,40162
./node_modules/property-graph/dist/property-graph.modern.js,19194
./node_modules/property-graph/dist/property-graph.modern.js.map,40122
./node_modules/property-graph/dist/refs.d.ts,1571
./node_modules/property-graph/package.json,1912
./node_modules/property-graph/src/constants.ts,1348
./node_modules/property-graph/src/event-dispatcher.ts,1749
./node_modules/property-graph/src/graph-edge.ts,1834
./node_modules/property-graph/src/graph-node.ts,13336
./node_modules/property-graph/src/graph.ts,3256
./node_modules/property-graph/src/index.ts,223
./node_modules/property-graph/src/refs.ts,2704
./node_modules/proxy-agent/LICENSE,1101
./node_modules/proxy-agent/README.md,2645
./node_modules/proxy-agent/dist/index.d.ts,2573
./node_modules/proxy-agent/dist/index.d.ts.map,1682
./node_modules/proxy-agent/dist/index.js,5741
./node_modules/proxy-agent/dist/index.js.map,3701
./node_modules/proxy-agent/node_modules/lru-cache/LICENSE,775
./node_modules/proxy-agent/node_modules/lru-cache/README.md,36667
./node_modules/proxy-agent/node_modules/lru-cache/index.d.ts,26485
./node_modules/proxy-agent/node_modules/lru-cache/index.js,33933
./node_modules/proxy-agent/node_modules/lru-cache/index.mjs,33931
./node_modules/proxy-agent/node_modules/lru-cache/package.json,2133
./node_modules/proxy-agent/package.json,1486
./node_modules/proxy-from-env/.eslintrc,743
./node_modules/proxy-from-env/.travis.yml,328
./node_modules/proxy-from-env/LICENSE,1087
./node_modules/proxy-from-env/README.md,5270
./node_modules/proxy-from-env/index.js,3348
./node_modules/proxy-from-env/package.json,956
./node_modules/proxy-from-env/test.js,17720
./node_modules/pump/.github/FUNDING.yml,39
./node_modules/pump/.travis.yml,58
./node_modules/pump/LICENSE,1078
./node_modules/pump/README.md,2449
./node_modules/pump/SECURITY.md,193
./node_modules/pump/index.js,2292
./node_modules/pump/package.json,530
./node_modules/pump/test-browser.js,1172
./node_modules/pump/test-node.js,992
./node_modules/puppeteer-core/README.md,2092
./node_modules/puppeteer-core/lib/cjs/puppeteer/api/Browser.d.ts,10630
./node_modules/puppeteer-core/lib/cjs/puppeteer/api/Browser.d.ts.map,3180
./node_modules/puppeteer-core/lib/cjs/puppeteer/api/Browser.js,5084
./node_modules/puppeteer-core/lib/cjs/puppeteer/api/Browser.js.map,2259
./node_modules/puppeteer-core/lib/cjs/puppeteer/api/BrowserContext.d.ts,7392
./node_modules/puppeteer-core/lib/cjs/puppeteer/api/BrowserContext.d.ts.map,1962
./node_modules/puppeteer-core/lib/cjs/puppeteer/api/BrowserContext.js,4193
./node_modules/puppeteer-core/lib/cjs/puppeteer/api/BrowserContext.js.map,1641
./node_modules/puppeteer-core/lib/cjs/puppeteer/api/CDPSession.d.ts,3273
./node_modules/puppeteer-core/lib/cjs/puppeteer/api/CDPSession.d.ts.map,1590
./node_modules/puppeteer-core/lib/cjs/puppeteer/api/CDPSession.js,2304
./node_modules/puppeteer-core/lib/cjs/puppeteer/api/CDPSession.js.map,657
./node_modules/puppeteer-core/lib/cjs/puppeteer/api/Dialog.d.ts,1773
./node_modules/puppeteer-core/lib/cjs/puppeteer/api/Dialog.d.ts.map,746
./node_modules/puppeteer-core/lib/cjs/puppeteer/api/Dialog.js,2295
./node_modules/puppeteer-core/lib/cjs/puppeteer/api/Dialog.js.map,1114
./node_modules/puppeteer-core/lib/cjs/puppeteer/api/ElementHandle.d.ts,24456
./node_modules/puppeteer-core/lib/cjs/puppeteer/api/ElementHandle.d.ts.map,7731
./node_modules/puppeteer-core/lib/cjs/puppeteer/api/ElementHandle.js,64945
./node_modules/puppeteer-core/lib/cjs/puppeteer/api/ElementHandle.js.map,26978
./node_modules/puppeteer-core/lib/cjs/puppeteer/api/ElementHandleSymbol.d.ts,213
./node_modules/puppeteer-core/lib/cjs/puppeteer/api/ElementHandleSymbol.d.ts.map,201
./node_modules/puppeteer-core/lib/cjs/puppeteer/api/ElementHandleSymbol.js,324
./node_modules/puppeteer-core/lib/cjs/puppeteer/api/ElementHandleSymbol.js.map,218
./node_modules/puppeteer-core/lib/cjs/puppeteer/api/Environment.d.ts,330
./node_modules/puppeteer-core/lib/cjs/puppeteer/api/Environment.d.ts.map,329
./node_modules/puppeteer-core/lib/cjs/puppeteer/api/Environment.js,205
./node_modules/puppeteer-core/lib/cjs/puppeteer/api/Environment.js.map,140
./node_modules/puppeteer-core/lib/cjs/puppeteer/api/Frame.d.ts,28777
./node_modules/puppeteer-core/lib/cjs/puppeteer/api/Frame.d.ts.map,7238
./node_modules/puppeteer-core/lib/cjs/puppeteer/api/Frame.js,41325
./node_modules/puppeteer-core/lib/cjs/puppeteer/api/Frame.js.map,10826
./node_modules/puppeteer-core/lib/cjs/puppeteer/api/HTTPRequest.d.ts,12739
./node_modules/puppeteer-core/lib/cjs/puppeteer/api/HTTPRequest.d.ts.map,4342
./node_modules/puppeteer-core/lib/cjs/puppeteer/api/HTTPRequest.js,16001
./node_modules/puppeteer-core/lib/cjs/puppeteer/api/HTTPRequest.js.map,8472
./node_modules/puppeteer-core/lib/cjs/puppeteer/api/HTTPResponse.d.ts,3042
./node_modules/puppeteer-core/lib/cjs/puppeteer/api/HTTPResponse.d.ts.map,1209
./node_modules/puppeteer-core/lib/cjs/puppeteer/api/HTTPResponse.js,1240
./node_modules/puppeteer-core/lib/cjs/puppeteer/api/HTTPResponse.js.map,676
./node_modules/puppeteer-core/lib/cjs/puppeteer/api/Input.d.ts,14669
./node_modules/puppeteer-core/lib/cjs/puppeteer/api/Input.d.ts.map,3603
./node_modules/puppeteer-core/lib/cjs/puppeteer/api/Input.js,4524
./node_modules/puppeteer-core/lib/cjs/puppeteer/api/Input.js.map,796
./node_modules/puppeteer-core/lib/cjs/puppeteer/api/JSHandle.d.ts,4194
./node_modules/puppeteer-core/lib/cjs/puppeteer/api/JSHandle.d.ts.map,1905
./node_modules/puppeteer-core/lib/cjs/puppeteer/api/JSHandle.js,10244
./node_modules/puppeteer-core/lib/cjs/puppeteer/api/JSHandle.js.map,2236
./node_modules/puppeteer-core/lib/cjs/puppeteer/api/Page.d.ts,78087
./node_modules/puppeteer-core/lib/cjs/puppeteer/api/Page.d.ts.map,16869
./node_modules/puppeteer-core/lib/cjs/puppeteer/api/Page.js,60781
./node_modules/puppeteer-core/lib/cjs/puppeteer/api/Page.js.map,18141
./node_modules/puppeteer-core/lib/cjs/puppeteer/api/Realm.d.ts,1970
./node_modules/puppeteer-core/lib/cjs/puppeteer/api/Realm.d.ts.map,1938
./node_modules/puppeteer-core/lib/cjs/puppeteer/api/Realm.js,1426
./node_modules/puppeteer-core/lib/cjs/puppeteer/api/Realm.js.map,1085
./node_modules/puppeteer-core/lib/cjs/puppeteer/api/Target.d.ts,2343
./node_modules/puppeteer-core/lib/cjs/puppeteer/api/Target.d.ts.map,1047
./node_modules/puppeteer-core/lib/cjs/puppeteer/api/Target.js,1374
./node_modules/puppeteer-core/lib/cjs/puppeteer/api/Target.js.map,563
./node_modules/puppeteer-core/lib/cjs/puppeteer/api/WebWorker.d.ts,3706
./node_modules/puppeteer-core/lib/cjs/puppeteer/api/WebWorker.d.ts.map,1217
./node_modules/puppeteer-core/lib/cjs/puppeteer/api/WebWorker.js,3774
./node_modules/puppeteer-core/lib/cjs/puppeteer/api/WebWorker.js.map,1054
./node_modules/puppeteer-core/lib/cjs/puppeteer/api/api.d.ts,633
./node_modules/puppeteer-core/lib/cjs/puppeteer/api/api.d.ts.map,476
./node_modules/puppeteer-core/lib/cjs/puppeteer/api/api.js,1676
./node_modules/puppeteer-core/lib/cjs/puppeteer/api/api.js.map,346
./node_modules/puppeteer-core/lib/cjs/puppeteer/api/locators/locators.d.ts,10919
./node_modules/puppeteer-core/lib/cjs/puppeteer/api/locators/locators.d.ts.map,7481
./node_modules/puppeteer-core/lib/cjs/puppeteer/api/locators/locators.js,27817
./node_modules/puppeteer-core/lib/cjs/puppeteer/api/locators/locators.js.map,18408
./node_modules/puppeteer-core/lib/cjs/puppeteer/bidi/BidiOverCdp.d.ts,476
./node_modules/puppeteer-core/lib/cjs/puppeteer/bidi/BidiOverCdp.d.ts.map,396
./node_modules/puppeteer-core/lib/cjs/puppeteer/bidi/BidiOverCdp.js,5845
./node_modules/puppeteer-core/lib/cjs/puppeteer/bidi/BidiOverCdp.js.map,3855
./node_modules/puppeteer-core/lib/cjs/puppeteer/bidi/Browser.d.ts,2035
./node_modules/puppeteer-core/lib/cjs/puppeteer/bidi/Browser.d.ts.map,1741
./node_modules/puppeteer-core/lib/cjs/puppeteer/bidi/Browser.js,11395
./node_modules/puppeteer-core/lib/cjs/puppeteer/bidi/Browser.js.map,5228
./node_modules/puppeteer-core/lib/cjs/puppeteer/bidi/BrowserConnector.d.ts,879
./node_modules/puppeteer-core/lib/cjs/puppeteer/bidi/BrowserConnector.d.ts.map,455
./node_modules/puppeteer-core/lib/cjs/puppeteer/bidi/BrowserConnector.js,4870
./node_modules/puppeteer-core/lib/cjs/puppeteer/bidi/BrowserConnector.js.map,2187
./node_modules/puppeteer-core/lib/cjs/puppeteer/bidi/BrowserContext.d.ts,1457
./node_modules/puppeteer-core/lib/cjs/puppeteer/bidi/BrowserContext.d.ts.map,1247
./node_modules/puppeteer-core/lib/cjs/puppeteer/bidi/BrowserContext.js,15279
./node_modules/puppeteer-core/lib/cjs/puppeteer/bidi/BrowserContext.js.map,6911
./node_modules/puppeteer-core/lib/cjs/puppeteer/bidi/CDPSession.d.ts,1014
./node_modules/puppeteer-core/lib/cjs/puppeteer/bidi/CDPSession.d.ts.map,894
./node_modules/puppeteer-core/lib/cjs/puppeteer/bidi/CDPSession.js,2983
./node_modules/puppeteer-core/lib/cjs/puppeteer/bidi/CDPSession.js.map,2577
./node_modules/puppeteer-core/lib/cjs/puppeteer/bidi/Connection.d.ts,2025
./node_modules/puppeteer-core/lib/cjs/puppeteer/bidi/Connection.d.ts.map,1626
./node_modules/puppeteer-core/lib/cjs/puppeteer/bidi/Connection.js,4870
./node_modules/puppeteer-core/lib/cjs/puppeteer/bidi/Connection.js.map,3864
./node_modules/puppeteer-core/lib/cjs/puppeteer/bidi/Deserializer.d.ts,343
./node_modules/puppeteer-core/lib/cjs/puppeteer/bidi/Deserializer.d.ts.map,295
./node_modules/puppeteer-core/lib/cjs/puppeteer/bidi/Deserializer.js,2838
./node_modules/puppeteer-core/lib/cjs/puppeteer/bidi/Deserializer.js.map,2406
./node_modules/puppeteer-core/lib/cjs/puppeteer/bidi/Dialog.d.ts,458
./node_modules/puppeteer-core/lib/cjs/puppeteer/bidi/Dialog.d.ts.map,430
./node_modules/puppeteer-core/lib/cjs/puppeteer/bidi/Dialog.js,779
./node_modules/puppeteer-core/lib/cjs/puppeteer/bidi/Dialog.js.map,670
./node_modules/puppeteer-core/lib/cjs/puppeteer/bidi/ElementHandle.d.ts,1348
./node_modules/puppeteer-core/lib/cjs/puppeteer/bidi/ElementHandle.d.ts.map,1279
./node_modules/puppeteer-core/lib/cjs/puppeteer/bidi/ElementHandle.js,10580
./node_modules/puppeteer-core/lib/cjs/puppeteer/bidi/ElementHandle.js.map,3007
./node_modules/puppeteer-core/lib/cjs/puppeteer/bidi/ExposedFunction.d.ts,730
./node_modules/puppeteer-core/lib/cjs/puppeteer/bidi/ExposedFunction.d.ts.map,785
./node_modules/puppeteer-core/lib/cjs/puppeteer/bidi/ExposedFunction.js,10608
./node_modules/puppeteer-core/lib/cjs/puppeteer/bidi/ExposedFunction.js.map,6345
./node_modules/puppeteer-core/lib/cjs/puppeteer/bidi/Frame.d.ts,2319
./node_modules/puppeteer-core/lib/cjs/puppeteer/bidi/Frame.d.ts.map,2102
./node_modules/puppeteer-core/lib/cjs/puppeteer/bidi/Frame.js,24910
./node_modules/puppeteer-core/lib/cjs/puppeteer/bidi/Frame.js.map,14705
./node_modules/puppeteer-core/lib/cjs/puppeteer/bidi/HTTPRequest.d.ts,1712
./node_modules/puppeteer-core/lib/cjs/puppeteer/bidi/HTTPRequest.d.ts.map,1492
./node_modules/puppeteer-core/lib/cjs/puppeteer/bidi/HTTPRequest.js,8471
./node_modules/puppeteer-core/lib/cjs/puppeteer/bidi/HTTPRequest.js.map,7706
./node_modules/puppeteer-core/lib/cjs/puppeteer/bidi/HTTPResponse.d.ts,1122
./node_modules/puppeteer-core/lib/cjs/puppeteer/bidi/HTTPResponse.d.ts.map,934
./node_modules/puppeteer-core/lib/cjs/puppeteer/bidi/HTTPResponse.js,7064
./node_modules/puppeteer-core/lib/cjs/puppeteer/bidi/HTTPResponse.js.map,2983
./node_modules/puppeteer-core/lib/cjs/puppeteer/bidi/Input.d.ts,2248
./node_modules/puppeteer-core/lib/cjs/puppeteer/bidi/Input.d.ts.map,2157
./node_modules/puppeteer-core/lib/cjs/puppeteer/bidi/Input.js,17798
./node_modules/puppeteer-core/lib/cjs/puppeteer/bidi/Input.js.map,13067
./node_modules/puppeteer-core/lib/cjs/puppeteer/bidi/JSHandle.d.ts,944
./node_modules/puppeteer-core/lib/cjs/puppeteer/bidi/JSHandle.d.ts.map,917
./node_modules/puppeteer-core/lib/cjs/puppeteer/bidi/JSHandle.js,1980
./node_modules/puppeteer-core/lib/cjs/puppeteer/bidi/JSHandle.js.map,1614
./node_modules/puppeteer-core/lib/cjs/puppeteer/bidi/Page.d.ts,5584
./node_modules/puppeteer-core/lib/cjs/puppeteer/bidi/Page.d.ts.map,5068
./node_modules/puppeteer-core/lib/cjs/puppeteer/bidi/Page.js,35347
./node_modules/puppeteer-core/lib/cjs/puppeteer/bidi/Page.js.map,22282
./node_modules/puppeteer-core/lib/cjs/puppeteer/bidi/Realm.d.ts,2834
./node_modules/puppeteer-core/lib/cjs/puppeteer/bidi/Realm.d.ts.map,2606
./node_modules/puppeteer-core/lib/cjs/puppeteer/bidi/Realm.js,12372
./node_modules/puppeteer-core/lib/cjs/puppeteer/bidi/Realm.js.map,7866
./node_modules/puppeteer-core/lib/cjs/puppeteer/bidi/Serializer.d.ts,337
./node_modules/puppeteer-core/lib/cjs/puppeteer/bidi/Serializer.d.ts.map,289
./node_modules/puppeteer-core/lib/cjs/puppeteer/bidi/Serializer.js,3513
./node_modules/puppeteer-core/lib/cjs/puppeteer/bidi/Serializer.js.map,2750
./node_modules/puppeteer-core/lib/cjs/puppeteer/bidi/Target.d.ts,1990
./node_modules/puppeteer-core/lib/cjs/puppeteer/bidi/Target.d.ts.map,1599
./node_modules/puppeteer-core/lib/cjs/puppeteer/bidi/Target.js,3705
./node_modules/puppeteer-core/lib/cjs/puppeteer/bidi/Target.js.map,3033
./node_modules/puppeteer-core/lib/cjs/puppeteer/bidi/WebWorker.d.ts,714
./node_modules/puppeteer-core/lib/cjs/puppeteer/bidi/WebWorker.d.ts.map,602
./node_modules/puppeteer-core/lib/cjs/puppeteer/bidi/WebWorker.js,989
./node_modules/puppeteer-core/lib/cjs/puppeteer/bidi/WebWorker.js.map,756
./node_modules/puppeteer-core/lib/cjs/puppeteer/bidi/bidi.d.ts,504
./node_modules/puppeteer-core/lib/cjs/puppeteer/bidi/bidi.d.ts.map,391
./node_modules/puppeteer-core/lib/cjs/puppeteer/bidi/bidi.js,1475
./node_modules/puppeteer-core/lib/cjs/puppeteer/bidi/bidi.js.map,297
./node_modules/puppeteer-core/lib/cjs/puppeteer/bidi/core/Browser.d.ts,1955
./node_modules/puppeteer-core/lib/cjs/puppeteer/bidi/core/Browser.d.ts.map,1585
./node_modules/puppeteer-core/lib/cjs/puppeteer/bidi/core/Browser.js,13785
./node_modules/puppeteer-core/lib/cjs/puppeteer/bidi/core/Browser.js.map,5407
./node_modules/puppeteer-core/lib/cjs/puppeteer/bidi/core/BrowsingContext.d.ts,5034
./node_modules/puppeteer-core/lib/cjs/puppeteer/bidi/core/BrowsingContext.d.ts.map,4297
./node_modules/puppeteer-core/lib/cjs/puppeteer/bidi/core/BrowsingContext.js,27392
./node_modules/puppeteer-core/lib/cjs/puppeteer/bidi/core/BrowsingContext.js.map,13546
./node_modules/puppeteer-core/lib/cjs/puppeteer/bidi/core/Connection.d.ts,6070
./node_modules/puppeteer-core/lib/cjs/puppeteer/bidi/core/Connection.d.ts.map,5278
./node_modules/puppeteer-core/lib/cjs/puppeteer/bidi/core/Connection.js,204
./node_modules/puppeteer-core/lib/cjs/puppeteer/bidi/core/Connection.js.map,147
./node_modules/puppeteer-core/lib/cjs/puppeteer/bidi/core/Navigation.d.ts,1116
./node_modules/puppeteer-core/lib/cjs/puppeteer/bidi/core/Navigation.d.ts.map,858
./node_modules/puppeteer-core/lib/cjs/puppeteer/bidi/core/Navigation.js,7748
./node_modules/puppeteer-core/lib/cjs/puppeteer/bidi/core/Navigation.js.map,3612
./node_modules/puppeteer-core/lib/cjs/puppeteer/bidi/core/Realm.d.ts,2996
./node_modules/puppeteer-core/lib/cjs/puppeteer/bidi/core/Realm.d.ts.map,2479
./node_modules/puppeteer-core/lib/cjs/puppeteer/bidi/core/Realm.js,12640
./node_modules/puppeteer-core/lib/cjs/puppeteer/bidi/core/Realm.js.map,7651
./node_modules/puppeteer-core/lib/cjs/puppeteer/bidi/core/Request.d.ts,1996
./node_modules/puppeteer-core/lib/cjs/puppeteer/bidi/core/Request.d.ts.map,1800
./node_modules/puppeteer-core/lib/cjs/puppeteer/bidi/core/Request.js,9952
./node_modules/puppeteer-core/lib/cjs/puppeteer/bidi/core/Request.js.map,5657
./node_modules/puppeteer-core/lib/cjs/puppeteer/bidi/core/Session.d.ts,1769
./node_modules/puppeteer-core/lib/cjs/puppeteer/bidi/core/Session.d.ts.map,1502
./node_modules/puppeteer-core/lib/cjs/puppeteer/bidi/core/Session.js,9643
./node_modules/puppeteer-core/lib/cjs/puppeteer/bidi/core/Session.js.map,3310
./node_modules/puppeteer-core/lib/cjs/puppeteer/bidi/core/UserContext.d.ts,1955
./node_modules/puppeteer-core/lib/cjs/puppeteer/bidi/core/UserContext.d.ts.map,1617
./node_modules/puppeteer-core/lib/cjs/puppeteer/bidi/core/UserContext.js,10862
./node_modules/puppeteer-core/lib/cjs/puppeteer/bidi/core/UserContext.js.map,4732
./node_modules/puppeteer-core/lib/cjs/puppeteer/bidi/core/UserPrompt.d.ts,1446
./node_modules/puppeteer-core/lib/cjs/puppeteer/bidi/core/UserPrompt.d.ts.map,1135
./node_modules/puppeteer-core/lib/cjs/puppeteer/bidi/core/UserPrompt.js,6637
./node_modules/puppeteer-core/lib/cjs/puppeteer/bidi/core/UserPrompt.js.map,2531
./node_modules/puppeteer-core/lib/cjs/puppeteer/bidi/core/core.d.ts,412
./node_modules/puppeteer-core/lib/cjs/puppeteer/bidi/core/core.d.ts.map,334
./node_modules/puppeteer-core/lib/cjs/puppeteer/bidi/core/core.js,1329
./node_modules/puppeteer-core/lib/cjs/puppeteer/bidi/core/core.js.map,266
./node_modules/puppeteer-core/lib/cjs/puppeteer/bidi/util.d.ts,437
./node_modules/puppeteer-core/lib/cjs/puppeteer/bidi/util.d.ts.map,373
./node_modules/puppeteer-core/lib/cjs/puppeteer/bidi/util.js,2275
./node_modules/puppeteer-core/lib/cjs/puppeteer/bidi/util.js.map,1832
./node_modules/puppeteer-core/lib/cjs/puppeteer/cdp/Accessibility.d.ts,5079
./node_modules/puppeteer-core/lib/cjs/puppeteer/cdp/Accessibility.d.ts.map,1716
./node_modules/puppeteer-core/lib/cjs/puppeteer/cdp/Accessibility.js,14037
./node_modules/puppeteer-core/lib/cjs/puppeteer/cdp/Accessibility.js.map,10123
./node_modules/puppeteer-core/lib/cjs/puppeteer/cdp/AriaQueryHandler.d.ts,680
./node_modules/puppeteer-core/lib/cjs/puppeteer/cdp/AriaQueryHandler.d.ts.map,589
./node_modules/puppeteer-core/lib/cjs/puppeteer/cdp/AriaQueryHandler.js,2467
./node_modules/puppeteer-core/lib/cjs/puppeteer/cdp/AriaQueryHandler.js.map,1654
./node_modules/puppeteer-core/lib/cjs/puppeteer/cdp/Binding.d.ts,695
./node_modules/puppeteer-core/lib/cjs/puppeteer/cdp/Binding.d.ts.map,505
./node_modules/puppeteer-core/lib/cjs/puppeteer/cdp/Binding.js,6392
./node_modules/puppeteer-core/lib/cjs/puppeteer/cdp/Binding.js.map,2893
./node_modules/puppeteer-core/lib/cjs/puppeteer/cdp/Browser.d.ts,2373
./node_modules/puppeteer-core/lib/cjs/puppeteer/cdp/Browser.d.ts.map,1980
./node_modules/puppeteer-core/lib/cjs/puppeteer/cdp/Browser.js,10725
./node_modules/puppeteer-core/lib/cjs/puppeteer/cdp/Browser.js.map,8485
./node_modules/puppeteer-core/lib/cjs/puppeteer/cdp/BrowserConnector.d.ts,654
./node_modules/puppeteer-core/lib/cjs/puppeteer/cdp/BrowserConnector.d.ts.map,447
./node_modules/puppeteer-core/lib/cjs/puppeteer/cdp/BrowserConnector.js,1496
./node_modules/puppeteer-core/lib/cjs/puppeteer/cdp/BrowserConnector.js.map,1037
./node_modules/puppeteer-core/lib/cjs/puppeteer/cdp/BrowserContext.d.ts,952
./node_modules/puppeteer-core/lib/cjs/puppeteer/cdp/BrowserContext.d.ts.map,885
./node_modules/puppeteer-core/lib/cjs/puppeteer/cdp/BrowserContext.js,4873
./node_modules/puppeteer-core/lib/cjs/puppeteer/cdp/BrowserContext.js.map,2264
./node_modules/puppeteer-core/lib/cjs/puppeteer/cdp/CDPSession.d.ts,1905
./node_modules/puppeteer-core/lib/cjs/puppeteer/cdp/CDPSession.d.ts.map,1336
./node_modules/puppeteer-core/lib/cjs/puppeteer/cdp/CDPSession.js,3590
./node_modules/puppeteer-core/lib/cjs/puppeteer/cdp/CDPSession.js.map,2496
./node_modules/puppeteer-core/lib/cjs/puppeteer/cdp/CdpPreloadScript.d.ts,488
./node_modules/puppeteer-core/lib/cjs/puppeteer/cdp/CdpPreloadScript.d.ts.map,467
./node_modules/puppeteer-core/lib/cjs/puppeteer/cdp/CdpPreloadScript.js,1151
./node_modules/puppeteer-core/lib/cjs/puppeteer/cdp/CdpPreloadScript.js.map,764
./node_modules/puppeteer-core/lib/cjs/puppeteer/cdp/ChromeTargetManager.d.ts,1116
./node_modules/puppeteer-core/lib/cjs/puppeteer/cdp/ChromeTargetManager.d.ts.map,755
./node_modules/puppeteer-core/lib/cjs/puppeteer/cdp/ChromeTargetManager.js,14193
./node_modules/puppeteer-core/lib/cjs/puppeteer/cdp/ChromeTargetManager.js.map,10210
./node_modules/puppeteer-core/lib/cjs/puppeteer/cdp/Connection.d.ts,2521
./node_modules/puppeteer-core/lib/cjs/puppeteer/cdp/Connection.d.ts.map,1988
./node_modules/puppeteer-core/lib/cjs/puppeteer/cdp/Connection.js,7400
./node_modules/puppeteer-core/lib/cjs/puppeteer/cdp/Connection.js.map,6012
./node_modules/puppeteer-core/lib/cjs/puppeteer/cdp/Coverage.d.ts,5592
./node_modules/puppeteer-core/lib/cjs/puppeteer/cdp/Coverage.d.ts.map,1865
./node_modules/puppeteer-core/lib/cjs/puppeteer/cdp/Coverage.js,13725
./node_modules/puppeteer-core/lib/cjs/puppeteer/cdp/Coverage.js.map,9983
./node_modules/puppeteer-core/lib/cjs/puppeteer/cdp/DeviceRequestPrompt.d.ts,2351
./node_modules/puppeteer-core/lib/cjs/puppeteer/cdp/DeviceRequestPrompt.d.ts.map,1107
./node_modules/puppeteer-core/lib/cjs/puppeteer/cdp/DeviceRequestPrompt.js,6931
./node_modules/puppeteer-core/lib/cjs/puppeteer/cdp/DeviceRequestPrompt.js.map,4966
./node_modules/puppeteer-core/lib/cjs/puppeteer/cdp/Dialog.d.ts,562
./node_modules/puppeteer-core/lib/cjs/puppeteer/cdp/Dialog.d.ts.map,525
./node_modules/puppeteer-core/lib/cjs/puppeteer/cdp/Dialog.js,715
./node_modules/puppeteer-core/lib/cjs/puppeteer/cdp/Dialog.js.map,545
./node_modules/puppeteer-core/lib/cjs/puppeteer/cdp/ElementHandle.d.ts,1543
./node_modules/puppeteer-core/lib/cjs/puppeteer/cdp/ElementHandle.d.ts.map,1270
./node_modules/puppeteer-core/lib/cjs/puppeteer/cdp/ElementHandle.js,11176
./node_modules/puppeteer-core/lib/cjs/puppeteer/cdp/ElementHandle.js.map,4398
./node_modules/puppeteer-core/lib/cjs/puppeteer/cdp/EmulationManager.d.ts,2076
./node_modules/puppeteer-core/lib/cjs/puppeteer/cdp/EmulationManager.d.ts.map,1860
./node_modules/puppeteer-core/lib/cjs/puppeteer/cdp/EmulationManager.js,23478
./node_modules/puppeteer-core/lib/cjs/puppeteer/cdp/EmulationManager.js.map,10837
./node_modules/puppeteer-core/lib/cjs/puppeteer/cdp/ExecutionContext.d.ts,4662
./node_modules/puppeteer-core/lib/cjs/puppeteer/cdp/ExecutionContext.d.ts.map,1502
./node_modules/puppeteer-core/lib/cjs/puppeteer/cdp/ExecutionContext.js,18378
./node_modules/puppeteer-core/lib/cjs/puppeteer/cdp/ExecutionContext.js.map,9977
./node_modules/puppeteer-core/lib/cjs/puppeteer/cdp/ExtensionTransport.d.ts,846
./node_modules/puppeteer-core/lib/cjs/puppeteer/cdp/ExtensionTransport.d.ts.map,506
./node_modules/puppeteer-core/lib/cjs/puppeteer/cdp/ExtensionTransport.js,5500
./node_modules/puppeteer-core/lib/cjs/puppeteer/cdp/ExtensionTransport.js.map,3871
./node_modules/puppeteer-core/lib/cjs/puppeteer/cdp/FirefoxTargetManager.d.ts,1631
./node_modules/puppeteer-core/lib/cjs/puppeteer/cdp/FirefoxTargetManager.d.ts.map,894
./node_modules/puppeteer-core/lib/cjs/puppeteer/cdp/FirefoxTargetManager.js,6703
./node_modules/puppeteer-core/lib/cjs/puppeteer/cdp/FirefoxTargetManager.js.map,4770
./node_modules/puppeteer-core/lib/cjs/puppeteer/cdp/Frame.d.ts,3036
./node_modules/puppeteer-core/lib/cjs/puppeteer/cdp/Frame.d.ts.map,2512
./node_modules/puppeteer-core/lib/cjs/puppeteer/cdp/Frame.js,17331
./node_modules/puppeteer-core/lib/cjs/puppeteer/cdp/Frame.js.map,8900
./node_modules/puppeteer-core/lib/cjs/puppeteer/cdp/FrameManager.d.ts,2208
./node_modules/puppeteer-core/lib/cjs/puppeteer/cdp/FrameManager.d.ts.map,1663
./node_modules/puppeteer-core/lib/cjs/puppeteer/cdp/FrameManager.js,18596
./node_modules/puppeteer-core/lib/cjs/puppeteer/cdp/FrameManager.js.map,14687
./node_modules/puppeteer-core/lib/cjs/puppeteer/cdp/FrameManagerEvents.d.ts,1505
./node_modules/puppeteer-core/lib/cjs/puppeteer/cdp/FrameManagerEvents.d.ts.map,1146
./node_modules/puppeteer-core/lib/cjs/puppeteer/cdp/FrameManagerEvents.js,1220
./node_modules/puppeteer-core/lib/cjs/puppeteer/cdp/FrameManagerEvents.js.map,624
./node_modules/puppeteer-core/lib/cjs/puppeteer/cdp/FrameTree.d.ts,1007
./node_modules/puppeteer-core/lib/cjs/puppeteer/cdp/FrameTree.d.ts.map,599
./node_modules/puppeteer-core/lib/cjs/puppeteer/cdp/FrameTree.js,2938
./node_modules/puppeteer-core/lib/cjs/puppeteer/cdp/FrameTree.js.map,2745
./node_modules/puppeteer-core/lib/cjs/puppeteer/cdp/HTTPRequest.d.ts,2253
./node_modules/puppeteer-core/lib/cjs/puppeteer/cdp/HTTPRequest.d.ts.map,1746
./node_modules/puppeteer-core/lib/cjs/puppeteer/cdp/HTTPRequest.js,5620
./node_modules/puppeteer-core/lib/cjs/puppeteer/cdp/HTTPRequest.js.map,4950
./node_modules/puppeteer-core/lib/cjs/puppeteer/cdp/HTTPResponse.d.ts,1209
./node_modules/puppeteer-core/lib/cjs/puppeteer/cdp/HTTPResponse.d.ts.map,1011
./node_modules/puppeteer-core/lib/cjs/puppeteer/cdp/HTTPResponse.js,4225
./node_modules/puppeteer-core/lib/cjs/puppeteer/cdp/HTTPResponse.js.map,3478
./node_modules/puppeteer-core/lib/cjs/puppeteer/cdp/Input.d.ts,2410
./node_modules/puppeteer-core/lib/cjs/puppeteer/cdp/Input.d.ts.map,2486
./node_modules/puppeteer-core/lib/cjs/puppeteer/cdp/Input.js,15631
./node_modules/puppeteer-core/lib/cjs/puppeteer/cdp/Input.js.map,14290
./node_modules/puppeteer-core/lib/cjs/puppeteer/cdp/IsolatedWorld.d.ts,2670
./node_modules/puppeteer-core/lib/cjs/puppeteer/cdp/IsolatedWorld.d.ts.map,2395
./node_modules/puppeteer-core/lib/cjs/puppeteer/cdp/IsolatedWorld.js,6170
./node_modules/puppeteer-core/lib/cjs/puppeteer/cdp/IsolatedWorld.js.map,4736
./node_modules/puppeteer-core/lib/cjs/puppeteer/cdp/IsolatedWorlds.d.ts,567
./node_modules/puppeteer-core/lib/cjs/puppeteer/cdp/IsolatedWorlds.d.ts.map,238
./node_modules/puppeteer-core/lib/cjs/puppeteer/cdp/IsolatedWorlds.js,690
./node_modules/puppeteer-core/lib/cjs/puppeteer/cdp/IsolatedWorlds.js.map,269
./node_modules/puppeteer-core/lib/cjs/puppeteer/cdp/JSHandle.d.ts,1216
./node_modules/puppeteer-core/lib/cjs/puppeteer/cdp/JSHandle.d.ts.map,1045
./node_modules/puppeteer-core/lib/cjs/puppeteer/cdp/JSHandle.js,3183
./node_modules/puppeteer-core/lib/cjs/puppeteer/cdp/JSHandle.js.map,2437
./node_modules/puppeteer-core/lib/cjs/puppeteer/cdp/LifecycleWatcher.d.ts,1438
./node_modules/puppeteer-core/lib/cjs/puppeteer/cdp/LifecycleWatcher.d.ts.map,984
./node_modules/puppeteer-core/lib/cjs/puppeteer/cdp/LifecycleWatcher.js,7203
./node_modules/puppeteer-core/lib/cjs/puppeteer/cdp/LifecycleWatcher.js.map,5653
./node_modules/puppeteer-core/lib/cjs/puppeteer/cdp/NetworkEventManager.d.ts,2365
./node_modules/puppeteer-core/lib/cjs/puppeteer/cdp/NetworkEventManager.d.ts.map,1767
./node_modules/puppeteer-core/lib/cjs/puppeteer/cdp/NetworkEventManager.js,5433
./node_modules/puppeteer-core/lib/cjs/puppeteer/cdp/NetworkEventManager.js.map,2914
./node_modules/puppeteer-core/lib/cjs/puppeteer/cdp/NetworkManager.d.ts,1734
./node_modules/puppeteer-core/lib/cjs/puppeteer/cdp/NetworkManager.d.ts.map,1468
./node_modules/puppeteer-core/lib/cjs/puppeteer/cdp/NetworkManager.js,21308
./node_modules/puppeteer-core/lib/cjs/puppeteer/cdp/NetworkManager.js.map,15627
./node_modules/puppeteer-core/lib/cjs/puppeteer/cdp/Page.d.ts,5821
./node_modules/puppeteer-core/lib/cjs/puppeteer/cdp/Page.d.ts.map,4855
./node_modules/puppeteer-core/lib/cjs/puppeteer/cdp/Page.js,37183
./node_modules/puppeteer-core/lib/cjs/puppeteer/cdp/Page.js.map,27759
./node_modules/puppeteer-core/lib/cjs/puppeteer/cdp/PredefinedNetworkConditions.d.ts,1392
./node_modules/puppeteer-core/lib/cjs/puppeteer/cdp/PredefinedNetworkConditions.d.ts.map,304
./node_modules/puppeteer-core/lib/cjs/puppeteer/cdp/PredefinedNetworkConditions.js,2505
./node_modules/puppeteer-core/lib/cjs/puppeteer/cdp/PredefinedNetworkConditions.js.map,1274
./node_modules/puppeteer-core/lib/cjs/puppeteer/cdp/Target.d.ts,2895
./node_modules/puppeteer-core/lib/cjs/puppeteer/cdp/Target.d.ts.map,2236
./node_modules/puppeteer-core/lib/cjs/puppeteer/cdp/Target.js,8100
./node_modules/puppeteer-core/lib/cjs/puppeteer/cdp/Target.js.map,6419
./node_modules/puppeteer-core/lib/cjs/puppeteer/cdp/TargetManager.d.ts,1943
./node_modules/puppeteer-core/lib/cjs/puppeteer/cdp/TargetManager.d.ts.map,1228
./node_modules/puppeteer-core/lib/cjs/puppeteer/cdp/TargetManager.js,207
./node_modules/puppeteer-core/lib/cjs/puppeteer/cdp/TargetManager.js.map,144
./node_modules/puppeteer-core/lib/cjs/puppeteer/cdp/Tracing.d.ts,1405
./node_modules/puppeteer-core/lib/cjs/puppeteer/cdp/Tracing.d.ts.map,580
./node_modules/puppeteer-core/lib/cjs/puppeteer/cdp/Tracing.js,3789
./node_modules/puppeteer-core/lib/cjs/puppeteer/cdp/Tracing.js.map,2297
./node_modules/puppeteer-core/lib/cjs/puppeteer/cdp/WebWorker.d.ts,1038
./node_modules/puppeteer-core/lib/cjs/puppeteer/cdp/WebWorker.d.ts.map,919
./node_modules/puppeteer-core/lib/cjs/puppeteer/cdp/WebWorker.js,2925
./node_modules/puppeteer-core/lib/cjs/puppeteer/cdp/WebWorker.js.map,2203
./node_modules/puppeteer-core/lib/cjs/puppeteer/cdp/cdp.d.ts,1391
./node_modules/puppeteer-core/lib/cjs/puppeteer/cdp/cdp.d.ts.map,930
./node_modules/puppeteer-core/lib/cjs/puppeteer/cdp/cdp.js,2794
./node_modules/puppeteer-core/lib/cjs/puppeteer/cdp/cdp.js.map,606
./node_modules/puppeteer-core/lib/cjs/puppeteer/cdp/utils.d.ts,821
./node_modules/puppeteer-core/lib/cjs/puppeteer/cdp/utils.d.ts.map,681
./node_modules/puppeteer-core/lib/cjs/puppeteer/cdp/utils.js,7053
./node_modules/puppeteer-core/lib/cjs/puppeteer/cdp/utils.js.map,6033
./node_modules/puppeteer-core/lib/cjs/puppeteer/common/BrowserConnector.d.ts,509
./node_modules/puppeteer-core/lib/cjs/puppeteer/common/BrowserConnector.d.ts.map,337
./node_modules/puppeteer-core/lib/cjs/puppeteer/common/BrowserConnector.js,4669
./node_modules/puppeteer-core/lib/cjs/puppeteer/common/BrowserConnector.js.map,2393
./node_modules/puppeteer-core/lib/cjs/puppeteer/common/BrowserWebSocketTransport.d.ts,551
./node_modules/puppeteer-core/lib/cjs/puppeteer/common/BrowserWebSocketTransport.d.ts.map,513
./node_modules/puppeteer-core/lib/cjs/puppeteer/common/BrowserWebSocketTransport.js,1255
./node_modules/puppeteer-core/lib/cjs/puppeteer/common/BrowserWebSocketTransport.js.map,1275
./node_modules/puppeteer-core/lib/cjs/puppeteer/common/CSSQueryHandler.d.ts,560
./node_modules/puppeteer-core/lib/cjs/puppeteer/common/CSSQueryHandler.d.ts.map,427
./node_modules/puppeteer-core/lib/cjs/puppeteer/common/CSSQueryHandler.js,703
./node_modules/puppeteer-core/lib/cjs/puppeteer/common/CSSQueryHandler.js.map,510
./node_modules/puppeteer-core/lib/cjs/puppeteer/common/CallbackRegistry.d.ts,1222
./node_modules/puppeteer-core/lib/cjs/puppeteer/common/CallbackRegistry.d.ts.map,1090
./node_modules/puppeteer-core/lib/cjs/puppeteer/common/CallbackRegistry.js,4186
./node_modules/puppeteer-core/lib/cjs/puppeteer/common/CallbackRegistry.js.map,3530
./node_modules/puppeteer-core/lib/cjs/puppeteer/common/Configuration.d.ts,3253
./node_modules/puppeteer-core/lib/cjs/puppeteer/common/Configuration.d.ts.map,847
./node_modules/puppeteer-core/lib/cjs/puppeteer/common/Configuration.js,207
./node_modules/puppeteer-core/lib/cjs/puppeteer/common/Configuration.js.map,147
./node_modules/puppeteer-core/lib/cjs/puppeteer/common/ConnectOptions.d.ts,1815
./node_modules/puppeteer-core/lib/cjs/puppeteer/common/ConnectOptions.d.ts.map,940
./node_modules/puppeteer-core/lib/cjs/puppeteer/common/ConnectOptions.js,208
./node_modules/puppeteer-core/lib/cjs/puppeteer/common/ConnectOptions.js.map,149
./node_modules/puppeteer-core/lib/cjs/puppeteer/common/ConnectionTransport.d.ts,319
./node_modules/puppeteer-core/lib/cjs/puppeteer/common/ConnectionTransport.d.ts.map,362
./node_modules/puppeteer-core/lib/cjs/puppeteer/common/ConnectionTransport.js,213
./node_modules/puppeteer-core/lib/cjs/puppeteer/common/ConnectionTransport.js.map,159
./node_modules/puppeteer-core/lib/cjs/puppeteer/common/ConsoleMessage.d.ts,1686
./node_modules/puppeteer-core/lib/cjs/puppeteer/common/ConsoleMessage.d.ts.map,916
./node_modules/puppeteer-core/lib/cjs/puppeteer/common/ConsoleMessage.js,1295
./node_modules/puppeteer-core/lib/cjs/puppeteer/common/ConsoleMessage.js.map,825
./node_modules/puppeteer-core/lib/cjs/puppeteer/common/Cookie.d.ts,4252
./node_modules/puppeteer-core/lib/cjs/puppeteer/common/Cookie.d.ts.map,1748
./node_modules/puppeteer-core/lib/cjs/puppeteer/common/Cookie.js,200
./node_modules/puppeteer-core/lib/cjs/puppeteer/common/Cookie.js.map,133
./node_modules/puppeteer-core/lib/cjs/puppeteer/common/CustomQueryHandler.d.ts,3229
./node_modules/puppeteer-core/lib/cjs/puppeteer/common/CustomQueryHandler.d.ts.map,1065
./node_modules/puppeteer-core/lib/cjs/puppeteer/common/CustomQueryHandler.js,5824
./node_modules/puppeteer-core/lib/cjs/puppeteer/common/CustomQueryHandler.js.map,3130
./node_modules/puppeteer-core/lib/cjs/puppeteer/common/Debug.d.ts,1519
./node_modules/puppeteer-core/lib/cjs/puppeteer/common/Debug.d.ts.map,547
./node_modules/puppeteer-core/lib/cjs/puppeteer/common/Debug.js,4088
./node_modules/puppeteer-core/lib/cjs/puppeteer/common/Debug.js.map,1519
./node_modules/puppeteer-core/lib/cjs/puppeteer/common/Device.d.ts,3543
./node_modules/puppeteer-core/lib/cjs/puppeteer/common/Device.d.ts.map,334
./node_modules/puppeteer-core/lib/cjs/puppeteer/common/Device.js,53990
./node_modules/puppeteer-core/lib/cjs/puppeteer/common/Device.js.map,26482
./node_modules/puppeteer-core/lib/cjs/puppeteer/common/Errors.d.ts,1441
./node_modules/puppeteer-core/lib/cjs/puppeteer/common/Errors.d.ts.map,680
./node_modules/puppeteer-core/lib/cjs/puppeteer/common/Errors.js,2027
./node_modules/puppeteer-core/lib/cjs/puppeteer/common/Errors.js.map,999
./node_modules/puppeteer-core/lib/cjs/puppeteer/common/EventEmitter.d.ts,3998
./node_modules/puppeteer-core/lib/cjs/puppeteer/common/EventEmitter.d.ts.map,2291
./node_modules/puppeteer-core/lib/cjs/puppeteer/common/EventEmitter.js,4401
./node_modules/puppeteer-core/lib/cjs/puppeteer/common/EventEmitter.js.map,2384
./node_modules/puppeteer-core/lib/cjs/puppeteer/common/FileChooser.d.ts,1848
./node_modules/puppeteer-core/lib/cjs/puppeteer/common/FileChooser.d.ts.map,546
./node_modules/puppeteer-core/lib/cjs/puppeteer/common/FileChooser.js,2562
./node_modules/puppeteer-core/lib/cjs/puppeteer/common/FileChooser.js.map,1041
./node_modules/puppeteer-core/lib/cjs/puppeteer/common/GetQueryHandler.d.ts,434
./node_modules/puppeteer-core/lib/cjs/puppeteer/common/GetQueryHandler.d.ts.map,393
./node_modules/puppeteer-core/lib/cjs/puppeteer/common/GetQueryHandler.js,2978
./node_modules/puppeteer-core/lib/cjs/puppeteer/common/GetQueryHandler.js.map,1663
./node_modules/puppeteer-core/lib/cjs/puppeteer/common/HandleIterator.d.ts,399
./node_modules/puppeteer-core/lib/cjs/puppeteer/common/HandleIterator.d.ts.map,399
./node_modules/puppeteer-core/lib/cjs/puppeteer/common/HandleIterator.js,4996
./node_modules/puppeteer-core/lib/cjs/puppeteer/common/HandleIterator.js.map,1618
./node_modules/puppeteer-core/lib/cjs/puppeteer/common/LazyArg.d.ts,614
./node_modules/puppeteer-core/lib/cjs/puppeteer/common/LazyArg.d.ts.map,489
./node_modules/puppeteer-core/lib/cjs/puppeteer/common/LazyArg.js,620
./node_modules/puppeteer-core/lib/cjs/puppeteer/common/LazyArg.js.map,482
./node_modules/puppeteer-core/lib/cjs/puppeteer/common/NetworkManagerEvents.d.ts,1075
./node_modules/puppeteer-core/lib/cjs/puppeteer/common/NetworkManagerEvents.d.ts.map,812
./node_modules/puppeteer-core/lib/cjs/puppeteer/common/NetworkManagerEvents.js,992
./node_modules/puppeteer-core/lib/cjs/puppeteer/common/NetworkManagerEvents.js.map,498
./node_modules/puppeteer-core/lib/cjs/puppeteer/common/PDFOptions.d.ts,4994
./node_modules/puppeteer-core/lib/cjs/puppeteer/common/PDFOptions.d.ts.map,1988
./node_modules/puppeteer-core/lib/cjs/puppeteer/common/PDFOptions.js,717
./node_modules/puppeteer-core/lib/cjs/puppeteer/common/PDFOptions.js.map,857
./node_modules/puppeteer-core/lib/cjs/puppeteer/common/PQueryHandler.d.ts,394
./node_modules/puppeteer-core/lib/cjs/puppeteer/common/PQueryHandler.d.ts.map,336
./node_modules/puppeteer-core/lib/cjs/puppeteer/common/PQueryHandler.js,685
./node_modules/puppeteer-core/lib/cjs/puppeteer/common/PQueryHandler.js.map,496
./node_modules/puppeteer-core/lib/cjs/puppeteer/common/PSelectorParser.d.ts,406
./node_modules/puppeteer-core/lib/cjs/puppeteer/common/PSelectorParser.d.ts.map,357
./node_modules/puppeteer-core/lib/cjs/puppeteer/common/PSelectorParser.js,3814
./node_modules/puppeteer-core/lib/cjs/puppeteer/common/PSelectorParser.js.map,3128
./node_modules/puppeteer-core/lib/cjs/puppeteer/common/PierceQueryHandler.d.ts,572
./node_modules/puppeteer-core/lib/cjs/puppeteer/common/PierceQueryHandler.d.ts.map,434
./node_modules/puppeteer-core/lib/cjs/puppeteer/common/PierceQueryHandler.js,730
./node_modules/puppeteer-core/lib/cjs/puppeteer/common/PierceQueryHandler.js.map,517
./node_modules/puppeteer-core/lib/cjs/puppeteer/common/Product.d.ts,212
./node_modules/puppeteer-core/lib/cjs/puppeteer/common/Product.d.ts.map,193
./node_modules/puppeteer-core/lib/cjs/puppeteer/common/Product.js,201
./node_modules/puppeteer-core/lib/cjs/puppeteer/common/Product.js.map,135
./node_modules/puppeteer-core/lib/cjs/puppeteer/common/Puppeteer.d.ts,2831
./node_modules/puppeteer-core/lib/cjs/puppeteer/common/Puppeteer.d.ts.map,885
./node_modules/puppeteer-core/lib/cjs/puppeteer/common/Puppeteer.js,3013
./node_modules/puppeteer-core/lib/cjs/puppeteer/common/Puppeteer.js.map,1033
./node_modules/puppeteer-core/lib/cjs/puppeteer/common/QueryHandler.d.ts,2131
./node_modules/puppeteer-core/lib/cjs/puppeteer/common/QueryHandler.d.ts.map,1387
./node_modules/puppeteer-core/lib/cjs/puppeteer/common/QueryHandler.js,9101
./node_modules/puppeteer-core/lib/cjs/puppeteer/common/QueryHandler.js.map,4098
./node_modules/puppeteer-core/lib/cjs/puppeteer/common/ScriptInjector.d.ts,333
./node_modules/puppeteer-core/lib/cjs/puppeteer/common/ScriptInjector.d.ts.map,378
./node_modules/puppeteer-core/lib/cjs/puppeteer/common/ScriptInjector.js,1369
./node_modules/puppeteer-core/lib/cjs/puppeteer/common/ScriptInjector.js.map,1083
./node_modules/puppeteer-core/lib/cjs/puppeteer/common/SecurityDetails.d.ts,1309
./node_modules/puppeteer-core/lib/cjs/puppeteer/common/SecurityDetails.d.ts.map,491
./node_modules/puppeteer-core/lib/cjs/puppeteer/common/SecurityDetails.js,1928
./node_modules/puppeteer-core/lib/cjs/puppeteer/common/SecurityDetails.js.map,988
./node_modules/puppeteer-core/lib/cjs/puppeteer/common/TaskQueue.d.ts,270
./node_modules/puppeteer-core/lib/cjs/puppeteer/common/TaskQueue.d.ts.map,261
./node_modules/puppeteer-core/lib/cjs/puppeteer/common/TaskQueue.js,612
./node_modules/puppeteer-core/lib/cjs/puppeteer/common/TaskQueue.js.map,531
./node_modules/puppeteer-core/lib/cjs/puppeteer/common/TextQueryHandler.d.ts,339
./node_modules/puppeteer-core/lib/cjs/puppeteer/common/TextQueryHandler.d.ts.map,295
./node_modules/puppeteer-core/lib/cjs/puppeteer/common/TextQueryHandler.js,577
./node_modules/puppeteer-core/lib/cjs/puppeteer/common/TextQueryHandler.js.map,365
./node_modules/puppeteer-core/lib/cjs/puppeteer/common/TimeoutSettings.d.ts,387
./node_modules/puppeteer-core/lib/cjs/puppeteer/common/TimeoutSettings.d.ts.map,317
./node_modules/puppeteer-core/lib/cjs/puppeteer/common/TimeoutSettings.js,1130
./node_modules/puppeteer-core/lib/cjs/puppeteer/common/TimeoutSettings.js.map,843
./node_modules/puppeteer-core/lib/cjs/puppeteer/common/USKeyboardLayout.d.ts,3005
./node_modules/puppeteer-core/lib/cjs/puppeteer/common/USKeyboardLayout.d.ts.map,3135
./node_modules/puppeteer-core/lib/cjs/puppeteer/common/USKeyboardLayout.js,17030
./node_modules/puppeteer-core/lib/cjs/puppeteer/common/USKeyboardLayout.js.map,22935
./node_modules/puppeteer-core/lib/cjs/puppeteer/common/Viewport.d.ts,1248
./node_modules/puppeteer-core/lib/cjs/puppeteer/common/Viewport.d.ts.map,432
./node_modules/puppeteer-core/lib/cjs/puppeteer/common/Viewport.js,202
./node_modules/puppeteer-core/lib/cjs/puppeteer/common/Viewport.js.map,137
./node_modules/puppeteer-core/lib/cjs/puppeteer/common/WaitTask.d.ts,1157
./node_modules/puppeteer-core/lib/cjs/puppeteer/common/WaitTask.d.ts.map,1137
./node_modules/puppeteer-core/lib/cjs/puppeteer/common/WaitTask.js,7039
./node_modules/puppeteer-core/lib/cjs/puppeteer/common/WaitTask.js.map,5820
./node_modules/puppeteer-core/lib/cjs/puppeteer/common/XPathQueryHandler.d.ts,402
./node_modules/puppeteer-core/lib/cjs/puppeteer/common/XPathQueryHandler.d.ts.map,346
./node_modules/puppeteer-core/lib/cjs/puppeteer/common/XPathQueryHandler.js,804
./node_modules/puppeteer-core/lib/cjs/puppeteer/common/XPathQueryHandler.js.map,595
./node_modules/puppeteer-core/lib/cjs/puppeteer/common/common.d.ts,1362
./node_modules/puppeteer-core/lib/cjs/puppeteer/common/common.d.ts.map,918
./node_modules/puppeteer-core/lib/cjs/puppeteer/common/common.js,2747
./node_modules/puppeteer-core/lib/cjs/puppeteer/common/common.js.map,602
./node_modules/puppeteer-core/lib/cjs/puppeteer/common/types.d.ts,4911
./node_modules/puppeteer-core/lib/cjs/puppeteer/common/types.d.ts.map,4731
./node_modules/puppeteer-core/lib/cjs/puppeteer/common/types.js,199
./node_modules/puppeteer-core/lib/cjs/puppeteer/common/types.js.map,131
./node_modules/puppeteer-core/lib/cjs/puppeteer/common/util.d.ts,3598
./node_modules/puppeteer-core/lib/cjs/puppeteer/common/util.d.ts.map,2700
./node_modules/puppeteer-core/lib/cjs/puppeteer/common/util.js,13542
./node_modules/puppeteer-core/lib/cjs/puppeteer/common/util.js.map,10348
./node_modules/puppeteer-core/lib/cjs/puppeteer/environment.d.ts,189
./node_modules/puppeteer-core/lib/cjs/puppeteer/environment.d.ts.map,176
./node_modules/puppeteer-core/lib/cjs/puppeteer/environment.js,323
./node_modules/puppeteer-core/lib/cjs/puppeteer/environment.js.map,231
./node_modules/puppeteer-core/lib/cjs/puppeteer/generated/injected.d.ts,10005
./node_modules/puppeteer-core/lib/cjs/puppeteer/generated/injected.d.ts.map,177
./node_modules/puppeteer-core/lib/cjs/puppeteer/generated/injected.js,10092
./node_modules/puppeteer-core/lib/cjs/puppeteer/generated/injected.js.map,178
./node_modules/puppeteer-core/lib/cjs/puppeteer/generated/version.d.ts,107
./node_modules/puppeteer-core/lib/cjs/puppeteer/generated/version.d.ts.map,167
./node_modules/puppeteer-core/lib/cjs/puppeteer/generated/version.js,202
./node_modules/puppeteer-core/lib/cjs/puppeteer/generated/version.js.map,168
./node_modules/puppeteer-core/lib/cjs/puppeteer/index-browser.d.ts,469
./node_modules/puppeteer-core/lib/cjs/puppeteer/index-browser.d.ts.map,325
./node_modules/puppeteer-core/lib/cjs/puppeteer/index-browser.js,1281
./node_modules/puppeteer-core/lib/cjs/puppeteer/index-browser.js.map,240
./node_modules/puppeteer-core/lib/cjs/puppeteer/index.d.ts,192
./node_modules/puppeteer-core/lib/cjs/puppeteer/index.d.ts.map,167
./node_modules/puppeteer-core/lib/cjs/puppeteer/index.js,983
./node_modules/puppeteer-core/lib/cjs/puppeteer/index.js.map,161
./node_modules/puppeteer-core/lib/cjs/puppeteer/injected/ARIAQuerySelector.d.ts,628
./node_modules/puppeteer-core/lib/cjs/puppeteer/injected/ARIAQuerySelector.d.ts.map,559
./node_modules/puppeteer-core/lib/cjs/puppeteer/injected/ARIAQuerySelector.js,799
./node_modules/puppeteer-core/lib/cjs/puppeteer/injected/ARIAQuerySelector.js.map,511
./node_modules/puppeteer-core/lib/cjs/puppeteer/injected/CSSSelector.d.ts,314
./node_modules/puppeteer-core/lib/cjs/puppeteer/injected/CSSSelector.d.ts.map,283
./node_modules/puppeteer-core/lib/cjs/puppeteer/injected/CSSSelector.js,648
./node_modules/puppeteer-core/lib/cjs/puppeteer/injected/CSSSelector.js.map,445
./node_modules/puppeteer-core/lib/cjs/puppeteer/injected/CustomQuerySelector.d.ts,872
./node_modules/puppeteer-core/lib/cjs/puppeteer/injected/CustomQuerySelector.d.ts.map,713
./node_modules/puppeteer-core/lib/cjs/puppeteer/injected/CustomQuerySelector.js,1606
./node_modules/puppeteer-core/lib/cjs/puppeteer/injected/CustomQuerySelector.js.map,1413
./node_modules/puppeteer-core/lib/cjs/puppeteer/injected/PQuerySelector.d.ts,1097
./node_modules/puppeteer-core/lib/cjs/puppeteer/injected/PQuerySelector.d.ts.map,783
./node_modules/puppeteer-core/lib/cjs/puppeteer/injected/PQuerySelector.js,8540
./node_modules/puppeteer-core/lib/cjs/puppeteer/injected/PQuerySelector.js.map,6500
./node_modules/puppeteer-core/lib/cjs/puppeteer/injected/PierceQuerySelector.d.ts,365
./node_modules/puppeteer-core/lib/cjs/puppeteer/injected/PierceQuerySelector.d.ts.map,317
./node_modules/puppeteer-core/lib/cjs/puppeteer/injected/PierceQuerySelector.js,1934
./node_modules/puppeteer-core/lib/cjs/puppeteer/injected/PierceQuerySelector.js.map,1720
./node_modules/puppeteer-core/lib/cjs/puppeteer/injected/Poller.d.ts,934
./node_modules/puppeteer-core/lib/cjs/puppeteer/injected/Poller.d.ts.map,1021
./node_modules/puppeteer-core/lib/cjs/puppeteer/injected/Poller.js,4030
./node_modules/puppeteer-core/lib/cjs/puppeteer/injected/Poller.js.map,3815
./node_modules/puppeteer-core/lib/cjs/puppeteer/injected/TextContent.d.ts,665
./node_modules/puppeteer-core/lib/cjs/puppeteer/injected/TextContent.d.ts.map,368
./node_modules/puppeteer-core/lib/cjs/puppeteer/injected/TextContent.js,3682
./node_modules/puppeteer-core/lib/cjs/puppeteer/injected/TextContent.js.map,3230
./node_modules/puppeteer-core/lib/cjs/puppeteer/injected/TextQuerySelector.d.ts,331
./node_modules/puppeteer-core/lib/cjs/puppeteer/injected/TextQuerySelector.d.ts.map,241
./node_modules/puppeteer-core/lib/cjs/puppeteer/injected/TextQuerySelector.js,1393
./node_modules/puppeteer-core/lib/cjs/puppeteer/injected/TextQuerySelector.js.map,1039
./node_modules/puppeteer-core/lib/cjs/puppeteer/injected/XPathQuerySelector.d.ts,273
./node_modules/puppeteer-core/lib/cjs/puppeteer/injected/XPathQuerySelector.d.ts.map,241
./node_modules/puppeteer-core/lib/cjs/puppeteer/injected/XPathQuerySelector.js,1034
./node_modules/puppeteer-core/lib/cjs/puppeteer/injected/XPathQuerySelector.js.map,902
./node_modules/puppeteer-core/lib/cjs/puppeteer/injected/injected.d.ts,2373
./node_modules/puppeteer-core/lib/cjs/puppeteer/injected/injected.d.ts.map,471
./node_modules/puppeteer-core/lib/cjs/puppeteer/injected/injected.js,2675
./node_modules/puppeteer-core/lib/cjs/puppeteer/injected/injected.js.map,711
./node_modules/puppeteer-core/lib/cjs/puppeteer/injected/util.d.ts,358
./node_modules/puppeteer-core/lib/cjs/puppeteer/injected/util.d.ts.map,391
./node_modules/puppeteer-core/lib/cjs/puppeteer/injected/util.js,1840
./node_modules/puppeteer-core/lib/cjs/puppeteer/injected/util.js.map,1840
./node_modules/puppeteer-core/lib/cjs/puppeteer/node/ChromeLauncher.d.ts,1666
./node_modules/puppeteer-core/lib/cjs/puppeteer/node/ChromeLauncher.d.ts.map,1033
./node_modules/puppeteer-core/lib/cjs/puppeteer/node/ChromeLauncher.js,10383
./node_modules/puppeteer-core/lib/cjs/puppeteer/node/ChromeLauncher.js.map,6722
./node_modules/puppeteer-core/lib/cjs/puppeteer/node/FirefoxLauncher.d.ts,990
./node_modules/puppeteer-core/lib/cjs/puppeteer/node/FirefoxLauncher.d.ts.map,800
./node_modules/puppeteer-core/lib/cjs/puppeteer/node/FirefoxLauncher.js,7912
./node_modules/puppeteer-core/lib/cjs/puppeteer/node/FirefoxLauncher.js.map,5132
./node_modules/puppeteer-core/lib/cjs/puppeteer/node/LaunchOptions.d.ts,4240
./node_modules/puppeteer-core/lib/cjs/puppeteer/node/LaunchOptions.d.ts.map,1364
./node_modules/puppeteer-core/lib/cjs/puppeteer/node/LaunchOptions.js,207
./node_modules/puppeteer-core/lib/cjs/puppeteer/node/LaunchOptions.js.map,145
./node_modules/puppeteer-core/lib/cjs/puppeteer/node/NodeWebSocketTransport.d.ts,632
./node_modules/puppeteer-core/lib/cjs/puppeteer/node/NodeWebSocketTransport.d.ts.map,598
./node_modules/puppeteer-core/lib/cjs/puppeteer/node/NodeWebSocketTransport.js,2070
./node_modules/puppeteer-core/lib/cjs/puppeteer/node/NodeWebSocketTransport.js.map,1550
./node_modules/puppeteer-core/lib/cjs/puppeteer/node/PipeTransport.d.ts,548
./node_modules/puppeteer-core/lib/cjs/puppeteer/node/PipeTransport.d.ts.map,461
./node_modules/puppeteer-core/lib/cjs/puppeteer/node/PipeTransport.js,2627
./node_modules/puppeteer-core/lib/cjs/puppeteer/node/PipeTransport.js.map,2302
./node_modules/puppeteer-core/lib/cjs/puppeteer/node/ProductLauncher.d.ts,3377
./node_modules/puppeteer-core/lib/cjs/puppeteer/node/ProductLauncher.d.ts.map,2556
./node_modules/puppeteer-core/lib/cjs/puppeteer/node/ProductLauncher.js,12937
./node_modules/puppeteer-core/lib/cjs/puppeteer/node/ProductLauncher.js.map,7491
./node_modules/puppeteer-core/lib/cjs/puppeteer/node/PuppeteerNode.d.ts,6279
./node_modules/puppeteer-core/lib/cjs/puppeteer/node/PuppeteerNode.d.ts.map,1465
./node_modules/puppeteer-core/lib/cjs/puppeteer/node/PuppeteerNode.js,10292
./node_modules/puppeteer-core/lib/cjs/puppeteer/node/PuppeteerNode.js.map,4379
./node_modules/puppeteer-core/lib/cjs/puppeteer/node/ScreenRecorder.d.ts,958
./node_modules/puppeteer-core/lib/cjs/puppeteer/node/ScreenRecorder.d.ts.map,832
./node_modules/puppeteer-core/lib/cjs/puppeteer/node/ScreenRecorder.js,11321
./node_modules/puppeteer-core/lib/cjs/puppeteer/node/ScreenRecorder.js.map,5430
./node_modules/puppeteer-core/lib/cjs/puppeteer/node/node.d.ts,381
./node_modules/puppeteer-core/lib/cjs/puppeteer/node/node.d.ts.map,288
./node_modules/puppeteer-core/lib/cjs/puppeteer/node/node.js,1262
./node_modules/puppeteer-core/lib/cjs/puppeteer/node/node.js.map,232
./node_modules/puppeteer-core/lib/cjs/puppeteer/node/util/fs.d.ts,272
./node_modules/puppeteer-core/lib/cjs/puppeteer/node/util/fs.d.ts.map,275
./node_modules/puppeteer-core/lib/cjs/puppeteer/node/util/fs.js,731
./node_modules/puppeteer-core/lib/cjs/puppeteer/node/util/fs.js.map,479
./node_modules/puppeteer-core/lib/cjs/puppeteer/puppeteer-core-browser.d.ts,464
./node_modules/puppeteer-core/lib/cjs/puppeteer/puppeteer-core-browser.d.ts.map,325
./node_modules/puppeteer-core/lib/cjs/puppeteer/puppeteer-core-browser.js,1217
./node_modules/puppeteer-core/lib/cjs/puppeteer/puppeteer-core-browser.js.map,338
./node_modules/puppeteer-core/lib/cjs/puppeteer/puppeteer-core.d.ts,789
./node_modules/puppeteer-core/lib/cjs/puppeteer/puppeteer-core.d.ts.map,370
./node_modules/puppeteer-core/lib/cjs/puppeteer/puppeteer-core.js,1470
./node_modules/puppeteer-core/lib/cjs/puppeteer/puppeteer-core.js.map,417
./node_modules/puppeteer-core/lib/cjs/puppeteer/revisions.d.ts,304
./node_modules/puppeteer-core/lib/cjs/puppeteer/revisions.d.ts.map,177
./node_modules/puppeteer-core/lib/cjs/puppeteer/revisions.js,410
./node_modules/puppeteer-core/lib/cjs/puppeteer/revisions.js.map,265
./node_modules/puppeteer-core/lib/cjs/puppeteer/util/AsyncIterableUtil.d.ts,625
./node_modules/puppeteer-core/lib/cjs/puppeteer/util/AsyncIterableUtil.d.ts.map,733
./node_modules/puppeteer-core/lib/cjs/puppeteer/util/AsyncIterableUtil.js,847
./node_modules/puppeteer-core/lib/cjs/puppeteer/util/AsyncIterableUtil.js.map,887
./node_modules/puppeteer-core/lib/cjs/puppeteer/util/Deferred.d.ts,1057
./node_modules/puppeteer-core/lib/cjs/puppeteer/util/Deferred.d.ts.map,841
./node_modules/puppeteer-core/lib/cjs/puppeteer/util/Deferred.js,3088
./node_modules/puppeteer-core/lib/cjs/puppeteer/util/Deferred.js.map,2471
./node_modules/puppeteer-core/lib/cjs/puppeteer/util/ErrorLike.d.ts,830
./node_modules/puppeteer-core/lib/cjs/puppeteer/util/ErrorLike.d.ts.map,723
./node_modules/puppeteer-core/lib/cjs/puppeteer/util/ErrorLike.js,1385
./node_modules/puppeteer-core/lib/cjs/puppeteer/util/ErrorLike.js.map,1021
./node_modules/puppeteer-core/lib/cjs/puppeteer/util/Function.d.ts,869
./node_modules/puppeteer-core/lib/cjs/puppeteer/util/Function.d.ts.map,559
./node_modules/puppeteer-core/lib/cjs/puppeteer/util/Function.js,2663
./node_modules/puppeteer-core/lib/cjs/puppeteer/util/Function.js.map,1753
./node_modules/puppeteer-core/lib/cjs/puppeteer/util/Mutex.d.ts,481
./node_modules/puppeteer-core/lib/cjs/puppeteer/util/Mutex.d.ts.map,399
./node_modules/puppeteer-core/lib/cjs/puppeteer/util/Mutex.js,1313
./node_modules/puppeteer-core/lib/cjs/puppeteer/util/Mutex.js.map,1155
./node_modules/puppeteer-core/lib/cjs/puppeteer/util/assert.d.ts,394
./node_modules/puppeteer-core/lib/cjs/puppeteer/util/assert.d.ts.map,243
./node_modules/puppeteer-core/lib/cjs/puppeteer/util/assert.js,535
./node_modules/puppeteer-core/lib/cjs/puppeteer/util/assert.js.map,317
./node_modules/puppeteer-core/lib/cjs/puppeteer/util/decorators.d.ts,1855
./node_modules/puppeteer-core/lib/cjs/puppeteer/util/decorators.d.ts.map,1383
./node_modules/puppeteer-core/lib/cjs/puppeteer/util/decorators.js,8203
./node_modules/puppeteer-core/lib/cjs/puppeteer/util/decorators.js.map,5065
./node_modules/puppeteer-core/lib/cjs/puppeteer/util/disposable.d.ts,5482
./node_modules/puppeteer-core/lib/cjs/puppeteer/util/disposable.d.ts.map,1679
./node_modules/puppeteer-core/lib/cjs/puppeteer/util/disposable.js,6791
./node_modules/puppeteer-core/lib/cjs/puppeteer/util/disposable.js.map,2984
./node_modules/puppeteer-core/lib/cjs/puppeteer/util/util.d.ts,288
./node_modules/puppeteer-core/lib/cjs/puppeteer/util/util.d.ts.map,238
./node_modules/puppeteer-core/lib/cjs/puppeteer/util/util.js,1133
./node_modules/puppeteer-core/lib/cjs/puppeteer/util/util.js.map,206
./node_modules/puppeteer-core/lib/cjs/third_party/mitt/mitt.d.ts,65
./node_modules/puppeteer-core/lib/cjs/third_party/mitt/mitt.js,3844
./node_modules/puppeteer-core/lib/cjs/third_party/parsel-js/parsel-js.d.ts,89
./node_modules/puppeteer-core/lib/cjs/third_party/parsel-js/parsel-js.js,7446
./node_modules/puppeteer-core/lib/cjs/third_party/rxjs/rxjs.d.ts,447
./node_modules/puppeteer-core/lib/cjs/third_party/rxjs/rxjs.js,376319
./node_modules/puppeteer-core/lib/esm/package.json,17
./node_modules/puppeteer-core/lib/esm/puppeteer/api/Browser.d.ts,10630
./node_modules/puppeteer-core/lib/esm/puppeteer/api/Browser.d.ts.map,3180
./node_modules/puppeteer-core/lib/esm/puppeteer/api/Browser.js,4808
./node_modules/puppeteer-core/lib/esm/puppeteer/api/Browser.js.map,2406
./node_modules/puppeteer-core/lib/esm/puppeteer/api/BrowserContext.d.ts,7392
./node_modules/puppeteer-core/lib/esm/puppeteer/api/BrowserContext.d.ts.map,1962
./node_modules/puppeteer-core/lib/esm/puppeteer/api/BrowserContext.js,3932
./node_modules/puppeteer-core/lib/esm/puppeteer/api/BrowserContext.js.map,1808
./node_modules/puppeteer-core/lib/esm/puppeteer/api/CDPSession.d.ts,3273
./node_modules/puppeteer-core/lib/esm/puppeteer/api/CDPSession.d.ts.map,1590
./node_modules/puppeteer-core/lib/esm/puppeteer/api/CDPSession.js,2103
./node_modules/puppeteer-core/lib/esm/puppeteer/api/CDPSession.js.map,679
./node_modules/puppeteer-core/lib/esm/puppeteer/api/Dialog.d.ts,1773
./node_modules/puppeteer-core/lib/esm/puppeteer/api/Dialog.d.ts.map,746
./node_modules/puppeteer-core/lib/esm/puppeteer/api/Dialog.js,2135
./node_modules/puppeteer-core/lib/esm/puppeteer/api/Dialog.js.map,1121
./node_modules/puppeteer-core/lib/esm/puppeteer/api/ElementHandle.d.ts,24456
./node_modules/puppeteer-core/lib/esm/puppeteer/api/ElementHandle.d.ts.map,7731
./node_modules/puppeteer-core/lib/esm/puppeteer/api/ElementHandle.js,63837
./node_modules/puppeteer-core/lib/esm/puppeteer/api/ElementHandle.js.map,26974
./node_modules/puppeteer-core/lib/esm/puppeteer/api/ElementHandleSymbol.d.ts,213
./node_modules/puppeteer-core/lib/esm/puppeteer/api/ElementHandleSymbol.d.ts.map,201
./node_modules/puppeteer-core/lib/esm/puppeteer/api/ElementHandleSymbol.js,217
./node_modules/puppeteer-core/lib/esm/puppeteer/api/ElementHandleSymbol.js.map,225
./node_modules/puppeteer-core/lib/esm/puppeteer/api/Environment.d.ts,330
./node_modules/puppeteer-core/lib/esm/puppeteer/api/Environment.d.ts.map,329
./node_modules/puppeteer-core/lib/esm/puppeteer/api/Environment.js,139
./node_modules/puppeteer-core/lib/esm/puppeteer/api/Environment.js.map,139
./node_modules/puppeteer-core/lib/esm/puppeteer/api/Frame.d.ts,28777
./node_modules/puppeteer-core/lib/esm/puppeteer/api/Frame.d.ts.map,7238
./node_modules/puppeteer-core/lib/esm/puppeteer/api/Frame.js,40740
./node_modules/puppeteer-core/lib/esm/puppeteer/api/Frame.js.map,10971
./node_modules/puppeteer-core/lib/esm/puppeteer/api/HTTPRequest.d.ts,12739
./node_modules/puppeteer-core/lib/esm/puppeteer/api/HTTPRequest.d.ts.map,4342
./node_modules/puppeteer-core/lib/esm/puppeteer/api/HTTPRequest.js,15441
./node_modules/puppeteer-core/lib/esm/puppeteer/api/HTTPRequest.js.map,8472
./node_modules/puppeteer-core/lib/esm/puppeteer/api/HTTPResponse.d.ts,3042
./node_modules/puppeteer-core/lib/esm/puppeteer/api/HTTPResponse.d.ts.map,1209
./node_modules/puppeteer-core/lib/esm/puppeteer/api/HTTPResponse.js,1102
./node_modules/puppeteer-core/lib/esm/puppeteer/api/HTTPResponse.js.map,665
./node_modules/puppeteer-core/lib/esm/puppeteer/api/Input.d.ts,14669
./node_modules/puppeteer-core/lib/esm/puppeteer/api/Input.d.ts.map,3603
./node_modules/puppeteer-core/lib/esm/puppeteer/api/Input.js,4299
./node_modules/puppeteer-core/lib/esm/puppeteer/api/Input.js.map,779
./node_modules/puppeteer-core/lib/esm/puppeteer/api/JSHandle.d.ts,4194
./node_modules/puppeteer-core/lib/esm/puppeteer/api/JSHandle.d.ts.map,1905
./node_modules/puppeteer-core/lib/esm/puppeteer/api/JSHandle.js,10058
./node_modules/puppeteer-core/lib/esm/puppeteer/api/JSHandle.js.map,2331
./node_modules/puppeteer-core/lib/esm/puppeteer/api/Page.d.ts,78087
./node_modules/puppeteer-core/lib/esm/puppeteer/api/Page.d.ts.map,16869
./node_modules/puppeteer-core/lib/esm/puppeteer/api/Page.js,58615
./node_modules/puppeteer-core/lib/esm/puppeteer/api/Page.js.map,18358
./node_modules/puppeteer-core/lib/esm/puppeteer/api/Realm.d.ts,1970
./node_modules/puppeteer-core/lib/esm/puppeteer/api/Realm.d.ts.map,1938
./node_modules/puppeteer-core/lib/esm/puppeteer/api/Realm.js,1269
./node_modules/puppeteer-core/lib/esm/puppeteer/api/Realm.js.map,1141
./node_modules/puppeteer-core/lib/esm/puppeteer/api/Target.d.ts,2343
./node_modules/puppeteer-core/lib/esm/puppeteer/api/Target.d.ts.map,1047
./node_modules/puppeteer-core/lib/esm/puppeteer/api/Target.js,1219
./node_modules/puppeteer-core/lib/esm/puppeteer/api/Target.js.map,561
./node_modules/puppeteer-core/lib/esm/puppeteer/api/WebWorker.d.ts,3706
./node_modules/puppeteer-core/lib/esm/puppeteer/api/WebWorker.d.ts.map,1217
./node_modules/puppeteer-core/lib/esm/puppeteer/api/WebWorker.js,3578
./node_modules/puppeteer-core/lib/esm/puppeteer/api/WebWorker.js.map,1156
./node_modules/puppeteer-core/lib/esm/puppeteer/api/api.d.ts,633
./node_modules/puppeteer-core/lib/esm/puppeteer/api/api.d.ts.map,476
./node_modules/puppeteer-core/lib/esm/puppeteer/api/api.js,631
./node_modules/puppeteer-core/lib/esm/puppeteer/api/api.js.map,474
./node_modules/puppeteer-core/lib/esm/puppeteer/api/locators/locators.d.ts,10919
./node_modules/puppeteer-core/lib/esm/puppeteer/api/locators/locators.d.ts.map,7481
./node_modules/puppeteer-core/lib/esm/puppeteer/api/locators/locators.js,26183
./node_modules/puppeteer-core/lib/esm/puppeteer/api/locators/locators.js.map,18239
./node_modules/puppeteer-core/lib/esm/puppeteer/bidi/BidiOverCdp.d.ts,476
./node_modules/puppeteer-core/lib/esm/puppeteer/bidi/BidiOverCdp.d.ts.map,396
./node_modules/puppeteer-core/lib/esm/puppeteer/bidi/BidiOverCdp.js,4600
./node_modules/puppeteer-core/lib/esm/puppeteer/bidi/BidiOverCdp.js.map,3936
./node_modules/puppeteer-core/lib/esm/puppeteer/bidi/Browser.d.ts,2035
./node_modules/puppeteer-core/lib/esm/puppeteer/bidi/Browser.d.ts.map,1741
./node_modules/puppeteer-core/lib/esm/puppeteer/bidi/Browser.js,11126
./node_modules/puppeteer-core/lib/esm/puppeteer/bidi/Browser.js.map,5415
./node_modules/puppeteer-core/lib/esm/puppeteer/bidi/BrowserConnector.d.ts,879
./node_modules/puppeteer-core/lib/esm/puppeteer/bidi/BrowserConnector.d.ts.map,455
./node_modules/puppeteer-core/lib/esm/puppeteer/bidi/BrowserConnector.js,3553
./node_modules/puppeteer-core/lib/esm/puppeteer/bidi/BrowserConnector.js.map,2286
./node_modules/puppeteer-core/lib/esm/puppeteer/bidi/BrowserContext.d.ts,1457
./node_modules/puppeteer-core/lib/esm/puppeteer/bidi/BrowserContext.d.ts.map,1247
./node_modules/puppeteer-core/lib/esm/puppeteer/bidi/BrowserContext.js,14964
./node_modules/puppeteer-core/lib/esm/puppeteer/bidi/BrowserContext.js.map,7166
./node_modules/puppeteer-core/lib/esm/puppeteer/bidi/CDPSession.d.ts,1014
./node_modules/puppeteer-core/lib/esm/puppeteer/bidi/CDPSession.d.ts.map,894
./node_modules/puppeteer-core/lib/esm/puppeteer/bidi/CDPSession.js,2799
./node_modules/puppeteer-core/lib/esm/puppeteer/bidi/CDPSession.js.map,2667
./node_modules/puppeteer-core/lib/esm/puppeteer/bidi/Connection.d.ts,2025
./node_modules/puppeteer-core/lib/esm/puppeteer/bidi/Connection.d.ts.map,1626
./node_modules/puppeteer-core/lib/esm/puppeteer/bidi/Connection.js,4580
./node_modules/puppeteer-core/lib/esm/puppeteer/bidi/Connection.js.map,4009
./node_modules/puppeteer-core/lib/esm/puppeteer/bidi/Deserializer.d.ts,343
./node_modules/puppeteer-core/lib/esm/puppeteer/bidi/Deserializer.d.ts.map,295
./node_modules/puppeteer-core/lib/esm/puppeteer/bidi/Deserializer.js,2658
./node_modules/puppeteer-core/lib/esm/puppeteer/bidi/Deserializer.js.map,2413
./node_modules/puppeteer-core/lib/esm/puppeteer/bidi/Dialog.d.ts,458
./node_modules/puppeteer-core/lib/esm/puppeteer/bidi/Dialog.d.ts.map,430
./node_modules/puppeteer-core/lib/esm/puppeteer/bidi/Dialog.js,629
./node_modules/puppeteer-core/lib/esm/puppeteer/bidi/Dialog.js.map,688
./node_modules/puppeteer-core/lib/esm/puppeteer/bidi/ElementHandle.d.ts,1348
./node_modules/puppeteer-core/lib/esm/puppeteer/bidi/ElementHandle.d.ts.map,1279
./node_modules/puppeteer-core/lib/esm/puppeteer/bidi/ElementHandle.js,9246
./node_modules/puppeteer-core/lib/esm/puppeteer/bidi/ElementHandle.js.map,3096
./node_modules/puppeteer-core/lib/esm/puppeteer/bidi/ExposedFunction.d.ts,730
./node_modules/puppeteer-core/lib/esm/puppeteer/bidi/ExposedFunction.d.ts.map,785
./node_modules/puppeteer-core/lib/esm/puppeteer/bidi/ExposedFunction.js,9233
./node_modules/puppeteer-core/lib/esm/puppeteer/bidi/ExposedFunction.js.map,6491
./node_modules/puppeteer-core/lib/esm/puppeteer/bidi/Frame.d.ts,2319
./node_modules/puppeteer-core/lib/esm/puppeteer/bidi/Frame.d.ts.map,2102
./node_modules/puppeteer-core/lib/esm/puppeteer/bidi/Frame.js,23934
./node_modules/puppeteer-core/lib/esm/puppeteer/bidi/Frame.js.map,15072
./node_modules/puppeteer-core/lib/esm/puppeteer/bidi/HTTPRequest.d.ts,1712
./node_modules/puppeteer-core/lib/esm/puppeteer/bidi/HTTPRequest.d.ts.map,1492
./node_modules/puppeteer-core/lib/esm/puppeteer/bidi/HTTPRequest.js,8191
./node_modules/puppeteer-core/lib/esm/puppeteer/bidi/HTTPRequest.js.map,7809
./node_modules/puppeteer-core/lib/esm/puppeteer/bidi/HTTPResponse.d.ts,1122
./node_modules/puppeteer-core/lib/esm/puppeteer/bidi/HTTPResponse.d.ts.map,934
./node_modules/puppeteer-core/lib/esm/puppeteer/bidi/HTTPResponse.js,6865
./node_modules/puppeteer-core/lib/esm/puppeteer/bidi/HTTPResponse.js.map,3103
./node_modules/puppeteer-core/lib/esm/puppeteer/bidi/Input.d.ts,2248
./node_modules/puppeteer-core/lib/esm/puppeteer/bidi/Input.d.ts.map,2157
./node_modules/puppeteer-core/lib/esm/puppeteer/bidi/Input.js,17412
./node_modules/puppeteer-core/lib/esm/puppeteer/bidi/Input.js.map,13121
./node_modules/puppeteer-core/lib/esm/puppeteer/bidi/JSHandle.d.ts,944
./node_modules/puppeteer-core/lib/esm/puppeteer/bidi/JSHandle.d.ts.map,917
./node_modules/puppeteer-core/lib/esm/puppeteer/bidi/JSHandle.js,1798
./node_modules/puppeteer-core/lib/esm/puppeteer/bidi/JSHandle.js.map,1696
./node_modules/puppeteer-core/lib/esm/puppeteer/bidi/Page.d.ts,5584
./node_modules/puppeteer-core/lib/esm/puppeteer/bidi/Page.d.ts.map,5068
./node_modules/puppeteer-core/lib/esm/puppeteer/bidi/Page.js,34616
./node_modules/puppeteer-core/lib/esm/puppeteer/bidi/Page.js.map,22624
./node_modules/puppeteer-core/lib/esm/puppeteer/bidi/Realm.d.ts,2834
./node_modules/puppeteer-core/lib/esm/puppeteer/bidi/Realm.d.ts.map,2606
./node_modules/puppeteer-core/lib/esm/puppeteer/bidi/Realm.js,11784
./node_modules/puppeteer-core/lib/esm/puppeteer/bidi/Realm.js.map,8258
./node_modules/puppeteer-core/lib/esm/puppeteer/bidi/Serializer.d.ts,337
./node_modules/puppeteer-core/lib/esm/puppeteer/bidi/Serializer.d.ts.map,289
./node_modules/puppeteer-core/lib/esm/puppeteer/bidi/Serializer.js,3345
./node_modules/puppeteer-core/lib/esm/puppeteer/bidi/Serializer.js.map,2771
./node_modules/puppeteer-core/lib/esm/puppeteer/bidi/Target.d.ts,1990
./node_modules/puppeteer-core/lib/esm/puppeteer/bidi/Target.d.ts.map,1599
./node_modules/puppeteer-core/lib/esm/puppeteer/bidi/Target.js,3144
./node_modules/puppeteer-core/lib/esm/puppeteer/bidi/Target.js.map,3087
./node_modules/puppeteer-core/lib/esm/puppeteer/bidi/WebWorker.d.ts,714
./node_modules/puppeteer-core/lib/esm/puppeteer/bidi/WebWorker.d.ts.map,602
./node_modules/puppeteer-core/lib/esm/puppeteer/bidi/WebWorker.js,816
./node_modules/puppeteer-core/lib/esm/puppeteer/bidi/WebWorker.js.map,833
./node_modules/puppeteer-core/lib/esm/puppeteer/bidi/bidi.d.ts,504
./node_modules/puppeteer-core/lib/esm/puppeteer/bidi/bidi.d.ts.map,391
./node_modules/puppeteer-core/lib/esm/puppeteer/bidi/bidi.js,502
./node_modules/puppeteer-core/lib/esm/puppeteer/bidi/bidi.js.map,389
./node_modules/puppeteer-core/lib/esm/puppeteer/bidi/core/Browser.d.ts,1955
./node_modules/puppeteer-core/lib/esm/puppeteer/bidi/core/Browser.d.ts.map,1585
./node_modules/puppeteer-core/lib/esm/puppeteer/bidi/core/Browser.js,13397
./node_modules/puppeteer-core/lib/esm/puppeteer/bidi/core/Browser.js.map,5532
./node_modules/puppeteer-core/lib/esm/puppeteer/bidi/core/BrowsingContext.d.ts,5034
./node_modules/puppeteer-core/lib/esm/puppeteer/bidi/core/BrowsingContext.d.ts.map,4297
./node_modules/puppeteer-core/lib/esm/puppeteer/bidi/core/BrowsingContext.js,26547
./node_modules/puppeteer-core/lib/esm/puppeteer/bidi/core/BrowsingContext.js.map,13615
./node_modules/puppeteer-core/lib/esm/puppeteer/bidi/core/Connection.d.ts,6070
./node_modules/puppeteer-core/lib/esm/puppeteer/bidi/core/Connection.d.ts.map,5278
./node_modules/puppeteer-core/lib/esm/puppeteer/bidi/core/Connection.js,138
./node_modules/puppeteer-core/lib/esm/puppeteer/bidi/core/Connection.js.map,146
./node_modules/puppeteer-core/lib/esm/puppeteer/bidi/core/Navigation.d.ts,1116
./node_modules/puppeteer-core/lib/esm/puppeteer/bidi/core/Navigation.d.ts.map,858
./node_modules/puppeteer-core/lib/esm/puppeteer/bidi/core/Navigation.js,7487
./node_modules/puppeteer-core/lib/esm/puppeteer/bidi/core/Navigation.js.map,3699
./node_modules/puppeteer-core/lib/esm/puppeteer/bidi/core/Realm.d.ts,2996
./node_modules/puppeteer-core/lib/esm/puppeteer/bidi/core/Realm.d.ts.map,2479
./node_modules/puppeteer-core/lib/esm/puppeteer/bidi/core/Realm.js,12055
./node_modules/puppeteer-core/lib/esm/puppeteer/bidi/core/Realm.js.map,7696
./node_modules/puppeteer-core/lib/esm/puppeteer/bidi/core/Request.d.ts,1996
./node_modules/puppeteer-core/lib/esm/puppeteer/bidi/core/Request.d.ts.map,1800
./node_modules/puppeteer-core/lib/esm/puppeteer/bidi/core/Request.js,9715
./node_modules/puppeteer-core/lib/esm/puppeteer/bidi/core/Request.js.map,5745
./node_modules/puppeteer-core/lib/esm/puppeteer/bidi/core/Session.d.ts,1769
./node_modules/puppeteer-core/lib/esm/puppeteer/bidi/core/Session.d.ts.map,1502
./node_modules/puppeteer-core/lib/esm/puppeteer/bidi/core/Session.js,9344
./node_modules/puppeteer-core/lib/esm/puppeteer/bidi/core/Session.js.map,3418
./node_modules/puppeteer-core/lib/esm/puppeteer/bidi/core/UserContext.d.ts,1955
./node_modules/puppeteer-core/lib/esm/puppeteer/bidi/core/UserContext.d.ts.map,1617
./node_modules/puppeteer-core/lib/esm/puppeteer/bidi/core/UserContext.js,10461
./node_modules/puppeteer-core/lib/esm/puppeteer/bidi/core/UserContext.js.map,4852
./node_modules/puppeteer-core/lib/esm/puppeteer/bidi/core/UserPrompt.d.ts,1446
./node_modules/puppeteer-core/lib/esm/puppeteer/bidi/core/UserPrompt.d.ts.map,1135
./node_modules/puppeteer-core/lib/esm/puppeteer/bidi/core/UserPrompt.js,6390
./node_modules/puppeteer-core/lib/esm/puppeteer/bidi/core/UserPrompt.js.map,2623
./node_modules/puppeteer-core/lib/esm/puppeteer/bidi/core/core.d.ts,412
./node_modules/puppeteer-core/lib/esm/puppeteer/bidi/core/core.d.ts.map,334
./node_modules/puppeteer-core/lib/esm/puppeteer/bidi/core/core.js,410
./node_modules/puppeteer-core/lib/esm/puppeteer/bidi/core/core.js.map,332
./node_modules/puppeteer-core/lib/esm/puppeteer/bidi/util.d.ts,437
./node_modules/puppeteer-core/lib/esm/puppeteer/bidi/util.d.ts.map,373
./node_modules/puppeteer-core/lib/esm/puppeteer/bidi/util.js,1970
./node_modules/puppeteer-core/lib/esm/puppeteer/bidi/util.js.map,1910
./node_modules/puppeteer-core/lib/esm/puppeteer/cdp/Accessibility.d.ts,5079
./node_modules/puppeteer-core/lib/esm/puppeteer/cdp/Accessibility.d.ts.map,1716
./node_modules/puppeteer-core/lib/esm/puppeteer/cdp/Accessibility.js,13896
./node_modules/puppeteer-core/lib/esm/puppeteer/cdp/Accessibility.js.map,10112
./node_modules/puppeteer-core/lib/esm/puppeteer/cdp/AriaQueryHandler.d.ts,680
./node_modules/puppeteer-core/lib/esm/puppeteer/cdp/AriaQueryHandler.d.ts.map,589
./node_modules/puppeteer-core/lib/esm/puppeteer/cdp/AriaQueryHandler.js,2241
./node_modules/puppeteer-core/lib/esm/puppeteer/cdp/AriaQueryHandler.js.map,1728
./node_modules/puppeteer-core/lib/esm/puppeteer/cdp/Binding.d.ts,695
./node_modules/puppeteer-core/lib/esm/puppeteer/cdp/Binding.d.ts.map,505
./node_modules/puppeteer-core/lib/esm/puppeteer/cdp/Binding.js,6188
./node_modules/puppeteer-core/lib/esm/puppeteer/cdp/Binding.js.map,2992
./node_modules/puppeteer-core/lib/esm/puppeteer/cdp/Browser.d.ts,2373
./node_modules/puppeteer-core/lib/esm/puppeteer/cdp/Browser.d.ts.map,1980
./node_modules/puppeteer-core/lib/esm/puppeteer/cdp/Browser.js,10391
./node_modules/puppeteer-core/lib/esm/puppeteer/cdp/Browser.js.map,8706
./node_modules/puppeteer-core/lib/esm/puppeteer/cdp/BrowserConnector.d.ts,654
./node_modules/puppeteer-core/lib/esm/puppeteer/cdp/BrowserConnector.d.ts.map,447
./node_modules/puppeteer-core/lib/esm/puppeteer/cdp/BrowserConnector.js,1294
./node_modules/puppeteer-core/lib/esm/puppeteer/cdp/BrowserConnector.js.map,1128
./node_modules/puppeteer-core/lib/esm/puppeteer/cdp/BrowserContext.d.ts,952
./node_modules/puppeteer-core/lib/esm/puppeteer/cdp/BrowserContext.d.ts.map,885
./node_modules/puppeteer-core/lib/esm/puppeteer/cdp/BrowserContext.js,4683
./node_modules/puppeteer-core/lib/esm/puppeteer/cdp/BrowserContext.js.map,2339
./node_modules/puppeteer-core/lib/esm/puppeteer/cdp/CDPSession.d.ts,1905
./node_modules/puppeteer-core/lib/esm/puppeteer/cdp/CDPSession.d.ts.map,1336
./node_modules/puppeteer-core/lib/esm/puppeteer/cdp/CDPSession.js,3344
./node_modules/puppeteer-core/lib/esm/puppeteer/cdp/CDPSession.js.map,2633
./node_modules/puppeteer-core/lib/esm/puppeteer/cdp/CdpPreloadScript.d.ts,488
./node_modules/puppeteer-core/lib/esm/puppeteer/cdp/CdpPreloadScript.d.ts.map,467
./node_modules/puppeteer-core/lib/esm/puppeteer/cdp/CdpPreloadScript.js,1001
./node_modules/puppeteer-core/lib/esm/puppeteer/cdp/CdpPreloadScript.js.map,753
./node_modules/puppeteer-core/lib/esm/puppeteer/cdp/ChromeTargetManager.d.ts,1116
./node_modules/puppeteer-core/lib/esm/puppeteer/cdp/ChromeTargetManager.d.ts.map,755
./node_modules/puppeteer-core/lib/esm/puppeteer/cdp/ChromeTargetManager.js,13797
./node_modules/puppeteer-core/lib/esm/puppeteer/cdp/ChromeTargetManager.js.map,10368
./node_modules/puppeteer-core/lib/esm/puppeteer/cdp/Connection.d.ts,2521
./node_modules/puppeteer-core/lib/esm/puppeteer/cdp/Connection.d.ts.map,1988
./node_modules/puppeteer-core/lib/esm/puppeteer/cdp/Connection.js,6988
./node_modules/puppeteer-core/lib/esm/puppeteer/cdp/Connection.js.map,6187
./node_modules/puppeteer-core/lib/esm/puppeteer/cdp/Coverage.d.ts,5592
./node_modules/puppeteer-core/lib/esm/puppeteer/cdp/Coverage.d.ts.map,1865
./node_modules/puppeteer-core/lib/esm/puppeteer/cdp/Coverage.js,13293
./node_modules/puppeteer-core/lib/esm/puppeteer/cdp/Coverage.js.map,10033
./node_modules/puppeteer-core/lib/esm/puppeteer/cdp/DeviceRequestPrompt.d.ts,2351
./node_modules/puppeteer-core/lib/esm/puppeteer/cdp/DeviceRequestPrompt.d.ts.map,1107
./node_modules/puppeteer-core/lib/esm/puppeteer/cdp/DeviceRequestPrompt.js,6426
./node_modules/puppeteer-core/lib/esm/puppeteer/cdp/DeviceRequestPrompt.js.map,4955
./node_modules/puppeteer-core/lib/esm/puppeteer/cdp/Dialog.d.ts,562
./node_modules/puppeteer-core/lib/esm/puppeteer/cdp/Dialog.d.ts.map,525
./node_modules/puppeteer-core/lib/esm/puppeteer/cdp/Dialog.js,568
./node_modules/puppeteer-core/lib/esm/puppeteer/cdp/Dialog.js.map,563
./node_modules/puppeteer-core/lib/esm/puppeteer/cdp/ElementHandle.d.ts,1543
./node_modules/puppeteer-core/lib/esm/puppeteer/cdp/ElementHandle.d.ts.map,1270
./node_modules/puppeteer-core/lib/esm/puppeteer/cdp/ElementHandle.js,9744
./node_modules/puppeteer-core/lib/esm/puppeteer/cdp/ElementHandle.js.map,4522
./node_modules/puppeteer-core/lib/esm/puppeteer/cdp/EmulationManager.d.ts,2076
./node_modules/puppeteer-core/lib/esm/puppeteer/cdp/EmulationManager.d.ts.map,1860
./node_modules/puppeteer-core/lib/esm/puppeteer/cdp/EmulationManager.js,22996
./node_modules/puppeteer-core/lib/esm/puppeteer/cdp/EmulationManager.js.map,10940
./node_modules/puppeteer-core/lib/esm/puppeteer/cdp/ExecutionContext.d.ts,4662
./node_modules/puppeteer-core/lib/esm/puppeteer/cdp/ExecutionContext.d.ts.map,1502
./node_modules/puppeteer-core/lib/esm/puppeteer/cdp/ExecutionContext.js,17802
./node_modules/puppeteer-core/lib/esm/puppeteer/cdp/ExecutionContext.js.map,10421
./node_modules/puppeteer-core/lib/esm/puppeteer/cdp/ExtensionTransport.d.ts,846
./node_modules/puppeteer-core/lib/esm/puppeteer/cdp/ExtensionTransport.d.ts.map,506
./node_modules/puppeteer-core/lib/esm/puppeteer/cdp/ExtensionTransport.js,5344
./node_modules/puppeteer-core/lib/esm/puppeteer/cdp/ExtensionTransport.js.map,3860
./node_modules/puppeteer-core/lib/esm/puppeteer/cdp/FirefoxTargetManager.d.ts,1631
./node_modules/puppeteer-core/lib/esm/puppeteer/cdp/FirefoxTargetManager.d.ts.map,894
./node_modules/puppeteer-core/lib/esm/puppeteer/cdp/FirefoxTargetManager.js,6424
./node_modules/puppeteer-core/lib/esm/puppeteer/cdp/FirefoxTargetManager.js.map,4864
./node_modules/puppeteer-core/lib/esm/puppeteer/cdp/Frame.d.ts,3036
./node_modules/puppeteer-core/lib/esm/puppeteer/cdp/Frame.d.ts.map,2512
./node_modules/puppeteer-core/lib/esm/puppeteer/cdp/Frame.js,16545
./node_modules/puppeteer-core/lib/esm/puppeteer/cdp/Frame.js.map,9254
./node_modules/puppeteer-core/lib/esm/puppeteer/cdp/FrameManager.d.ts,2208
./node_modules/puppeteer-core/lib/esm/puppeteer/cdp/FrameManager.d.ts.map,1663
./node_modules/puppeteer-core/lib/esm/puppeteer/cdp/FrameManager.js,17727
./node_modules/puppeteer-core/lib/esm/puppeteer/cdp/FrameManager.js.map,15205
./node_modules/puppeteer-core/lib/esm/puppeteer/cdp/FrameManagerEvents.d.ts,1505
./node_modules/puppeteer-core/lib/esm/puppeteer/cdp/FrameManagerEvents.d.ts.map,1146
./node_modules/puppeteer-core/lib/esm/puppeteer/cdp/FrameManagerEvents.js,1086
./node_modules/puppeteer-core/lib/esm/puppeteer/cdp/FrameManagerEvents.js.map,624
./node_modules/puppeteer-core/lib/esm/puppeteer/cdp/FrameTree.d.ts,1007
./node_modules/puppeteer-core/lib/esm/puppeteer/cdp/FrameTree.d.ts.map,599
./node_modules/puppeteer-core/lib/esm/puppeteer/cdp/FrameTree.js,2789
./node_modules/puppeteer-core/lib/esm/puppeteer/cdp/FrameTree.js.map,2763
./node_modules/puppeteer-core/lib/esm/puppeteer/cdp/HTTPRequest.d.ts,2253
./node_modules/puppeteer-core/lib/esm/puppeteer/cdp/HTTPRequest.d.ts.map,1746
./node_modules/puppeteer-core/lib/esm/puppeteer/cdp/HTTPRequest.js,5341
./node_modules/puppeteer-core/lib/esm/puppeteer/cdp/HTTPRequest.js.map,4995
./node_modules/puppeteer-core/lib/esm/puppeteer/cdp/HTTPResponse.d.ts,1209
./node_modules/puppeteer-core/lib/esm/puppeteer/cdp/HTTPResponse.d.ts.map,1011
./node_modules/puppeteer-core/lib/esm/puppeteer/cdp/HTTPResponse.js,3984
./node_modules/puppeteer-core/lib/esm/puppeteer/cdp/HTTPResponse.js.map,3583
./node_modules/puppeteer-core/lib/esm/puppeteer/cdp/Input.d.ts,2410
./node_modules/puppeteer-core/lib/esm/puppeteer/cdp/Input.d.ts.map,2486
./node_modules/puppeteer-core/lib/esm/puppeteer/cdp/Input.js,15134
./node_modules/puppeteer-core/lib/esm/puppeteer/cdp/Input.js.map,14356
./node_modules/puppeteer-core/lib/esm/puppeteer/cdp/IsolatedWorld.d.ts,2670
./node_modules/puppeteer-core/lib/esm/puppeteer/cdp/IsolatedWorld.d.ts.map,2395
./node_modules/puppeteer-core/lib/esm/puppeteer/cdp/IsolatedWorld.js,5827
./node_modules/puppeteer-core/lib/esm/puppeteer/cdp/IsolatedWorld.js.map,4931
./node_modules/puppeteer-core/lib/esm/puppeteer/cdp/IsolatedWorlds.d.ts,567
./node_modules/puppeteer-core/lib/esm/puppeteer/cdp/IsolatedWorlds.d.ts.map,238
./node_modules/puppeteer-core/lib/esm/puppeteer/cdp/IsolatedWorlds.js,568
./node_modules/puppeteer-core/lib/esm/puppeteer/cdp/IsolatedWorlds.js.map,286
./node_modules/puppeteer-core/lib/esm/puppeteer/cdp/JSHandle.d.ts,1216
./node_modules/puppeteer-core/lib/esm/puppeteer/cdp/JSHandle.d.ts.map,1045
./node_modules/puppeteer-core/lib/esm/puppeteer/cdp/JSHandle.js,2935
./node_modules/puppeteer-core/lib/esm/puppeteer/cdp/JSHandle.js.map,2498
./node_modules/puppeteer-core/lib/esm/puppeteer/cdp/LifecycleWatcher.d.ts,1438
./node_modules/puppeteer-core/lib/esm/puppeteer/cdp/LifecycleWatcher.d.ts.map,984
./node_modules/puppeteer-core/lib/esm/puppeteer/cdp/LifecycleWatcher.js,6705
./node_modules/puppeteer-core/lib/esm/puppeteer/cdp/LifecycleWatcher.js.map,5836
./node_modules/puppeteer-core/lib/esm/puppeteer/cdp/NetworkEventManager.d.ts,2365
./node_modules/puppeteer-core/lib/esm/puppeteer/cdp/NetworkEventManager.d.ts.map,1767
./node_modules/puppeteer-core/lib/esm/puppeteer/cdp/NetworkEventManager.js,5274
./node_modules/puppeteer-core/lib/esm/puppeteer/cdp/NetworkEventManager.js.map,2903
./node_modules/puppeteer-core/lib/esm/puppeteer/cdp/NetworkManager.d.ts,1734
./node_modules/puppeteer-core/lib/esm/puppeteer/cdp/NetworkManager.d.ts.map,1468
./node_modules/puppeteer-core/lib/esm/puppeteer/cdp/NetworkManager.js,20705
./node_modules/puppeteer-core/lib/esm/puppeteer/cdp/NetworkManager.js.map,15873
./node_modules/puppeteer-core/lib/esm/puppeteer/cdp/Page.d.ts,5821
./node_modules/puppeteer-core/lib/esm/puppeteer/cdp/Page.d.ts.map,4855
./node_modules/puppeteer-core/lib/esm/puppeteer/cdp/Page.js,35772
./node_modules/puppeteer-core/lib/esm/puppeteer/cdp/Page.js.map,28486
./node_modules/puppeteer-core/lib/esm/puppeteer/cdp/PredefinedNetworkConditions.d.ts,1392
./node_modules/puppeteer-core/lib/esm/puppeteer/cdp/PredefinedNetworkConditions.d.ts.map,304
./node_modules/puppeteer-core/lib/esm/puppeteer/cdp/PredefinedNetworkConditions.js,2387
./node_modules/puppeteer-core/lib/esm/puppeteer/cdp/PredefinedNetworkConditions.js.map,1281
./node_modules/puppeteer-core/lib/esm/puppeteer/cdp/Target.d.ts,2895
./node_modules/puppeteer-core/lib/esm/puppeteer/cdp/Target.d.ts.map,2236
./node_modules/puppeteer-core/lib/esm/puppeteer/cdp/Target.js,7479
./node_modules/puppeteer-core/lib/esm/puppeteer/cdp/Target.js.map,6555
./node_modules/puppeteer-core/lib/esm/puppeteer/cdp/TargetManager.d.ts,1943
./node_modules/puppeteer-core/lib/esm/puppeteer/cdp/TargetManager.d.ts.map,1228
./node_modules/puppeteer-core/lib/esm/puppeteer/cdp/TargetManager.js,141
./node_modules/puppeteer-core/lib/esm/puppeteer/cdp/TargetManager.js.map,143
./node_modules/puppeteer-core/lib/esm/puppeteer/cdp/Tracing.d.ts,1405
./node_modules/puppeteer-core/lib/esm/puppeteer/cdp/Tracing.d.ts.map,580
./node_modules/puppeteer-core/lib/esm/puppeteer/cdp/Tracing.js,3593
./node_modules/puppeteer-core/lib/esm/puppeteer/cdp/Tracing.js.map,2393
./node_modules/puppeteer-core/lib/esm/puppeteer/cdp/WebWorker.d.ts,1038
./node_modules/puppeteer-core/lib/esm/puppeteer/cdp/WebWorker.d.ts.map,919
./node_modules/puppeteer-core/lib/esm/puppeteer/cdp/WebWorker.js,2601
./node_modules/puppeteer-core/lib/esm/puppeteer/cdp/WebWorker.js.map,2419
./node_modules/puppeteer-core/lib/esm/puppeteer/cdp/cdp.d.ts,1391
./node_modules/puppeteer-core/lib/esm/puppeteer/cdp/cdp.d.ts.map,930
./node_modules/puppeteer-core/lib/esm/puppeteer/cdp/cdp.js,1389
./node_modules/puppeteer-core/lib/esm/puppeteer/cdp/cdp.js.map,928
./node_modules/puppeteer-core/lib/esm/puppeteer/cdp/utils.d.ts,821
./node_modules/puppeteer-core/lib/esm/puppeteer/cdp/utils.d.ts.map,681
./node_modules/puppeteer-core/lib/esm/puppeteer/cdp/utils.js,6521
./node_modules/puppeteer-core/lib/esm/puppeteer/cdp/utils.js.map,6055
./node_modules/puppeteer-core/lib/esm/puppeteer/common/BrowserConnector.d.ts,509
./node_modules/puppeteer-core/lib/esm/puppeteer/common/BrowserConnector.d.ts.map,337
./node_modules/puppeteer-core/lib/esm/puppeteer/common/BrowserConnector.js,3267
./node_modules/puppeteer-core/lib/esm/puppeteer/common/BrowserConnector.js.map,2513
./node_modules/puppeteer-core/lib/esm/puppeteer/common/BrowserWebSocketTransport.d.ts,551
./node_modules/puppeteer-core/lib/esm/puppeteer/common/BrowserWebSocketTransport.d.ts.map,513
./node_modules/puppeteer-core/lib/esm/puppeteer/common/BrowserWebSocketTransport.js,1078
./node_modules/puppeteer-core/lib/esm/puppeteer/common/BrowserWebSocketTransport.js.map,1264
./node_modules/puppeteer-core/lib/esm/puppeteer/common/CSSQueryHandler.d.ts,560
./node_modules/puppeteer-core/lib/esm/puppeteer/common/CSSQueryHandler.d.ts.map,427
./node_modules/puppeteer-core/lib/esm/puppeteer/common/CSSQueryHandler.js,532
./node_modules/puppeteer-core/lib/esm/puppeteer/common/CSSQueryHandler.js.map,529
./node_modules/puppeteer-core/lib/esm/puppeteer/common/CallbackRegistry.d.ts,1222
./node_modules/puppeteer-core/lib/esm/puppeteer/common/CallbackRegistry.d.ts.map,1090
./node_modules/puppeteer-core/lib/esm/puppeteer/common/CallbackRegistry.js,3804
./node_modules/puppeteer-core/lib/esm/puppeteer/common/CallbackRegistry.js.map,3616
./node_modules/puppeteer-core/lib/esm/puppeteer/common/Configuration.d.ts,3253
./node_modules/puppeteer-core/lib/esm/puppeteer/common/Configuration.d.ts.map,847
./node_modules/puppeteer-core/lib/esm/puppeteer/common/Configuration.js,141
./node_modules/puppeteer-core/lib/esm/puppeteer/common/Configuration.js.map,146
./node_modules/puppeteer-core/lib/esm/puppeteer/common/ConnectOptions.d.ts,1815
./node_modules/puppeteer-core/lib/esm/puppeteer/common/ConnectOptions.d.ts.map,940
./node_modules/puppeteer-core/lib/esm/puppeteer/common/ConnectOptions.js,142
./node_modules/puppeteer-core/lib/esm/puppeteer/common/ConnectOptions.js.map,148
./node_modules/puppeteer-core/lib/esm/puppeteer/common/ConnectionTransport.d.ts,319
./node_modules/puppeteer-core/lib/esm/puppeteer/common/ConnectionTransport.d.ts.map,362
./node_modules/puppeteer-core/lib/esm/puppeteer/common/ConnectionTransport.js,147
./node_modules/puppeteer-core/lib/esm/puppeteer/common/ConnectionTransport.js.map,158
./node_modules/puppeteer-core/lib/esm/puppeteer/common/ConsoleMessage.d.ts,1686
./node_modules/puppeteer-core/lib/esm/puppeteer/common/ConsoleMessage.d.ts.map,916
./node_modules/puppeteer-core/lib/esm/puppeteer/common/ConsoleMessage.js,1151
./node_modules/puppeteer-core/lib/esm/puppeteer/common/ConsoleMessage.js.map,814
./node_modules/puppeteer-core/lib/esm/puppeteer/common/Cookie.d.ts,4252
./node_modules/puppeteer-core/lib/esm/puppeteer/common/Cookie.d.ts.map,1748
./node_modules/puppeteer-core/lib/esm/puppeteer/common/Cookie.js,134
./node_modules/puppeteer-core/lib/esm/puppeteer/common/Cookie.js.map,132
./node_modules/puppeteer-core/lib/esm/puppeteer/common/CustomQueryHandler.d.ts,3229
./node_modules/puppeteer-core/lib/esm/puppeteer/common/CustomQueryHandler.d.ts.map,1065
./node_modules/puppeteer-core/lib/esm/puppeteer/common/CustomQueryHandler.js,4999
./node_modules/puppeteer-core/lib/esm/puppeteer/common/CustomQueryHandler.js.map,3188
./node_modules/puppeteer-core/lib/esm/puppeteer/common/Debug.d.ts,1519
./node_modules/puppeteer-core/lib/esm/puppeteer/common/Debug.d.ts.map,547
./node_modules/puppeteer-core/lib/esm/puppeteer/common/Debug.js,2703
./node_modules/puppeteer-core/lib/esm/puppeteer/common/Debug.js.map,1503
./node_modules/puppeteer-core/lib/esm/puppeteer/common/Device.d.ts,3543
./node_modules/puppeteer-core/lib/esm/puppeteer/common/Device.d.ts.map,334
./node_modules/puppeteer-core/lib/esm/puppeteer/common/Device.js,53887
./node_modules/puppeteer-core/lib/esm/puppeteer/common/Device.js.map,26489
./node_modules/puppeteer-core/lib/esm/puppeteer/common/Errors.d.ts,1441
./node_modules/puppeteer-core/lib/esm/puppeteer/common/Errors.d.ts.map,680
./node_modules/puppeteer-core/lib/esm/puppeteer/common/Errors.js,1632
./node_modules/puppeteer-core/lib/esm/puppeteer/common/Errors.js.map,958
./node_modules/puppeteer-core/lib/esm/puppeteer/common/EventEmitter.d.ts,3998
./node_modules/puppeteer-core/lib/esm/puppeteer/common/EventEmitter.d.ts.map,2291
./node_modules/puppeteer-core/lib/esm/puppeteer/common/EventEmitter.js,4044
./node_modules/puppeteer-core/lib/esm/puppeteer/common/EventEmitter.js.map,2413
./node_modules/puppeteer-core/lib/esm/puppeteer/common/FileChooser.d.ts,1848
./node_modules/puppeteer-core/lib/esm/puppeteer/common/FileChooser.d.ts.map,546
./node_modules/puppeteer-core/lib/esm/puppeteer/common/FileChooser.js,2387
./node_modules/puppeteer-core/lib/esm/puppeteer/common/FileChooser.js.map,1048
./node_modules/puppeteer-core/lib/esm/puppeteer/common/GetQueryHandler.d.ts,434
./node_modules/puppeteer-core/lib/esm/puppeteer/common/GetQueryHandler.d.ts.map,393
./node_modules/puppeteer-core/lib/esm/puppeteer/common/GetQueryHandler.js,2525
./node_modules/puppeteer-core/lib/esm/puppeteer/common/GetQueryHandler.js.map,1892
./node_modules/puppeteer-core/lib/esm/puppeteer/common/HandleIterator.d.ts,399
./node_modules/puppeteer-core/lib/esm/puppeteer/common/HandleIterator.d.ts.map,399
./node_modules/puppeteer-core/lib/esm/puppeteer/common/HandleIterator.js,4807
./node_modules/puppeteer-core/lib/esm/puppeteer/common/HandleIterator.js.map,1652
./node_modules/puppeteer-core/lib/esm/puppeteer/common/LazyArg.d.ts,614
./node_modules/puppeteer-core/lib/esm/puppeteer/common/LazyArg.d.ts.map,489
./node_modules/puppeteer-core/lib/esm/puppeteer/common/LazyArg.js,497
./node_modules/puppeteer-core/lib/esm/puppeteer/common/LazyArg.js.map,470
./node_modules/puppeteer-core/lib/esm/puppeteer/common/NetworkManagerEvents.d.ts,1075
./node_modules/puppeteer-core/lib/esm/puppeteer/common/NetworkManagerEvents.d.ts.map,812
./node_modules/puppeteer-core/lib/esm/puppeteer/common/NetworkManagerEvents.js,854
./node_modules/puppeteer-core/lib/esm/puppeteer/common/NetworkManagerEvents.js.map,498
./node_modules/puppeteer-core/lib/esm/puppeteer/common/PDFOptions.d.ts,4994
./node_modules/puppeteer-core/lib/esm/puppeteer/common/PDFOptions.d.ts.map,1988
./node_modules/puppeteer-core/lib/esm/puppeteer/common/PDFOptions.js,614
./node_modules/puppeteer-core/lib/esm/puppeteer/common/PDFOptions.js.map,864
./node_modules/puppeteer-core/lib/esm/puppeteer/common/PQueryHandler.d.ts,394
./node_modules/puppeteer-core/lib/esm/puppeteer/common/PQueryHandler.d.ts.map,336
./node_modules/puppeteer-core/lib/esm/puppeteer/common/PQueryHandler.js,521
./node_modules/puppeteer-core/lib/esm/puppeteer/common/PQueryHandler.js.map,515
./node_modules/puppeteer-core/lib/esm/puppeteer/common/PSelectorParser.d.ts,406
./node_modules/puppeteer-core/lib/esm/puppeteer/common/PSelectorParser.d.ts.map,357
./node_modules/puppeteer-core/lib/esm/puppeteer/common/PSelectorParser.js,3530
./node_modules/puppeteer-core/lib/esm/puppeteer/common/PSelectorParser.js.map,3128
./node_modules/puppeteer-core/lib/esm/puppeteer/common/PierceQueryHandler.d.ts,572
./node_modules/puppeteer-core/lib/esm/puppeteer/common/PierceQueryHandler.d.ts.map,434
./node_modules/puppeteer-core/lib/esm/puppeteer/common/PierceQueryHandler.js,550
./node_modules/puppeteer-core/lib/esm/puppeteer/common/PierceQueryHandler.js.map,536
./node_modules/puppeteer-core/lib/esm/puppeteer/common/Product.d.ts,212
./node_modules/puppeteer-core/lib/esm/puppeteer/common/Product.d.ts.map,193
./node_modules/puppeteer-core/lib/esm/puppeteer/common/Product.js,135
./node_modules/puppeteer-core/lib/esm/puppeteer/common/Product.js.map,134
./node_modules/puppeteer-core/lib/esm/puppeteer/common/Puppeteer.d.ts,2831
./node_modules/puppeteer-core/lib/esm/puppeteer/common/Puppeteer.d.ts.map,885
./node_modules/puppeteer-core/lib/esm/puppeteer/common/Puppeteer.js,2824
./node_modules/puppeteer-core/lib/esm/puppeteer/common/Puppeteer.js.map,1081
./node_modules/puppeteer-core/lib/esm/puppeteer/common/QueryHandler.d.ts,2131
./node_modules/puppeteer-core/lib/esm/puppeteer/common/QueryHandler.d.ts.map,1387
./node_modules/puppeteer-core/lib/esm/puppeteer/common/QueryHandler.js,8717
./node_modules/puppeteer-core/lib/esm/puppeteer/common/QueryHandler.js.map,4214
./node_modules/puppeteer-core/lib/esm/puppeteer/common/ScriptInjector.d.ts,333
./node_modules/puppeteer-core/lib/esm/puppeteer/common/ScriptInjector.d.ts.map,378
./node_modules/puppeteer-core/lib/esm/puppeteer/common/ScriptInjector.js,1209
./node_modules/puppeteer-core/lib/esm/puppeteer/common/ScriptInjector.js.map,1121
./node_modules/puppeteer-core/lib/esm/puppeteer/common/SecurityDetails.d.ts,1309
./node_modules/puppeteer-core/lib/esm/puppeteer/common/SecurityDetails.d.ts.map,491
./node_modules/puppeteer-core/lib/esm/puppeteer/common/SecurityDetails.js,1781
./node_modules/puppeteer-core/lib/esm/puppeteer/common/SecurityDetails.js.map,977
./node_modules/puppeteer-core/lib/esm/puppeteer/common/TaskQueue.d.ts,270
./node_modules/puppeteer-core/lib/esm/puppeteer/common/TaskQueue.d.ts.map,261
./node_modules/puppeteer-core/lib/esm/puppeteer/common/TaskQueue.js,483
./node_modules/puppeteer-core/lib/esm/puppeteer/common/TaskQueue.js.map,520
./node_modules/puppeteer-core/lib/esm/puppeteer/common/TextQueryHandler.d.ts,339
./node_modules/puppeteer-core/lib/esm/puppeteer/common/TextQueryHandler.d.ts.map,295
./node_modules/puppeteer-core/lib/esm/puppeteer/common/TextQueryHandler.js,403
./node_modules/puppeteer-core/lib/esm/puppeteer/common/TextQueryHandler.js.map,385
./node_modules/puppeteer-core/lib/esm/puppeteer/common/TimeoutSettings.d.ts,387
./node_modules/puppeteer-core/lib/esm/puppeteer/common/TimeoutSettings.d.ts.map,317
./node_modules/puppeteer-core/lib/esm/puppeteer/common/TimeoutSettings.js,983
./node_modules/puppeteer-core/lib/esm/puppeteer/common/TimeoutSettings.js.map,832
./node_modules/puppeteer-core/lib/esm/puppeteer/common/USKeyboardLayout.d.ts,3005
./node_modules/puppeteer-core/lib/esm/puppeteer/common/USKeyboardLayout.d.ts.map,3135
./node_modules/puppeteer-core/lib/esm/puppeteer/common/USKeyboardLayout.js,16924
./node_modules/puppeteer-core/lib/esm/puppeteer/common/USKeyboardLayout.js.map,22942
./node_modules/puppeteer-core/lib/esm/puppeteer/common/Viewport.d.ts,1248
./node_modules/puppeteer-core/lib/esm/puppeteer/common/Viewport.d.ts.map,432
./node_modules/puppeteer-core/lib/esm/puppeteer/common/Viewport.js,136
./node_modules/puppeteer-core/lib/esm/puppeteer/common/Viewport.js.map,136
./node_modules/puppeteer-core/lib/esm/puppeteer/common/WaitTask.d.ts,1157
./node_modules/puppeteer-core/lib/esm/puppeteer/common/WaitTask.d.ts.map,1137
./node_modules/puppeteer-core/lib/esm/puppeteer/common/WaitTask.js,6746
./node_modules/puppeteer-core/lib/esm/puppeteer/common/WaitTask.js.map,5933
./node_modules/puppeteer-core/lib/esm/puppeteer/common/XPathQueryHandler.d.ts,402
./node_modules/puppeteer-core/lib/esm/puppeteer/common/XPathQueryHandler.d.ts.map,346
./node_modules/puppeteer-core/lib/esm/puppeteer/common/XPathQueryHandler.js,628
./node_modules/puppeteer-core/lib/esm/puppeteer/common/XPathQueryHandler.js.map,612
./node_modules/puppeteer-core/lib/esm/puppeteer/common/common.d.ts,1362
./node_modules/puppeteer-core/lib/esm/puppeteer/common/common.d.ts.map,918
./node_modules/puppeteer-core/lib/esm/puppeteer/common/common.js,1360
./node_modules/puppeteer-core/lib/esm/puppeteer/common/common.js.map,916
./node_modules/puppeteer-core/lib/esm/puppeteer/common/types.d.ts,4911
./node_modules/puppeteer-core/lib/esm/puppeteer/common/types.d.ts.map,4731
./node_modules/puppeteer-core/lib/esm/puppeteer/common/types.js,133
./node_modules/puppeteer-core/lib/esm/puppeteer/common/types.js.map,130
./node_modules/puppeteer-core/lib/esm/puppeteer/common/util.d.ts,3598
./node_modules/puppeteer-core/lib/esm/puppeteer/common/util.d.ts.map,2700
./node_modules/puppeteer-core/lib/esm/puppeteer/common/util.js,10738
./node_modules/puppeteer-core/lib/esm/puppeteer/common/util.js.map,10368
./node_modules/puppeteer-core/lib/esm/puppeteer/environment.d.ts,189
./node_modules/puppeteer-core/lib/esm/puppeteer/environment.d.ts.map,176
./node_modules/puppeteer-core/lib/esm/puppeteer/environment.js,226
./node_modules/puppeteer-core/lib/esm/puppeteer/environment.js.map,238
./node_modules/puppeteer-core/lib/esm/puppeteer/generated/injected.d.ts,10005
./node_modules/puppeteer-core/lib/esm/puppeteer/generated/injected.d.ts.map,177
./node_modules/puppeteer-core/lib/esm/puppeteer/generated/injected.js,9995
./node_modules/puppeteer-core/lib/esm/puppeteer/generated/injected.js.map,185
./node_modules/puppeteer-core/lib/esm/puppeteer/generated/version.d.ts,107
./node_modules/puppeteer-core/lib/esm/puppeteer/generated/version.d.ts.map,167
./node_modules/puppeteer-core/lib/esm/puppeteer/generated/version.js,97
./node_modules/puppeteer-core/lib/esm/puppeteer/generated/version.js.map,175
./node_modules/puppeteer-core/lib/esm/puppeteer/index-browser.d.ts,469
./node_modules/puppeteer-core/lib/esm/puppeteer/index-browser.d.ts.map,325
./node_modules/puppeteer-core/lib/esm/puppeteer/index-browser.js,416
./node_modules/puppeteer-core/lib/esm/puppeteer/index-browser.js.map,280
./node_modules/puppeteer-core/lib/esm/puppeteer/index.d.ts,192
./node_modules/puppeteer-core/lib/esm/puppeteer/index.d.ts.map,167
./node_modules/puppeteer-core/lib/esm/puppeteer/index.js,190
./node_modules/puppeteer-core/lib/esm/puppeteer/index.js.map,165
./node_modules/puppeteer-core/lib/esm/puppeteer/injected/ARIAQuerySelector.d.ts,628
./node_modules/puppeteer-core/lib/esm/puppeteer/injected/ARIAQuerySelector.d.ts.map,559
./node_modules/puppeteer-core/lib/esm/puppeteer/injected/ARIAQuerySelector.js,569
./node_modules/puppeteer-core/lib/esm/puppeteer/injected/ARIAQuerySelector.js.map,480
./node_modules/puppeteer-core/lib/esm/puppeteer/injected/CSSSelector.d.ts,314
./node_modules/puppeteer-core/lib/esm/puppeteer/injected/CSSSelector.d.ts.map,283
./node_modules/puppeteer-core/lib/esm/puppeteer/injected/CSSSelector.js,424
./node_modules/puppeteer-core/lib/esm/puppeteer/injected/CSSSelector.js.map,414
./node_modules/puppeteer-core/lib/esm/puppeteer/injected/CustomQuerySelector.d.ts,872
./node_modules/puppeteer-core/lib/esm/puppeteer/injected/CustomQuerySelector.d.ts.map,713
./node_modules/puppeteer-core/lib/esm/puppeteer/injected/CustomQuerySelector.js,1495
./node_modules/puppeteer-core/lib/esm/puppeteer/injected/CustomQuerySelector.js.map,1420
./node_modules/puppeteer-core/lib/esm/puppeteer/injected/PQuerySelector.d.ts,1097
./node_modules/puppeteer-core/lib/esm/puppeteer/injected/PQuerySelector.d.ts.map,783
./node_modules/puppeteer-core/lib/esm/puppeteer/injected/PQuerySelector.js,8034
./node_modules/puppeteer-core/lib/esm/puppeteer/injected/PQuerySelector.js.map,6645
./node_modules/puppeteer-core/lib/esm/puppeteer/injected/PierceQuerySelector.d.ts,365
./node_modules/puppeteer-core/lib/esm/puppeteer/injected/PierceQuerySelector.d.ts.map,317
./node_modules/puppeteer-core/lib/esm/puppeteer/injected/PierceQuerySelector.js,1692
./node_modules/puppeteer-core/lib/esm/puppeteer/injected/PierceQuerySelector.js.map,1685
./node_modules/puppeteer-core/lib/esm/puppeteer/injected/Poller.d.ts,934
./node_modules/puppeteer-core/lib/esm/puppeteer/injected/Poller.d.ts.map,1021
./node_modules/puppeteer-core/lib/esm/puppeteer/injected/Poller.js,3627
./node_modules/puppeteer-core/lib/esm/puppeteer/injected/Poller.js.map,3809
./node_modules/puppeteer-core/lib/esm/puppeteer/injected/TextContent.d.ts,665
./node_modules/puppeteer-core/lib/esm/puppeteer/injected/TextContent.d.ts.map,368
./node_modules/puppeteer-core/lib/esm/puppeteer/injected/TextContent.js,3386
./node_modules/puppeteer-core/lib/esm/puppeteer/injected/TextContent.js.map,3182
./node_modules/puppeteer-core/lib/esm/puppeteer/injected/TextQuerySelector.d.ts,331
./node_modules/puppeteer-core/lib/esm/puppeteer/injected/TextQuerySelector.d.ts.map,241
./node_modules/puppeteer-core/lib/esm/puppeteer/injected/TextQuerySelector.js,1171
./node_modules/puppeteer-core/lib/esm/puppeteer/injected/TextQuerySelector.js.map,1041
./node_modules/puppeteer-core/lib/esm/puppeteer/injected/XPathQuerySelector.d.ts,273
./node_modules/puppeteer-core/lib/esm/puppeteer/injected/XPathQuerySelector.d.ts.map,241
./node_modules/puppeteer-core/lib/esm/puppeteer/injected/XPathQuerySelector.js,869
./node_modules/puppeteer-core/lib/esm/puppeteer/injected/XPathQuerySelector.js.map,883
./node_modules/puppeteer-core/lib/esm/puppeteer/injected/injected.d.ts,2371
./node_modules/puppeteer-core/lib/esm/puppeteer/injected/injected.d.ts.map,471
./node_modules/puppeteer-core/lib/esm/puppeteer/injected/injected.js,1294
./node_modules/puppeteer-core/lib/esm/puppeteer/injected/injected.js.map,966
./node_modules/puppeteer-core/lib/esm/puppeteer/injected/util.d.ts,358
./node_modules/puppeteer-core/lib/esm/puppeteer/injected/util.d.ts.map,391
./node_modules/puppeteer-core/lib/esm/puppeteer/injected/util.js,1614
./node_modules/puppeteer-core/lib/esm/puppeteer/injected/util.js.map,1809
./node_modules/puppeteer-core/lib/esm/puppeteer/node/ChromeLauncher.d.ts,1666
./node_modules/puppeteer-core/lib/esm/puppeteer/node/ChromeLauncher.d.ts.map,1033
./node_modules/puppeteer-core/lib/esm/puppeteer/node/ChromeLauncher.js,9842
./node_modules/puppeteer-core/lib/esm/puppeteer/node/ChromeLauncher.js.map,6917
./node_modules/puppeteer-core/lib/esm/puppeteer/node/FirefoxLauncher.d.ts,990
./node_modules/puppeteer-core/lib/esm/puppeteer/node/FirefoxLauncher.d.ts.map,800
./node_modules/puppeteer-core/lib/esm/puppeteer/node/FirefoxLauncher.js,7353
./node_modules/puppeteer-core/lib/esm/puppeteer/node/FirefoxLauncher.js.map,5358
./node_modules/puppeteer-core/lib/esm/puppeteer/node/LaunchOptions.d.ts,4240
./node_modules/puppeteer-core/lib/esm/puppeteer/node/LaunchOptions.d.ts.map,1364
./node_modules/puppeteer-core/lib/esm/puppeteer/node/LaunchOptions.js,141
./node_modules/puppeteer-core/lib/esm/puppeteer/node/LaunchOptions.js.map,144
./node_modules/puppeteer-core/lib/esm/puppeteer/node/NodeWebSocketTransport.d.ts,632
./node_modules/puppeteer-core/lib/esm/puppeteer/node/NodeWebSocketTransport.d.ts.map,598
./node_modules/puppeteer-core/lib/esm/puppeteer/node/NodeWebSocketTransport.js,1739
./node_modules/puppeteer-core/lib/esm/puppeteer/node/NodeWebSocketTransport.js.map,1583
./node_modules/puppeteer-core/lib/esm/puppeteer/node/PipeTransport.d.ts,548
./node_modules/puppeteer-core/lib/esm/puppeteer/node/PipeTransport.d.ts.map,461
./node_modules/puppeteer-core/lib/esm/puppeteer/node/PipeTransport.js,2367
./node_modules/puppeteer-core/lib/esm/puppeteer/node/PipeTransport.js.map,2394
./node_modules/puppeteer-core/lib/esm/puppeteer/node/ProductLauncher.d.ts,3377
./node_modules/puppeteer-core/lib/esm/puppeteer/node/ProductLauncher.d.ts.map,2556
./node_modules/puppeteer-core/lib/esm/puppeteer/node/ProductLauncher.js,11509
./node_modules/puppeteer-core/lib/esm/puppeteer/node/ProductLauncher.js.map,7872
./node_modules/puppeteer-core/lib/esm/puppeteer/node/PuppeteerNode.d.ts,6279
./node_modules/puppeteer-core/lib/esm/puppeteer/node/PuppeteerNode.d.ts.map,1465
./node_modules/puppeteer-core/lib/esm/puppeteer/node/PuppeteerNode.js,10027
./node_modules/puppeteer-core/lib/esm/puppeteer/node/PuppeteerNode.js.map,4555
./node_modules/puppeteer-core/lib/esm/puppeteer/node/ScreenRecorder.d.ts,958
./node_modules/puppeteer-core/lib/esm/puppeteer/node/ScreenRecorder.d.ts.map,832
./node_modules/puppeteer-core/lib/esm/puppeteer/node/ScreenRecorder.js,10795
./node_modules/puppeteer-core/lib/esm/puppeteer/node/ScreenRecorder.js.map,5657
./node_modules/puppeteer-core/lib/esm/puppeteer/node/node.d.ts,381
./node_modules/puppeteer-core/lib/esm/puppeteer/node/node.d.ts.map,288
./node_modules/puppeteer-core/lib/esm/puppeteer/node/node.js,379
./node_modules/puppeteer-core/lib/esm/puppeteer/node/node.js.map,286
./node_modules/puppeteer-core/lib/esm/puppeteer/node/util/fs.d.ts,272
./node_modules/puppeteer-core/lib/esm/puppeteer/node/util/fs.d.ts.map,275
./node_modules/puppeteer-core/lib/esm/puppeteer/node/util/fs.js,405
./node_modules/puppeteer-core/lib/esm/puppeteer/node/util/fs.js.map,483
./node_modules/puppeteer-core/lib/esm/puppeteer/puppeteer-core-browser.d.ts,464
./node_modules/puppeteer-core/lib/esm/puppeteer/puppeteer-core-browser.d.ts.map,325
./node_modules/puppeteer-core/lib/esm/puppeteer/puppeteer-core-browser.js,395
./node_modules/puppeteer-core/lib/esm/puppeteer/puppeteer-core-browser.js.map,384
./node_modules/puppeteer-core/lib/esm/puppeteer/puppeteer-core.d.ts,789
./node_modules/puppeteer-core/lib/esm/puppeteer/puppeteer-core.d.ts.map,370
./node_modules/puppeteer-core/lib/esm/puppeteer/puppeteer-core.js,486
./node_modules/puppeteer-core/lib/esm/puppeteer/puppeteer-core.js.map,429
./node_modules/puppeteer-core/lib/esm/puppeteer/revisions.d.ts,304
./node_modules/puppeteer-core/lib/esm/puppeteer/revisions.d.ts.map,177
./node_modules/puppeteer-core/lib/esm/puppeteer/revisions.js,300
./node_modules/puppeteer-core/lib/esm/puppeteer/revisions.js.map,272
./node_modules/puppeteer-core/lib/esm/puppeteer/util/AsyncIterableUtil.d.ts,625
./node_modules/puppeteer-core/lib/esm/puppeteer/util/AsyncIterableUtil.d.ts.map,733
./node_modules/puppeteer-core/lib/esm/puppeteer/util/AsyncIterableUtil.js,694
./node_modules/puppeteer-core/lib/esm/puppeteer/util/AsyncIterableUtil.js.map,876
./node_modules/puppeteer-core/lib/esm/puppeteer/util/Deferred.d.ts,1057
./node_modules/puppeteer-core/lib/esm/puppeteer/util/Deferred.d.ts.map,841
./node_modules/puppeteer-core/lib/esm/puppeteer/util/Deferred.js,2950
./node_modules/puppeteer-core/lib/esm/puppeteer/util/Deferred.js.map,2489
./node_modules/puppeteer-core/lib/esm/puppeteer/util/ErrorLike.d.ts,830
./node_modules/puppeteer-core/lib/esm/puppeteer/util/ErrorLike.d.ts.map,723
./node_modules/puppeteer-core/lib/esm/puppeteer/util/ErrorLike.js,1037
./node_modules/puppeteer-core/lib/esm/puppeteer/util/ErrorLike.js.map,990
./node_modules/puppeteer-core/lib/esm/puppeteer/util/Function.d.ts,869
./node_modules/puppeteer-core/lib/esm/puppeteer/util/Function.d.ts.map,559
./node_modules/puppeteer-core/lib/esm/puppeteer/util/Function.js,2364
./node_modules/puppeteer-core/lib/esm/puppeteer/util/Function.js.map,1709
./node_modules/puppeteer-core/lib/esm/puppeteer/util/Mutex.d.ts,477
./node_modules/puppeteer-core/lib/esm/puppeteer/util/Mutex.d.ts.map,399
./node_modules/puppeteer-core/lib/esm/puppeteer/util/Mutex.js,1157
./node_modules/puppeteer-core/lib/esm/puppeteer/util/Mutex.js.map,1199
./node_modules/puppeteer-core/lib/esm/puppeteer/util/assert.d.ts,394
./node_modules/puppeteer-core/lib/esm/puppeteer/util/assert.d.ts.map,243
./node_modules/puppeteer-core/lib/esm/puppeteer/util/assert.js,415
./node_modules/puppeteer-core/lib/esm/puppeteer/util/assert.js.map,303
./node_modules/puppeteer-core/lib/esm/puppeteer/util/decorators.d.ts,1855
./node_modules/puppeteer-core/lib/esm/puppeteer/util/decorators.d.ts.map,1383
./node_modules/puppeteer-core/lib/esm/puppeteer/util/decorators.js,7683
./node_modules/puppeteer-core/lib/esm/puppeteer/util/decorators.js.map,5078
./node_modules/puppeteer-core/lib/esm/puppeteer/util/disposable.d.ts,5482
./node_modules/puppeteer-core/lib/esm/puppeteer/util/disposable.d.ts.map,1679
./node_modules/puppeteer-core/lib/esm/puppeteer/util/disposable.js,6460
./node_modules/puppeteer-core/lib/esm/puppeteer/util/disposable.js.map,2981
./node_modules/puppeteer-core/lib/esm/puppeteer/util/util.d.ts,288
./node_modules/puppeteer-core/lib/esm/puppeteer/util/util.d.ts.map,238
./node_modules/puppeteer-core/lib/esm/puppeteer/util/util.js,286
./node_modules/puppeteer-core/lib/esm/puppeteer/util/util.js.map,236
./node_modules/puppeteer-core/lib/esm/third_party/mitt/mitt.d.ts,65
./node_modules/puppeteer-core/lib/esm/third_party/mitt/mitt.js,1616
./node_modules/puppeteer-core/lib/esm/third_party/parsel-js/parsel-js.d.ts,89
./node_modules/puppeteer-core/lib/esm/third_party/parsel-js/parsel-js.js,6452
./node_modules/puppeteer-core/lib/esm/third_party/rxjs/rxjs.d.ts,447
./node_modules/puppeteer-core/lib/esm/third_party/rxjs/rxjs.js,92285
./node_modules/puppeteer-core/lib/types.d.ts,273884
./node_modules/puppeteer-core/package.json,3310
./node_modules/puppeteer-core/src/api/Browser.ts,12012
./node_modules/puppeteer-core/src/api/BrowserContext.ts,8387
./node_modules/puppeteer-core/src/api/CDPSession.ts,3367
./node_modules/puppeteer-core/src/api/Dialog.ts,2319
./node_modules/puppeteer-core/src/api/ElementHandle.ts,47022
./node_modules/puppeteer-core/src/api/ElementHandleSymbol.ts,171
./node_modules/puppeteer-core/src/api/Environment.ts,283
./node_modules/puppeteer-core/src/api/Frame.ts,36778
./node_modules/puppeteer-core/src/api/HTTPRequest.ts,20358
./node_modules/puppeteer-core/src/api/HTTPResponse.ts,3114
./node_modules/puppeteer-core/src/api/Input.ts,14306
./node_modules/puppeteer-core/src/api/JSHandle.ts,5724
./node_modules/puppeteer-core/src/api/Page.ts,91099
./node_modules/puppeteer-core/src/api/Realm.ts,2823
./node_modules/puppeteer-core/src/api/Target.ts,2242
./node_modules/puppeteer-core/src/api/WebWorker.ts,4156
./node_modules/puppeteer-core/src/api/api.ts,601
./node_modules/puppeteer-core/src/api/locators/locators.ts,30181
./node_modules/puppeteer-core/src/bidi/BidiOverCdp.ts,5733
./node_modules/puppeteer-core/src/bidi/Browser.ts,7309
./node_modules/puppeteer-core/src/bidi/BrowserConnector.ts,3977
./node_modules/puppeteer-core/src/bidi/BrowserContext.ts,8838
./node_modules/puppeteer-core/src/bidi/CDPSession.ts,3253
./node_modules/puppeteer-core/src/bidi/Connection.ts,5616
./node_modules/puppeteer-core/src/bidi/Deserializer.ts,2513
./node_modules/puppeteer-core/src/bidi/Dialog.ts,729
./node_modules/puppeteer-core/src/bidi/ElementHandle.ts,3885
./node_modules/puppeteer-core/src/bidi/ExposedFunction.ts,6899
./node_modules/puppeteer-core/src/bidi/Frame.ts,17770
./node_modules/puppeteer-core/src/bidi/HTTPRequest.ts,8800
./node_modules/puppeteer-core/src/bidi/HTTPResponse.ts,3937
./node_modules/puppeteer-core/src/bidi/Input.ts,15669
./node_modules/puppeteer-core/src/bidi/JSHandle.ts,2124
./node_modules/puppeteer-core/src/bidi/Page.ts,29205
./node_modules/puppeteer-core/src/bidi/Realm.ts,11859
./node_modules/puppeteer-core/src/bidi/Serializer.ts,2907
./node_modules/puppeteer-core/src/bidi/Target.ts,4004
./node_modules/puppeteer-core/src/bidi/WebWorker.ts,1137
./node_modules/puppeteer-core/src/bidi/bidi.ts,471
./node_modules/puppeteer-core/src/bidi/core/Browser.ts,6559
./node_modules/puppeteer-core/src/bidi/core/BrowsingContext.ts,17006
./node_modules/puppeteer-core/src/bidi/core/Connection.ts,5555
./node_modules/puppeteer-core/src/bidi/core/Navigation.ts,4420
./node_modules/puppeteer-core/src/bidi/core/README.md,2783
./node_modules/puppeteer-core/src/bidi/core/Realm.ts,8820
./node_modules/puppeteer-core/src/bidi/core/Request.ts,6713
./node_modules/puppeteer-core/src/bidi/core/Session.ts,4498
./node_modules/puppeteer-core/src/bidi/core/UserContext.ts,6163
./node_modules/puppeteer-core/src/bidi/core/UserPrompt.ts,3616
./node_modules/puppeteer-core/src/bidi/core/core.ts,379
./node_modules/puppeteer-core/src/bidi/util.ts,2074
./node_modules/puppeteer-core/src/cdp/Accessibility.ts,16116
./node_modules/puppeteer-core/src/cdp/AriaQueryHandler.ts,2705
./node_modules/puppeteer-core/src/cdp/Binding.ts,3657
./node_modules/puppeteer-core/src/cdp/Browser.ts,11799
./node_modules/puppeteer-core/src/cdp/BrowserConnector.ts,1586
./node_modules/puppeteer-core/src/cdp/BrowserContext.ts,2741
./node_modules/puppeteer-core/src/cdp/CDPSession.ts,3966
./node_modules/puppeteer-core/src/cdp/CdpPreloadScript.ts,1066
./node_modules/puppeteer-core/src/cdp/ChromeTargetManager.ts,14238
./node_modules/puppeteer-core/src/cdp/Connection.ts,7515
./node_modules/puppeteer-core/src/cdp/Coverage.ts,14752
./node_modules/puppeteer-core/src/cdp/DeviceRequestPrompt.ts,7038
./node_modules/puppeteer-core/src/cdp/Dialog.ts,751
./node_modules/puppeteer-core/src/cdp/ElementHandle.ts,5797
./node_modules/puppeteer-core/src/cdp/EmulationManager.ts,13850
./node_modules/puppeteer-core/src/cdp/ExecutionContext.ts,16499
./node_modules/puppeteer-core/src/cdp/ExtensionTransport.ts,4755
./node_modules/puppeteer-core/src/cdp/FirefoxTargetManager.ts,7177
./node_modules/puppeteer-core/src/cdp/Frame.ts,11622
./node_modules/puppeteer-core/src/cdp/FrameManager.ts,17787
./node_modules/puppeteer-core/src/cdp/FrameManagerEvents.ts,1784
./node_modules/puppeteer-core/src/cdp/FrameTree.ts,2893
./node_modules/puppeteer-core/src/cdp/HTTPRequest.ts,6774
./node_modules/puppeteer-core/src/cdp/HTTPResponse.ts,4667
./node_modules/puppeteer-core/src/cdp/Input.ts,15560
./node_modules/puppeteer-core/src/cdp/IsolatedWorld.ts,7824
./node_modules/puppeteer-core/src/cdp/IsolatedWorlds.ts,527
./node_modules/puppeteer-core/src/cdp/JSHandle.ts,3341
./node_modules/puppeteer-core/src/cdp/LifecycleWatcher.ts,7864
./node_modules/puppeteer-core/src/cdp/NetworkEventManager.ts,6849
./node_modules/puppeteer-core/src/cdp/NetworkManager.ts,21676
./node_modules/puppeteer-core/src/cdp/Page.ts,35564
./node_modules/puppeteer-core/src/cdp/PredefinedNetworkConditions.ts,2358
./node_modules/puppeteer-core/src/cdp/Target.ts,8224
./node_modules/puppeteer-core/src/cdp/TargetManager.ts,1856
./node_modules/puppeteer-core/src/cdp/Tracing.ts,3608
./node_modules/puppeteer-core/src/cdp/WebWorker.ts,3051
./node_modules/puppeteer-core/src/cdp/cdp.ts,1359
./node_modules/puppeteer-core/src/cdp/utils.ts,6428
./node_modules/puppeteer-core/src/common/BrowserConnector.ts,3536
./node_modules/puppeteer-core/src/common/BrowserWebSocketTransport.ts,1206
./node_modules/puppeteer-core/src/common/CSSQueryHandler.ts,665
./node_modules/puppeteer-core/src/common/CallbackRegistry.ts,4000
./node_modules/puppeteer-core/src/common/Configuration.ts,3037
./node_modules/puppeteer-core/src/common/ConnectOptions.ts,1690
./node_modules/puppeteer-core/src/common/ConnectionTransport.ts,263
./node_modules/puppeteer-core/src/common/ConsoleMessage.ts,2041
./node_modules/puppeteer-core/src/common/Cookie.ts,3954
./node_modules/puppeteer-core/src/common/CustomQueryHandler.ts,5799
./node_modules/puppeteer-core/src/common/Debug.ts,2771
./node_modules/puppeteer-core/src/common/Device.ts,47514
./node_modules/puppeteer-core/src/common/Errors.ts,1616
./node_modules/puppeteer-core/src/common/EventEmitter.ts,5375
./node_modules/puppeteer-core/src/common/FileChooser.ts,2554
./node_modules/puppeteer-core/src/common/GetQueryHandler.ts,2341
./node_modules/puppeteer-core/src/common/HandleIterator.ts,1985
./node_modules/puppeteer-core/src/common/LazyArg.ts,876
./node_modules/puppeteer-core/src/common/NetworkManagerEvents.ts,1228
./node_modules/puppeteer-core/src/common/PDFOptions.ts,5154
./node_modules/puppeteer-core/src/common/PQueryHandler.ts,594
./node_modules/puppeteer-core/src/common/PSelectorParser.ts,3257
./node_modules/puppeteer-core/src/common/PierceQueryHandler.ts,680
./node_modules/puppeteer-core/src/common/Product.ts,176
./node_modules/puppeteer-core/src/common/Puppeteer.ts,3095
./node_modules/puppeteer-core/src/common/QueryHandler.ts,6001
./node_modules/puppeteer-core/src/common/ScriptInjector.ts,1172
./node_modules/puppeteer-core/src/common/SecurityDetails.ts,1796
./node_modules/puppeteer-core/src/common/TaskQueue.ts,477
./node_modules/puppeteer-core/src/common/TextQueryHandler.ts,415
./node_modules/puppeteer-core/src/common/TimeoutSettings.ts,931
./node_modules/puppeteer-core/src/common/USKeyboardLayout.ts,18746
./node_modules/puppeteer-core/src/common/Viewport.ts,1133
./node_modules/puppeteer-core/src/common/WaitTask.ts,7020
./node_modules/puppeteer-core/src/common/XPathQueryHandler.ts,698
./node_modules/puppeteer-core/src/common/common.ts,1327
./node_modules/puppeteer-core/src/common/types.ts,5203
./node_modules/puppeteer-core/src/common/util.ts,11591
./node_modules/puppeteer-core/src/environment.ts,188
./node_modules/puppeteer-core/src/generated/injected.ts,9959
./node_modules/puppeteer-core/src/generated/version.ts,62
./node_modules/puppeteer-core/src/index-browser.ts,427
./node_modules/puppeteer-core/src/index.ts,158
./node_modules/puppeteer-core/src/injected/ARIAQuerySelector.ts,921
./node_modules/puppeteer-core/src/injected/CSSSelector.ts,453
./node_modules/puppeteer-core/src/injected/CustomQuerySelector.ts,1732
./node_modules/puppeteer-core/src/injected/PQuerySelector.ts,8170
./node_modules/puppeteer-core/src/injected/PierceQuerySelector.ts,1580
./node_modules/puppeteer-core/src/injected/Poller.ts,3672
./node_modules/puppeteer-core/src/injected/README.md,262
./node_modules/puppeteer-core/src/injected/TextContent.ts,3471
./node_modules/puppeteer-core/src/injected/TextQuerySelector.ts,1078
./node_modules/puppeteer-core/src/injected/XPathQuerySelector.ts,842
./node_modules/puppeteer-core/src/injected/injected.ts,1295
./node_modules/puppeteer-core/src/injected/util.ts,1747
./node_modules/puppeteer-core/src/node/ChromeLauncher.ts,9715
./node_modules/puppeteer-core/src/node/FirefoxLauncher.ts,7135
./node_modules/puppeteer-core/src/node/LaunchOptions.ts,4001
./node_modules/puppeteer-core/src/node/NodeWebSocketTransport.ts,1760
./node_modules/puppeteer-core/src/node/PipeTransport.ts,2571
./node_modules/puppeteer-core/src/node/ProductLauncher.ts,12948
./node_modules/puppeteer-core/src/node/PuppeteerNode.ts,10489
./node_modules/puppeteer-core/src/node/ScreenRecorder.ts,6900
./node_modules/puppeteer-core/src/node/node.ts,348
./node_modules/puppeteer-core/src/node/util/fs.ts,406
./node_modules/puppeteer-core/src/puppeteer-core-browser.ts,353
./node_modules/puppeteer-core/src/puppeteer-core.ts,473
./node_modules/puppeteer-core/src/revisions.ts,258
./node_modules/puppeteer-core/src/templates/README.md,100
./node_modules/puppeteer-core/src/templates/injected.ts.tmpl,249
./node_modules/puppeteer-core/src/templates/version.ts.tmpl,70
./node_modules/puppeteer-core/src/tsconfig.cjs.json,234
./node_modules/puppeteer-core/src/tsconfig.esm.json,172
./node_modules/puppeteer-core/src/util/AsyncIterableUtil.ts,989
./node_modules/puppeteer-core/src/util/Deferred.ts,3101
./node_modules/puppeteer-core/src/util/ErrorLike.ts,1328
./node_modules/puppeteer-core/src/util/Function.ts,2646
./node_modules/puppeteer-core/src/util/Mutex.ts,1135
./node_modules/puppeteer-core/src/util/assert.ts,433
./node_modules/puppeteer-core/src/util/decorators.ts,5957
./node_modules/puppeteer-core/src/util/disposable.ts,6862
./node_modules/puppeteer-core/src/util/util.ts,255
./node_modules/puppeteer/README.md,2092
./node_modules/puppeteer/install.mjs,917
./node_modules/puppeteer/lib/cjs/puppeteer/getConfiguration.d.ts,269
./node_modules/puppeteer/lib/cjs/puppeteer/getConfiguration.d.ts.map,243
./node_modules/puppeteer/lib/cjs/puppeteer/getConfiguration.js,5406
./node_modules/puppeteer/lib/cjs/puppeteer/getConfiguration.js.map,3548
./node_modules/puppeteer/lib/cjs/puppeteer/node/cli.d.ts,153
./node_modules/puppeteer/lib/cjs/puppeteer/node/cli.d.ts.map,127
./node_modules/puppeteer/lib/cjs/puppeteer/node/cli.js,1802
./node_modules/puppeteer/lib/cjs/puppeteer/node/cli.js.map,947
./node_modules/puppeteer/lib/cjs/puppeteer/node/install.d.ts,205
./node_modules/puppeteer/lib/cjs/puppeteer/node/install.d.ts.map,195
./node_modules/puppeteer/lib/cjs/puppeteer/node/install.js,5447
./node_modules/puppeteer/lib/cjs/puppeteer/node/install.js.map,3840
./node_modules/puppeteer/lib/cjs/puppeteer/puppeteer.d.ts,1147
./node_modules/puppeteer/lib/cjs/puppeteer/puppeteer.d.ts.map,426
./node_modules/puppeteer/lib/cjs/puppeteer/puppeteer.js,1752
./node_modules/puppeteer/lib/cjs/puppeteer/puppeteer.js.map,507
./node_modules/puppeteer/lib/esm/package.json,18
./node_modules/puppeteer/lib/esm/puppeteer/getConfiguration.d.ts,269
./node_modules/puppeteer/lib/esm/puppeteer/getConfiguration.d.ts.map,243
./node_modules/puppeteer/lib/esm/puppeteer/getConfiguration.js,5215
./node_modules/puppeteer/lib/esm/puppeteer/getConfiguration.js.map,3597
./node_modules/puppeteer/lib/esm/puppeteer/node/cli.d.ts,153
./node_modules/puppeteer/lib/esm/puppeteer/node/cli.d.ts.map,127
./node_modules/puppeteer/lib/esm/puppeteer/node/cli.js,1397
./node_modules/puppeteer/lib/esm/puppeteer/node/cli.js.map,1025
./node_modules/puppeteer/lib/esm/puppeteer/node/install.d.ts,205
./node_modules/puppeteer/lib/esm/puppeteer/node/install.d.ts.map,195
./node_modules/puppeteer/lib/esm/puppeteer/node/install.js,5108
./node_modules/puppeteer/lib/esm/puppeteer/node/install.js.map,3922
./node_modules/puppeteer/lib/esm/puppeteer/puppeteer.d.ts,1147
./node_modules/puppeteer/lib/esm/puppeteer/puppeteer.d.ts.map,426
./node_modules/puppeteer/lib/esm/puppeteer/puppeteer.js,685
./node_modules/puppeteer/lib/esm/puppeteer/puppeteer.js.map,535
./node_modules/puppeteer/lib/types.d.ts,274030
./node_modules/puppeteer/package.json,3293
./node_modules/puppeteer/src/getConfiguration.ts,5039
./node_modules/puppeteer/src/node/cli.ts,1270
./node_modules/puppeteer/src/node/install.ts,5089
./node_modules/puppeteer/src/puppeteer.ts,729
./node_modules/puppeteer/src/tsconfig.cjs.json,174
./node_modules/puppeteer/src/tsconfig.esm.json,112
./node_modules/qs/.editorconfig,597
./node_modules/qs/.eslintrc,1050
./node_modules/qs/.github/FUNDING.yml,548
./node_modules/qs/.nycrc,216
./node_modules/qs/CHANGELOG.md,33117
./node_modules/qs/LICENSE.md,1600
./node_modules/qs/README.md,25887
./node_modules/qs/dist/qs.js,49512
./node_modules/qs/lib/formats.js,476
./node_modules/qs/lib/index.js,211
./node_modules/qs/lib/parse.js,12620
./node_modules/qs/lib/stringify.js,11475
./node_modules/qs/lib/utils.js,7352
./node_modules/qs/package.json,3137
./node_modules/qs/test/empty-keys-cases.js,7698
./node_modules/qs/test/parse.js,51326
./node_modules/qs/test/stringify.js,53219
./node_modules/qs/test/utils.js,8197
./node_modules/require-directory/.jshintrc,1853
./node_modules/require-directory/.npmignore,8
./node_modules/require-directory/.travis.yml,36
./node_modules/require-directory/LICENSE,1099
./node_modules/require-directory/README.markdown,5175
./node_modules/require-directory/index.js,2867
./node_modules/require-directory/package.json,1033
./node_modules/requires-port/.npmignore,22
./node_modules/requires-port/.travis.yml,341
./node_modules/requires-port/LICENSE,1115
./node_modules/requires-port/README.md,1814
./node_modules/requires-port/index.js,753
./node_modules/requires-port/package.json,1127
./node_modules/requires-port/test.js,3393
./node_modules/resolve-from/index.js,1125
./node_modules/resolve-from/license,1109
./node_modules/resolve-from/package.json,569
./node_modules/resolve-from/readme.md,1838
./node_modules/rimraf/LICENSE,775
./node_modules/rimraf/README.md,8942
./node_modules/rimraf/dist/commonjs/default-tmp.d.ts,172
./node_modules/rimraf/dist/commonjs/default-tmp.d.ts.map,206
./node_modules/rimraf/dist/commonjs/default-tmp.js,2482
./node_modules/rimraf/dist/commonjs/default-tmp.js.map,4022
./node_modules/rimraf/dist/commonjs/fix-eperm.d.ts,231
./node_modules/rimraf/dist/commonjs/fix-eperm.d.ts.map,285
./node_modules/rimraf/dist/commonjs/fix-eperm.js,1449
./node_modules/rimraf/dist/commonjs/fix-eperm.js.map,2703
./node_modules/rimraf/dist/commonjs/fs.d.ts,918
./node_modules/rimraf/dist/commonjs/fs.d.ts.map,993
./node_modules/rimraf/dist/commonjs/fs.js,3165
./node_modules/rimraf/dist/commonjs/fs.js.map,5671
./node_modules/rimraf/dist/commonjs/ignore-enoent.d.ts,176
./node_modules/rimraf/dist/commonjs/ignore-enoent.d.ts.map,227
./node_modules/rimraf/dist/commonjs/ignore-enoent.js,535
./node_modules/rimraf/dist/commonjs/ignore-enoent.js.map,922
./node_modules/rimraf/dist/commonjs/index.d.ts,3453
./node_modules/rimraf/dist/commonjs/index.d.ts.map,2617
./node_modules/rimraf/dist/commonjs/index.js,4091
./node_modules/rimraf/dist/commonjs/index.js.map,6283
./node_modules/rimraf/dist/commonjs/opt-arg.d.ts,1201
./node_modules/rimraf/dist/commonjs/opt-arg.d.ts.map,1177
./node_modules/rimraf/dist/commonjs/opt-arg.js,1788
./node_modules/rimraf/dist/commonjs/opt-arg.js.map,4129
./node_modules/rimraf/dist/commonjs/package.json,25
./node_modules/rimraf/dist/commonjs/path-arg.d.ts,186
./node_modules/rimraf/dist/commonjs/path-arg.d.ts.map,229
./node_modules/rimraf/dist/commonjs/path-arg.js,1964
./node_modules/rimraf/dist/commonjs/path-arg.js.map,3291
./node_modules/rimraf/dist/commonjs/platform.d.ts,95
./node_modules/rimraf/dist/commonjs/platform.d.ts.map,125
./node_modules/rimraf/dist/commonjs/platform.js,192
./node_modules/rimraf/dist/commonjs/platform.js.map,273
./node_modules/rimraf/dist/commonjs/readdir-or-error.d.ts,263
./node_modules/rimraf/dist/commonjs/readdir-or-error.d.ts.map,214
./node_modules/rimraf/dist/commonjs/readdir-or-error.js,655
./node_modules/rimraf/dist/commonjs/readdir-or-error.js.map,1024
./node_modules/rimraf/dist/commonjs/retry-busy.d.ts,528
./node_modules/rimraf/dist/commonjs/retry-busy.d.ts.map,488
./node_modules/rimraf/dist/commonjs/retry-busy.js,2335
./node_modules/rimraf/dist/commonjs/retry-busy.js.map,4047
./node_modules/rimraf/dist/commonjs/rimraf-manual.d.ts,275
./node_modules/rimraf/dist/commonjs/rimraf-manual.d.ts.map,189
./node_modules/rimraf/dist/commonjs/rimraf-manual.js,760
./node_modules/rimraf/dist/commonjs/rimraf-manual.js.map,713
./node_modules/rimraf/dist/commonjs/rimraf-move-remove.d.ts,310
./node_modules/rimraf/dist/commonjs/rimraf-move-remove.d.ts.map,302
./node_modules/rimraf/dist/commonjs/rimraf-move-remove.js,6655
./node_modules/rimraf/dist/commonjs/rimraf-move-remove.js.map,13079
./node_modules/rimraf/dist/commonjs/rimraf-native.d.ts,297
./node_modules/rimraf/dist/commonjs/rimraf-native.d.ts.map,313
./node_modules/rimraf/dist/commonjs/rimraf-native.js,646
./node_modules/rimraf/dist/commonjs/rimraf-native.js.map,1167
./node_modules/rimraf/dist/commonjs/rimraf-posix.d.ts,294
./node_modules/rimraf/dist/commonjs/rimraf-posix.d.ts.map,283
./node_modules/rimraf/dist/commonjs/rimraf-posix.js,4310
./node_modules/rimraf/dist/commonjs/rimraf-posix.js.map,8091
./node_modules/rimraf/dist/commonjs/rimraf-windows.d.ts,300
./node_modules/rimraf/dist/commonjs/rimraf-windows.d.ts.map,290
./node_modules/rimraf/dist/commonjs/rimraf-windows.js,6622
./node_modules/rimraf/dist/commonjs/rimraf-windows.js.map,12287
./node_modules/rimraf/dist/commonjs/use-native.d.ts,245
./node_modules/rimraf/dist/commonjs/use-native.d.ts.map,302
./node_modules/rimraf/dist/commonjs/use-native.js,1082
./node_modules/rimraf/dist/commonjs/use-native.js.map,1836
./node_modules/rimraf/dist/esm/bin.d.mts,212
./node_modules/rimraf/dist/esm/bin.d.mts.map,208
./node_modules/rimraf/dist/esm/bin.mjs,8705
./node_modules/rimraf/dist/esm/bin.mjs.map,15678
./node_modules/rimraf/dist/esm/default-tmp.d.ts,172
./node_modules/rimraf/dist/esm/default-tmp.d.ts.map,206
./node_modules/rimraf/dist/esm/default-tmp.js,2054
./node_modules/rimraf/dist/esm/default-tmp.js.map,4099
./node_modules/rimraf/dist/esm/fix-eperm.d.ts,231
./node_modules/rimraf/dist/esm/fix-eperm.d.ts.map,285
./node_modules/rimraf/dist/esm/fix-eperm.js,1260
./node_modules/rimraf/dist/esm/fix-eperm.js.map,2704
./node_modules/rimraf/dist/esm/fs.d.ts,918
./node_modules/rimraf/dist/esm/fs.d.ts.map,993
./node_modules/rimraf/dist/esm/fs.js,1796
./node_modules/rimraf/dist/esm/fs.js.map,5645
./node_modules/rimraf/dist/esm/ignore-enoent.d.ts,176
./node_modules/rimraf/dist/esm/ignore-enoent.d.ts.map,227
./node_modules/rimraf/dist/esm/ignore-enoent.js,332
./node_modules/rimraf/dist/esm/ignore-enoent.js.map,893
./node_modules/rimraf/dist/esm/index.d.ts,3453
./node_modules/rimraf/dist/esm/index.d.ts.map,2617
./node_modules/rimraf/dist/esm/index.js,2688
./node_modules/rimraf/dist/esm/index.js.map,6548
./node_modules/rimraf/dist/esm/opt-arg.d.ts,1201
./node_modules/rimraf/dist/esm/opt-arg.d.ts.map,1177
./node_modules/rimraf/dist/esm/opt-arg.js,1459
./node_modules/rimraf/dist/esm/opt-arg.js.map,4065
./node_modules/rimraf/dist/esm/package.json,23
./node_modules/rimraf/dist/esm/path-arg.d.ts,186
./node_modules/rimraf/dist/esm/path-arg.d.ts.map,229
./node_modules/rimraf/dist/esm/path-arg.js,1664
./node_modules/rimraf/dist/esm/path-arg.js.map,3348
./node_modules/rimraf/dist/esm/platform.d.ts,95
./node_modules/rimraf/dist/esm/platform.d.ts.map,125
./node_modules/rimraf/dist/esm/platform.js,112
./node_modules/rimraf/dist/esm/platform.js.map,270
./node_modules/rimraf/dist/esm/readdir-or-error.d.ts,263
./node_modules/rimraf/dist/esm/readdir-or-error.d.ts.map,214
./node_modules/rimraf/dist/esm/readdir-or-error.js,432
./node_modules/rimraf/dist/esm/readdir-or-error.js.map,1025
./node_modules/rimraf/dist/esm/retry-busy.d.ts,528
./node_modules/rimraf/dist/esm/retry-busy.d.ts.map,488
./node_modules/rimraf/dist/esm/retry-busy.js,2049
./node_modules/rimraf/dist/esm/retry-busy.js.map,4056
./node_modules/rimraf/dist/esm/rimraf-manual.d.ts,275
./node_modules/rimraf/dist/esm/rimraf-manual.d.ts.map,189
./node_modules/rimraf/dist/esm/rimraf-manual.js,389
./node_modules/rimraf/dist/esm/rimraf-manual.js.map,822
./node_modules/rimraf/dist/esm/rimraf-move-remove.d.ts,310
./node_modules/rimraf/dist/esm/rimraf-move-remove.d.ts.map,302
./node_modules/rimraf/dist/esm/rimraf-move-remove.js,6181
./node_modules/rimraf/dist/esm/rimraf-move-remove.js.map,13193
./node_modules/rimraf/dist/esm/rimraf-native.d.ts,297
./node_modules/rimraf/dist/esm/rimraf-native.d.ts.map,313
./node_modules/rimraf/dist/esm/rimraf-native.js,430
./node_modules/rimraf/dist/esm/rimraf-native.js.map,1170
./node_modules/rimraf/dist/esm/rimraf-posix.d.ts,294
./node_modules/rimraf/dist/esm/rimraf-posix.d.ts.map,283
./node_modules/rimraf/dist/esm/rimraf-posix.js,3932
./node_modules/rimraf/dist/esm/rimraf-posix.js.map,8173
./node_modules/rimraf/dist/esm/rimraf-windows.d.ts,300
./node_modules/rimraf/dist/esm/rimraf-windows.d.ts.map,290
./node_modules/rimraf/dist/esm/rimraf-windows.js,6049
./node_modules/rimraf/dist/esm/rimraf-windows.js.map,12442
./node_modules/rimraf/dist/esm/use-native.d.ts,245
./node_modules/rimraf/dist/esm/use-native.d.ts.map,302
./node_modules/rimraf/dist/esm/use-native.js,771
./node_modules/rimraf/dist/esm/use-native.js.map,1866
./node_modules/rimraf/package.json,2090
./node_modules/rollup/LICENSE.md,35227
./node_modules/rollup/README.md,10005
./node_modules/rollup/dist/bin/rollup,81360
./node_modules/rollup/dist/es/getLogFilter.js,2046
./node_modules/rollup/dist/es/package.json,17
./node_modules/rollup/dist/es/parseAst.js,293
./node_modules/rollup/dist/es/rollup.js,441
./node_modules/rollup/dist/es/shared/node-entry.js,924976
./node_modules/rollup/dist/es/shared/parseAst.js,83731
./node_modules/rollup/dist/es/shared/watch.js,250934
./node_modules/rollup/dist/getLogFilter.d.ts,171
./node_modules/rollup/dist/getLogFilter.js,2188
./node_modules/rollup/dist/loadConfigFile.d.ts,471
./node_modules/rollup/dist/loadConfigFile.js,705
./node_modules/rollup/dist/native.js,3769
./node_modules/rollup/dist/parseAst.d.ts,134
./node_modules/rollup/dist/parseAst.js,506
./node_modules/rollup/dist/rollup.d.ts,35010
./node_modules/rollup/dist/rollup.js,4666
./node_modules/rollup/dist/shared/fsevents-importer.js,884
./node_modules/rollup/dist/shared/index.js,241078
./node_modules/rollup/dist/shared/loadConfigFile.js,22909
./node_modules/rollup/dist/shared/parseAst.js,92666
./node_modules/rollup/dist/shared/rollup.js,924109
./node_modules/rollup/dist/shared/watch-cli.js,18478
./node_modules/rollup/dist/shared/watch.js,10556
./node_modules/rollup/package.json,11698
./node_modules/safe-buffer/LICENSE,1081
./node_modules/safe-buffer/README.md,19555
./node_modules/safe-buffer/index.d.ts,8738
./node_modules/safe-buffer/index.js,1529
./node_modules/safe-buffer/package.json,783
./node_modules/safer-buffer/LICENSE,1094
./node_modules/safer-buffer/Porting-Buffer.md,12794
./node_modules/safer-buffer/Readme.md,8261
./node_modules/safer-buffer/dangerous.js,1483
./node_modules/safer-buffer/package.json,822
./node_modules/safer-buffer/safer.js,2110
./node_modules/safer-buffer/tests.js,15735
./node_modules/secure-compare/.npmignore,13
./node_modules/secure-compare/README.md,604
./node_modules/secure-compare/index.js,406
./node_modules/secure-compare/package.json,645
./node_modules/secure-compare/test.js,276
./node_modules/semver/LICENSE,765
./node_modules/semver/README.md,24763
./node_modules/semver/bin/semver.js,4739
./node_modules/semver/classes/comparator.js,3631
./node_modules/semver/classes/index.js,143
./node_modules/semver/classes/range.js,14938
./node_modules/semver/classes/semver.js,9297
./node_modules/semver/functions/clean.js,205
./node_modules/semver/functions/cmp.js,961
./node_modules/semver/functions/coerce.js,2004
./node_modules/semver/functions/compare-build.js,281
./node_modules/semver/functions/compare-loose.js,132
./node_modules/semver/functions/compare.js,170
./node_modules/semver/functions/diff.js,1421
./node_modules/semver/functions/eq.js,126
./node_modules/semver/functions/gt.js,124
./node_modules/semver/functions/gte.js,127
./node_modules/semver/functions/inc.js,478
./node_modules/semver/functions/lt.js,124
./node_modules/semver/functions/lte.js,127
./node_modules/semver/functions/major.js,136
./node_modules/semver/functions/minor.js,136
./node_modules/semver/functions/neq.js,128
./node_modules/semver/functions/parse.js,331
./node_modules/semver/functions/patch.js,136
./node_modules/semver/functions/prerelease.js,234
./node_modules/semver/functions/rcompare.js,132
./node_modules/semver/functions/rsort.js,163
./node_modules/semver/functions/satisfies.js,247
./node_modules/semver/functions/sort.js,161
./node_modules/semver/functions/valid.js,176
./node_modules/semver/index.js,2630
./node_modules/semver/internal/constants.js,873
./node_modules/semver/internal/debug.js,240
./node_modules/semver/internal/identifiers.js,424
./node_modules/semver/internal/lrucache.js,802
./node_modules/semver/internal/parse-options.js,338
./node_modules/semver/internal/re.js,8141
./node_modules/semver/package.json,1663
./node_modules/semver/preload.js,83
./node_modules/semver/range.bnf,619
./node_modules/semver/ranges/gtr.js,231
./node_modules/semver/ranges/intersects.js,224
./node_modules/semver/ranges/ltr.js,227
./node_modules/semver/ranges/max-satisfying.js,593
./node_modules/semver/ranges/min-satisfying.js,591
./node_modules/semver/ranges/min-version.js,1514
./node_modules/semver/ranges/outside.js,2204
./node_modules/semver/ranges/simplify.js,1355
./node_modules/semver/ranges/subset.js,7524
./node_modules/semver/ranges/to-comparators.js,282
./node_modules/semver/ranges/valid.js,326
./node_modules/shebang-command/index.js,387
./node_modules/shebang-command/license,1116
./node_modules/shebang-command/package.json,558
./node_modules/shebang-command/readme.md,495
./node_modules/shebang-regex/index.d.ts,446
./node_modules/shebang-regex/index.js,42
./node_modules/shebang-regex/license,1109
./node_modules/shebang-regex/package.json,582
./node_modules/shebang-regex/readme.md,649
./node_modules/side-channel-list/.editorconfig,145
./node_modules/side-channel-list/.eslintrc,185
./node_modules/side-channel-list/.github/FUNDING.yml,588
./node_modules/side-channel-list/.nycrc,216
./node_modules/side-channel-list/CHANGELOG.md,818
./node_modules/side-channel-list/LICENSE,1071
./node_modules/side-channel-list/README.md,2285
./node_modules/side-channel-list/index.d.ts,335
./node_modules/side-channel-list/index.js,3391
./node_modules/side-channel-list/list.d.ts,721
./node_modules/side-channel-list/package.json,2257
./node_modules/side-channel-list/test/index.js,2613
./node_modules/side-channel-list/tsconfig.json,116
./node_modules/side-channel-map/.editorconfig,145
./node_modules/side-channel-map/.eslintrc,185
./node_modules/side-channel-map/.github/FUNDING.yml,587
./node_modules/side-channel-map/.nycrc,216
./node_modules/side-channel-map/CHANGELOG.md,1191
./node_modules/side-channel-map/LICENSE,1071
./node_modules/side-channel-map/README.md,2278
./node_modules/side-channel-map/index.d.ts,367
./node_modules/side-channel-map/index.js,1981
./node_modules/side-channel-map/package.json,2336
./node_modules/side-channel-map/test/index.js,2875
./node_modules/side-channel-map/tsconfig.json,116
./node_modules/side-channel-weakmap/.editorconfig,145
./node_modules/side-channel-weakmap/.eslintrc,203
./node_modules/side-channel-weakmap/.github/FUNDING.yml,591
./node_modules/side-channel-weakmap/.nycrc,216
./node_modules/side-channel-weakmap/CHANGELOG.md,1477
./node_modules/side-channel-weakmap/LICENSE,1071
./node_modules/side-channel-weakmap/README.md,2342
./node_modules/side-channel-weakmap/index.d.ts,382
./node_modules/side-channel-weakmap/index.js,2708
./node_modules/side-channel-weakmap/package.json,2447
./node_modules/side-channel-weakmap/test/index.js,2969
./node_modules/side-channel-weakmap/tsconfig.json,116
./node_modules/side-channel/.editorconfig,145
./node_modules/side-channel/.eslintrc,203
./node_modules/side-channel/.github/FUNDING.yml,583
./node_modules/side-channel/.nycrc,216
./node_modules/side-channel/CHANGELOG.md,10450
./node_modules/side-channel/LICENSE,1071
./node_modules/side-channel/README.md,2152
./node_modules/side-channel/index.d.ts,486
./node_modules/side-channel/index.js,1189
./node_modules/side-channel/package.json,2361
./node_modules/side-channel/test/index.js,2573
./node_modules/side-channel/tsconfig.json,116
./node_modules/signal-exit/LICENSE.txt,790
./node_modules/signal-exit/README.md,2426
./node_modules/signal-exit/dist/cjs/browser.d.ts,393
./node_modules/signal-exit/dist/cjs/browser.d.ts.map,349
./node_modules/signal-exit/dist/cjs/browser.js,322
./node_modules/signal-exit/dist/cjs/browser.js.map,703
./node_modules/signal-exit/dist/cjs/index.d.ts,1744
./node_modules/signal-exit/dist/cjs/index.d.ts.map,460
./node_modules/signal-exit/dist/cjs/index.js,9435
./node_modules/signal-exit/dist/cjs/index.js.map,17544
./node_modules/signal-exit/dist/cjs/package.json,25
./node_modules/signal-exit/dist/cjs/signals.d.ts,1083
./node_modules/signal-exit/dist/cjs/signals.d.ts.map,196
./node_modules/signal-exit/dist/cjs/signals.js,1560
./node_modules/signal-exit/dist/cjs/signals.js.map,2091
./node_modules/signal-exit/dist/mjs/browser.d.ts,393
./node_modules/signal-exit/dist/mjs/browser.d.ts.map,349
./node_modules/signal-exit/dist/mjs/browser.js,138
./node_modules/signal-exit/dist/mjs/browser.js.map,668
./node_modules/signal-exit/dist/mjs/index.d.ts,1744
./node_modules/signal-exit/dist/mjs/index.d.ts.map,460
./node_modules/signal-exit/dist/mjs/index.js,9090
./node_modules/signal-exit/dist/mjs/index.js.map,17592
./node_modules/signal-exit/dist/mjs/package.json,23
./node_modules/signal-exit/dist/mjs/signals.d.ts,1083
./node_modules/signal-exit/dist/mjs/signals.d.ts.map,196
./node_modules/signal-exit/dist/mjs/signals.js,1438
./node_modules/signal-exit/dist/mjs/signals.js.map,2098
./node_modules/signal-exit/package.json,2573
./node_modules/smart-buffer/.prettierrc.yaml,84
./node_modules/smart-buffer/.travis.yml,152
./node_modules/smart-buffer/LICENSE,1087
./node_modules/smart-buffer/README.md,18782
./node_modules/smart-buffer/build/smartbuffer.js,44500
./node_modules/smart-buffer/build/smartbuffer.js.map,20978
./node_modules/smart-buffer/build/utils.js,4273
./node_modules/smart-buffer/build/utils.js.map,2024
./node_modules/smart-buffer/docs/CHANGELOG.md,2298
./node_modules/smart-buffer/docs/README_v3.md,12570
./node_modules/smart-buffer/docs/ROADMAP.md,0
./node_modules/smart-buffer/package.json,1969
./node_modules/smart-buffer/typings/smartbuffer.d.ts,26868
./node_modules/smart-buffer/typings/utils.d.ts,2442
./node_modules/socks-proxy-agent/LICENSE,1101
./node_modules/socks-proxy-agent/README.md,1260
./node_modules/socks-proxy-agent/dist/index.d.ts,1160
./node_modules/socks-proxy-agent/dist/index.d.ts.map,950
./node_modules/socks-proxy-agent/dist/index.js,6723
./node_modules/socks-proxy-agent/dist/index.js.map,4413
./node_modules/socks-proxy-agent/package.json,3203
./node_modules/socks/.eslintrc.cjs,207
./node_modules/socks/.prettierrc.yaml,124
./node_modules/socks/LICENSE,1082
./node_modules/socks/README.md,23342
./node_modules/socks/build/client/socksclient.js,35626
./node_modules/socks/build/client/socksclient.js.map,23770
./node_modules/socks/build/common/constants.js,7550
./node_modules/socks/build/common/constants.js.map,2375
./node_modules/socks/build/common/helpers.js,6933
./node_modules/socks/build/common/helpers.js.map,5102
./node_modules/socks/build/common/receivebuffer.js,1549
./node_modules/socks/build/common/receivebuffer.js.map,1650
./node_modules/socks/build/common/util.js,698
./node_modules/socks/build/common/util.js.map,657
./node_modules/socks/build/index.js,846
./node_modules/socks/build/index.js.map,129
./node_modules/socks/docs/examples/index.md,354
./node_modules/socks/docs/examples/javascript/associateExample.md,3274
./node_modules/socks/docs/examples/javascript/bindExample.md,2772
./node_modules/socks/docs/examples/javascript/connectExample.md,7567
./node_modules/socks/docs/examples/typescript/associateExample.md,3337
./node_modules/socks/docs/examples/typescript/bindExample.md,2838
./node_modules/socks/docs/examples/typescript/connectExample.md,7738
./node_modules/socks/docs/index.md,129
./node_modules/socks/docs/migratingFromV1.md,2629
./node_modules/socks/package.json,1647
./node_modules/socks/typings/client/socksclient.d.ts,6122
./node_modules/socks/typings/common/constants.d.ts,4709
./node_modules/socks/typings/common/helpers.d.ts,829
./node_modules/socks/typings/common/receivebuffer.d.ts,314
./node_modules/socks/typings/common/util.d.ts,484
./node_modules/socks/typings/index.d.ts,38
./node_modules/source-map-js/LICENSE,1526
./node_modules/source-map-js/README.md,26040
./node_modules/source-map-js/lib/array-set.js,3197
./node_modules/source-map-js/lib/base64-vlq.js,4714
./node_modules/source-map-js/lib/base64.js,1540
./node_modules/source-map-js/lib/binary-search.js,4249
./node_modules/source-map-js/lib/mapping-list.js,2339
./node_modules/source-map-js/lib/quick-sort.js,4068
./node_modules/source-map-js/lib/source-map-consumer.d.ts,40
./node_modules/source-map-js/lib/source-map-consumer.js,41580
./node_modules/source-map-js/lib/source-map-generator.d.ts,41
./node_modules/source-map-js/lib/source-map-generator.js,14933
./node_modules/source-map-js/lib/source-node.d.ts,33
./node_modules/source-map-js/lib/source-node.js,13808
./node_modules/source-map-js/lib/util.js,15403
./node_modules/source-map-js/package.json,2548
./node_modules/source-map-js/source-map.d.ts,3408
./node_modules/source-map-js/source-map.js,405
./node_modules/source-map/CHANGELOG.md,7884
./node_modules/source-map/LICENSE,1526
./node_modules/source-map/README.md,24072
./node_modules/source-map/dist/source-map.debug.js,272874
./node_modules/source-map/dist/source-map.js,106973
./node_modules/source-map/dist/source-map.min.js,27111
./node_modules/source-map/dist/source-map.min.js.map,257409
./node_modules/source-map/lib/array-set.js,3197
./node_modules/source-map/lib/base64-vlq.js,4714
./node_modules/source-map/lib/base64.js,1540
./node_modules/source-map/lib/binary-search.js,4249
./node_modules/source-map/lib/mapping-list.js,2339
./node_modules/source-map/lib/quick-sort.js,3616
./node_modules/source-map/lib/source-map-consumer.js,40562
./node_modules/source-map/lib/source-map-generator.js,14356
./node_modules/source-map/lib/source-node.js,13808
./node_modules/source-map/lib/util.js,12950
./node_modules/source-map/package.json,2579
./node_modules/source-map/source-map.d.ts,3060
./node_modules/source-map/source-map.js,405
./node_modules/standardized-audio-context/LICENSE,1076
./node_modules/standardized-audio-context/README.md,25777
./node_modules/standardized-audio-context/build/es2019/constants.d.ts,171
./node_modules/standardized-audio-context/build/es2019/constants.d.ts.map,182
./node_modules/standardized-audio-context/build/es2019/constants.js,174
./node_modules/standardized-audio-context/build/es2019/constants.js.map,211
./node_modules/standardized-audio-context/build/es2019/factories/abort-error.d.ts,147
./node_modules/standardized-audio-context/build/es2019/factories/abort-error.d.ts.map,213
./node_modules/standardized-audio-context/build/es2019/factories/abort-error.js,113
./node_modules/standardized-audio-context/build/es2019/factories/abort-error.js.map,217
./node_modules/standardized-audio-context/build/es2019/factories/add-active-input-connection-to-audio-node.d.ts,302
./node_modules/standardized-audio-context/build/es2019/factories/add-active-input-connection-to-audio-node.d.ts.map,275
./node_modules/standardized-audio-context/build/es2019/factories/add-active-input-connection-to-audio-node.js,454
./node_modules/standardized-audio-context/build/es2019/factories/add-active-input-connection-to-audio-node.js.map,572
./node_modules/standardized-audio-context/build/es2019/factories/add-audio-node-connections.d.ts,201
./node_modules/standardized-audio-context/build/es2019/factories/add-audio-node-connections.d.ts.map,246
./node_modules/standardized-audio-context/build/es2019/factories/add-audio-node-connections.js,564
./node_modules/standardized-audio-context/build/es2019/factories/add-audio-node-connections.js.map,634
./node_modules/standardized-audio-context/build/es2019/factories/add-audio-param-connections.d.ts,205
./node_modules/standardized-audio-context/build/es2019/factories/add-audio-param-connections.d.ts.map,245
./node_modules/standardized-audio-context/build/es2019/factories/add-audio-param-connections.js,335
./node_modules/standardized-audio-context/build/es2019/factories/add-audio-param-connections.js.map,427
./node_modules/standardized-audio-context/build/es2019/factories/add-audio-worklet-module.d.ts,193
./node_modules/standardized-audio-context/build/es2019/factories/add-audio-worklet-module.d.ts.map,242
./node_modules/standardized-audio-context/build/es2019/factories/add-audio-worklet-module.js,12447
./node_modules/standardized-audio-context/build/es2019/factories/add-audio-worklet-module.js.map,5502
./node_modules/standardized-audio-context/build/es2019/factories/add-connection-to-audio-node.d.ts,206
./node_modules/standardized-audio-context/build/es2019/factories/add-connection-to-audio-node.d.ts.map,249
./node_modules/standardized-audio-context/build/es2019/factories/add-connection-to-audio-node.js,3892
./node_modules/standardized-audio-context/build/es2019/factories/add-connection-to-audio-node.js.map,2861
./node_modules/standardized-audio-context/build/es2019/factories/add-passive-input-connection-to-audio-node.d.ts,256
./node_modules/standardized-audio-context/build/es2019/factories/add-passive-input-connection-to-audio-node.d.ts.map,275
./node_modules/standardized-audio-context/build/es2019/factories/add-passive-input-connection-to-audio-node.js,703
./node_modules/standardized-audio-context/build/es2019/factories/add-passive-input-connection-to-audio-node.js.map,798
./node_modules/standardized-audio-context/build/es2019/factories/add-silent-connection.d.ts,184
./node_modules/standardized-audio-context/build/es2019/factories/add-silent-connection.d.ts.map,234
./node_modules/standardized-audio-context/build/es2019/factories/add-silent-connection.js,831
./node_modules/standardized-audio-context/build/es2019/factories/add-silent-connection.js.map,730
./node_modules/standardized-audio-context/build/es2019/factories/add-unrendered-audio-worklet-node.d.ts,226
./node_modules/standardized-audio-context/build/es2019/factories/add-unrendered-audio-worklet-node.d.ts.map,257
./node_modules/standardized-audio-context/build/es2019/factories/add-unrendered-audio-worklet-node.js,287
./node_modules/standardized-audio-context/build/es2019/factories/add-unrendered-audio-worklet-node.js.map,362
./node_modules/standardized-audio-context/build/es2019/factories/analyser-node-constructor.d.ts,200
./node_modules/standardized-audio-context/build/es2019/factories/analyser-node-constructor.d.ts.map,243
./node_modules/standardized-audio-context/build/es2019/factories/analyser-node-constructor.js,3185
./node_modules/standardized-audio-context/build/es2019/factories/analyser-node-constructor.js.map,2459
./node_modules/standardized-audio-context/build/es2019/factories/analyser-node-renderer-factory.d.ts,217
./node_modules/standardized-audio-context/build/es2019/factories/analyser-node-renderer-factory.d.ts.map,253
./node_modules/standardized-audio-context/build/es2019/factories/analyser-node-renderer-factory.js,2139
./node_modules/standardized-audio-context/build/es2019/factories/analyser-node-renderer-factory.js.map,1397
./node_modules/standardized-audio-context/build/es2019/factories/audio-buffer-constructor.d.ts,196
./node_modules/standardized-audio-context/build/es2019/factories/audio-buffer-constructor.d.ts.map,241
./node_modules/standardized-audio-context/build/es2019/factories/audio-buffer-constructor.js,3342
./node_modules/standardized-audio-context/build/es2019/factories/audio-buffer-constructor.js.map,1811
./node_modules/standardized-audio-context/build/es2019/factories/audio-buffer-source-node-constructor.d.ts,238
./node_modules/standardized-audio-context/build/es2019/factories/audio-buffer-source-node-constructor.d.ts.map,265
./node_modules/standardized-audio-context/build/es2019/factories/audio-buffer-source-node-constructor.js,4969
./node_modules/standardized-audio-context/build/es2019/factories/audio-buffer-source-node-constructor.js.map,3784
./node_modules/standardized-audio-context/build/es2019/factories/audio-buffer-source-node-renderer-factory.d.ts,255
./node_modules/standardized-audio-context/build/es2019/factories/audio-buffer-source-node-renderer-factory.d.ts.map,275
./node_modules/standardized-audio-context/build/es2019/factories/audio-buffer-source-node-renderer-factory.js,3563
./node_modules/standardized-audio-context/build/es2019/factories/audio-buffer-source-node-renderer-factory.js.map,2139
./node_modules/standardized-audio-context/build/es2019/factories/audio-context-constructor.d.ts,200
./node_modules/standardized-audio-context/build/es2019/factories/audio-context-constructor.d.ts.map,243
./node_modules/standardized-audio-context/build/es2019/factories/audio-context-constructor.js,7831
./node_modules/standardized-audio-context/build/es2019/factories/audio-context-constructor.js.map,5026
./node_modules/standardized-audio-context/build/es2019/factories/audio-destination-node-constructor.d.ts,233
./node_modules/standardized-audio-context/build/es2019/factories/audio-destination-node-constructor.d.ts.map,261
./node_modules/standardized-audio-context/build/es2019/factories/audio-destination-node-constructor.js,2352
./node_modules/standardized-audio-context/build/es2019/factories/audio-destination-node-constructor.js.map,1527
./node_modules/standardized-audio-context/build/es2019/factories/audio-destination-node-renderer-factory.d.ts,229
./node_modules/standardized-audio-context/build/es2019/factories/audio-destination-node-renderer-factory.d.ts.map,271
./node_modules/standardized-audio-context/build/es2019/factories/audio-destination-node-renderer-factory.js,1079
./node_modules/standardized-audio-context/build/es2019/factories/audio-destination-node-renderer-factory.js.map,838
./node_modules/standardized-audio-context/build/es2019/factories/audio-listener-factory.d.ts,188
./node_modules/standardized-audio-context/build/es2019/factories/audio-listener-factory.d.ts.map,236
./node_modules/standardized-audio-context/build/es2019/factories/audio-listener-factory.js,10913
./node_modules/standardized-audio-context/build/es2019/factories/audio-listener-factory.js.map,7777
./node_modules/standardized-audio-context/build/es2019/factories/audio-node-constructor.d.ts,188
./node_modules/standardized-audio-context/build/es2019/factories/audio-node-constructor.d.ts.map,239
./node_modules/standardized-audio-context/build/es2019/factories/audio-node-constructor.js,16276
./node_modules/standardized-audio-context/build/es2019/factories/audio-node-constructor.js.map,11862
./node_modules/standardized-audio-context/build/es2019/factories/audio-param-factory.d.ts,176
./node_modules/standardized-audio-context/build/es2019/factories/audio-param-factory.d.ts.map,231
./node_modules/standardized-audio-context/build/es2019/factories/audio-param-factory.js,10662
./node_modules/standardized-audio-context/build/es2019/factories/audio-param-factory.js.map,7149
./node_modules/standardized-audio-context/build/es2019/factories/audio-param-renderer.d.ts,180
./node_modules/standardized-audio-context/build/es2019/factories/audio-param-renderer.d.ts.map,233
./node_modules/standardized-audio-context/build/es2019/factories/audio-param-renderer.js,1534
./node_modules/standardized-audio-context/build/es2019/factories/audio-param-renderer.js.map,1249
./node_modules/standardized-audio-context/build/es2019/factories/audio-worklet-node-constructor.d.ts,217
./node_modules/standardized-audio-context/build/es2019/factories/audio-worklet-node-constructor.d.ts.map,253
./node_modules/standardized-audio-context/build/es2019/factories/audio-worklet-node-constructor.js,4750
./node_modules/standardized-audio-context/build/es2019/factories/audio-worklet-node-constructor.js.map,2938
./node_modules/standardized-audio-context/build/es2019/factories/audio-worklet-node-renderer-factory.d.ts,234
./node_modules/standardized-audio-context/build/es2019/factories/audio-worklet-node-renderer-factory.d.ts.map,264
./node_modules/standardized-audio-context/build/es2019/factories/audio-worklet-node-renderer-factory.js,15336
./node_modules/standardized-audio-context/build/es2019/factories/audio-worklet-node-renderer-factory.js.map,10951
./node_modules/standardized-audio-context/build/es2019/factories/base-audio-context-constructor.d.ts,217
./node_modules/standardized-audio-context/build/es2019/factories/base-audio-context-constructor.d.ts.map,254
./node_modules/standardized-audio-context/build/es2019/factories/base-audio-context-constructor.js,3795
./node_modules/standardized-audio-context/build/es2019/factories/base-audio-context-constructor.js.map,2770
./node_modules/standardized-audio-context/build/es2019/factories/biquad-filter-node-constructor.d.ts,217
./node_modules/standardized-audio-context/build/es2019/factories/biquad-filter-node-constructor.d.ts.map,254
./node_modules/standardized-audio-context/build/es2019/factories/biquad-filter-node-constructor.js,3570
./node_modules/standardized-audio-context/build/es2019/factories/biquad-filter-node-constructor.js.map,2589
./node_modules/standardized-audio-context/build/es2019/factories/biquad-filter-node-renderer-factory.d.ts,234
./node_modules/standardized-audio-context/build/es2019/factories/biquad-filter-node-renderer-factory.d.ts.map,263
./node_modules/standardized-audio-context/build/es2019/factories/biquad-filter-node-renderer-factory.js,3344
./node_modules/standardized-audio-context/build/es2019/factories/biquad-filter-node-renderer-factory.js.map,2230
./node_modules/standardized-audio-context/build/es2019/factories/cache-test-result.d.ts,168
./node_modules/standardized-audio-context/build/es2019/factories/cache-test-result.d.ts.map,226
./node_modules/standardized-audio-context/build/es2019/factories/cache-test-result.js,1164
./node_modules/standardized-audio-context/build/es2019/factories/cache-test-result.js.map,1101
./node_modules/standardized-audio-context/build/es2019/factories/channel-merger-node-constructor.d.ts,221
./node_modules/standardized-audio-context/build/es2019/factories/channel-merger-node-constructor.d.ts.map,255
./node_modules/standardized-audio-context/build/es2019/factories/channel-merger-node-constructor.js,979
./node_modules/standardized-audio-context/build/es2019/factories/channel-merger-node-constructor.js.map,845
./node_modules/standardized-audio-context/build/es2019/factories/channel-merger-node-renderer-factory.d.ts,238
./node_modules/standardized-audio-context/build/es2019/factories/channel-merger-node-renderer-factory.d.ts.map,265
./node_modules/standardized-audio-context/build/es2019/factories/channel-merger-node-renderer-factory.js,1896
./node_modules/standardized-audio-context/build/es2019/factories/channel-merger-node-renderer-factory.js.map,1279
./node_modules/standardized-audio-context/build/es2019/factories/channel-splitter-node-constructor.d.ts,229
./node_modules/standardized-audio-context/build/es2019/factories/channel-splitter-node-constructor.d.ts.map,259
./node_modules/standardized-audio-context/build/es2019/factories/channel-splitter-node-constructor.js,1066
./node_modules/standardized-audio-context/build/es2019/factories/channel-splitter-node-constructor.js.map,879
./node_modules/standardized-audio-context/build/es2019/factories/channel-splitter-node-renderer-factory.d.ts,246
./node_modules/standardized-audio-context/build/es2019/factories/channel-splitter-node-renderer-factory.d.ts.map,269
./node_modules/standardized-audio-context/build/es2019/factories/channel-splitter-node-renderer-factory.js,1906
./node_modules/standardized-audio-context/build/es2019/factories/channel-splitter-node-renderer-factory.js.map,1283
./node_modules/standardized-audio-context/build/es2019/factories/connect-audio-param.d.ts,176
./node_modules/standardized-audio-context/build/es2019/factories/connect-audio-param.d.ts.map,229
./node_modules/standardized-audio-context/build/es2019/factories/connect-audio-param.js,300
./node_modules/standardized-audio-context/build/es2019/factories/connect-audio-param.js.map,348
./node_modules/standardized-audio-context/build/es2019/factories/connect-multiple-outputs.d.ts,196
./node_modules/standardized-audio-context/build/es2019/factories/connect-multiple-outputs.d.ts.map,239
./node_modules/standardized-audio-context/build/es2019/factories/connect-multiple-outputs.js,604
./node_modules/standardized-audio-context/build/es2019/factories/connect-multiple-outputs.js.map,666
./node_modules/standardized-audio-context/build/es2019/factories/connected-native-audio-buffer-source-node-factory.d.ts,284
./node_modules/standardized-audio-context/build/es2019/factories/connected-native-audio-buffer-source-node-factory.d.ts.map,290
./node_modules/standardized-audio-context/build/es2019/factories/connected-native-audio-buffer-source-node-factory.js,1037
./node_modules/standardized-audio-context/build/es2019/factories/connected-native-audio-buffer-source-node-factory.js.map,903
./node_modules/standardized-audio-context/build/es2019/factories/constant-source-node-constructor.d.ts,225
./node_modules/standardized-audio-context/build/es2019/factories/constant-source-node-constructor.d.ts.map,257
./node_modules/standardized-audio-context/build/es2019/factories/constant-source-node-constructor.js,3453
./node_modules/standardized-audio-context/build/es2019/factories/constant-source-node-constructor.js.map,2577
./node_modules/standardized-audio-context/build/es2019/factories/constant-source-node-renderer-factory.d.ts,242
./node_modules/standardized-audio-context/build/es2019/factories/constant-source-node-renderer-factory.d.ts.map,267
./node_modules/standardized-audio-context/build/es2019/factories/constant-source-node-renderer-factory.js,2929
./node_modules/standardized-audio-context/build/es2019/factories/constant-source-node-renderer-factory.js.map,1945
./node_modules/standardized-audio-context/build/es2019/factories/convert-number-to-unsigned-long.d.ts,218
./node_modules/standardized-audio-context/build/es2019/factories/convert-number-to-unsigned-long.d.ts.map,253
./node_modules/standardized-audio-context/build/es2019/factories/convert-number-to-unsigned-long.js,224
./node_modules/standardized-audio-context/build/es2019/factories/convert-number-to-unsigned-long.js.map,360
./node_modules/standardized-audio-context/build/es2019/factories/convolver-node-constructor.d.ts,204
./node_modules/standardized-audio-context/build/es2019/factories/convolver-node-constructor.d.ts.map,246
./node_modules/standardized-audio-context/build/es2019/factories/convolver-node-constructor.js,2387
./node_modules/standardized-audio-context/build/es2019/factories/convolver-node-constructor.js.map,2010
./node_modules/standardized-audio-context/build/es2019/factories/convolver-node-renderer-factory.d.ts,221
./node_modules/standardized-audio-context/build/es2019/factories/convolver-node-renderer-factory.d.ts.map,255
./node_modules/standardized-audio-context/build/es2019/factories/convolver-node-renderer-factory.js,2323
./node_modules/standardized-audio-context/build/es2019/factories/convolver-node-renderer-factory.js.map,1544
./node_modules/standardized-audio-context/build/es2019/factories/create-native-offline-audio-context.d.ts,234
./node_modules/standardized-audio-context/build/es2019/factories/create-native-offline-audio-context.d.ts.map,262
./node_modules/standardized-audio-context/build/es2019/factories/create-native-offline-audio-context.js,815
./node_modules/standardized-audio-context/build/es2019/factories/create-native-offline-audio-context.js.map,664
./node_modules/standardized-audio-context/build/es2019/factories/data-clone-error.d.ts,164
./node_modules/standardized-audio-context/build/es2019/factories/data-clone-error.d.ts.map,223
./node_modules/standardized-audio-context/build/es2019/factories/data-clone-error.js,126
./node_modules/standardized-audio-context/build/es2019/factories/data-clone-error.js.map,229
./node_modules/standardized-audio-context/build/es2019/factories/decode-audio-data.d.ts,168
./node_modules/standardized-audio-context/build/es2019/factories/decode-audio-data.d.ts.map,226
./node_modules/standardized-audio-context/build/es2019/factories/decode-audio-data.js,3746
./node_modules/standardized-audio-context/build/es2019/factories/decode-audio-data.js.map,2426
./node_modules/standardized-audio-context/build/es2019/factories/decrement-cycle-counter.d.ts,192
./node_modules/standardized-audio-context/build/es2019/factories/decrement-cycle-counter.d.ts.map,238
./node_modules/standardized-audio-context/build/es2019/factories/decrement-cycle-counter.js,1755
./node_modules/standardized-audio-context/build/es2019/factories/decrement-cycle-counter.js.map,1442
./node_modules/standardized-audio-context/build/es2019/factories/delay-node-constructor.d.ts,188
./node_modules/standardized-audio-context/build/es2019/factories/delay-node-constructor.d.ts.map,237
./node_modules/standardized-audio-context/build/es2019/factories/delay-node-constructor.js,1238
./node_modules/standardized-audio-context/build/es2019/factories/delay-node-constructor.js.map,1100
./node_modules/standardized-audio-context/build/es2019/factories/delay-node-renderer-factory.d.ts,205
./node_modules/standardized-audio-context/build/es2019/factories/delay-node-renderer-factory.d.ts.map,247
./node_modules/standardized-audio-context/build/es2019/factories/delay-node-renderer-factory.js,2264
./node_modules/standardized-audio-context/build/es2019/factories/delay-node-renderer-factory.js.map,1545
./node_modules/standardized-audio-context/build/es2019/factories/delete-active-input-connection-to-audio-node.d.ts,264
./node_modules/standardized-audio-context/build/es2019/factories/delete-active-input-connection-to-audio-node.d.ts.map,279
./node_modules/standardized-audio-context/build/es2019/factories/delete-active-input-connection-to-audio-node.js,381
./node_modules/standardized-audio-context/build/es2019/factories/delete-active-input-connection-to-audio-node.js.map,498
./node_modules/standardized-audio-context/build/es2019/factories/delete-unrendered-audio-worklet-node.d.ts,238
./node_modules/standardized-audio-context/build/es2019/factories/delete-unrendered-audio-worklet-node.d.ts.map,263
./node_modules/standardized-audio-context/build/es2019/factories/delete-unrendered-audio-worklet-node.js,296
./node_modules/standardized-audio-context/build/es2019/factories/delete-unrendered-audio-worklet-node.js.map,368
./node_modules/standardized-audio-context/build/es2019/factories/detect-cycles.d.ts,155
./node_modules/standardized-audio-context/build/es2019/factories/detect-cycles.d.ts.map,218
./node_modules/standardized-audio-context/build/es2019/factories/detect-cycles.js,936
./node_modules/standardized-audio-context/build/es2019/factories/detect-cycles.js.map,1049
./node_modules/standardized-audio-context/build/es2019/factories/disconnect-multiple-outputs.d.ts,208
./node_modules/standardized-audio-context/build/es2019/factories/disconnect-multiple-outputs.d.ts.map,248
./node_modules/standardized-audio-context/build/es2019/factories/disconnect-multiple-outputs.js,1747
./node_modules/standardized-audio-context/build/es2019/factories/disconnect-multiple-outputs.js.map,1585
./node_modules/standardized-audio-context/build/es2019/factories/dynamics-compressor-node-constructor.d.ts,241
./node_modules/standardized-audio-context/build/es2019/factories/dynamics-compressor-node-constructor.d.ts.map,265
./node_modules/standardized-audio-context/build/es2019/factories/dynamics-compressor-node-constructor.js,3844
./node_modules/standardized-audio-context/build/es2019/factories/dynamics-compressor-node-constructor.js.map,2710
./node_modules/standardized-audio-context/build/es2019/factories/dynamics-compressor-node-renderer-factory.d.ts,258
./node_modules/standardized-audio-context/build/es2019/factories/dynamics-compressor-node-renderer-factory.d.ts.map,275
./node_modules/standardized-audio-context/build/es2019/factories/dynamics-compressor-node-renderer-factory.js,3849
./node_modules/standardized-audio-context/build/es2019/factories/dynamics-compressor-node-renderer-factory.js.map,2421
./node_modules/standardized-audio-context/build/es2019/factories/encoding-error.d.ts,159
./node_modules/standardized-audio-context/build/es2019/factories/encoding-error.d.ts.map,219
./node_modules/standardized-audio-context/build/es2019/factories/encoding-error.js,122
./node_modules/standardized-audio-context/build/es2019/factories/encoding-error.js.map,223
./node_modules/standardized-audio-context/build/es2019/factories/evaluate-source.d.ts,163
./node_modules/standardized-audio-context/build/es2019/factories/evaluate-source.d.ts.map,222
./node_modules/standardized-audio-context/build/es2019/factories/evaluate-source.js,2230
./node_modules/standardized-audio-context/build/es2019/factories/evaluate-source.js.map,1787
./node_modules/standardized-audio-context/build/es2019/factories/event-target-constructor.d.ts,196
./node_modules/standardized-audio-context/build/es2019/factories/event-target-constructor.d.ts.map,242
./node_modules/standardized-audio-context/build/es2019/factories/event-target-constructor.js,1323
./node_modules/standardized-audio-context/build/es2019/factories/event-target-constructor.js.map,1230
./node_modules/standardized-audio-context/build/es2019/factories/expose-current-frame-and-current-time.d.ts,239
./node_modules/standardized-audio-context/build/es2019/factories/expose-current-frame-and-current-time.d.ts.map,266
./node_modules/standardized-audio-context/build/es2019/factories/expose-current-frame-and-current-time.js,801
./node_modules/standardized-audio-context/build/es2019/factories/expose-current-frame-and-current-time.js.map,758
./node_modules/standardized-audio-context/build/es2019/factories/fetch-source.d.ts,151
./node_modules/standardized-audio-context/build/es2019/factories/fetch-source.d.ts.map,215
./node_modules/standardized-audio-context/build/es2019/factories/fetch-source.js,435
./node_modules/standardized-audio-context/build/es2019/factories/fetch-source.js.map,525
./node_modules/standardized-audio-context/build/es2019/factories/gain-node-constructor.d.ts,184
./node_modules/standardized-audio-context/build/es2019/factories/gain-node-constructor.d.ts.map,235
./node_modules/standardized-audio-context/build/es2019/factories/gain-node-constructor.js,1300
./node_modules/standardized-audio-context/build/es2019/factories/gain-node-constructor.js.map,1084
./node_modules/standardized-audio-context/build/es2019/factories/gain-node-renderer-factory.d.ts,201
./node_modules/standardized-audio-context/build/es2019/factories/gain-node-renderer-factory.d.ts.map,245
./node_modules/standardized-audio-context/build/es2019/factories/gain-node-renderer-factory.js,2160
./node_modules/standardized-audio-context/build/es2019/factories/gain-node-renderer-factory.js.map,1521
./node_modules/standardized-audio-context/build/es2019/factories/get-active-audio-worklet-node-inputs.d.ts,235
./node_modules/standardized-audio-context/build/es2019/factories/get-active-audio-worklet-node-inputs.d.ts.map,265
./node_modules/standardized-audio-context/build/es2019/factories/get-active-audio-worklet-node-inputs.js,291
./node_modules/standardized-audio-context/build/es2019/factories/get-active-audio-worklet-node-inputs.js.map,341
./node_modules/standardized-audio-context/build/es2019/factories/get-audio-node-renderer.d.ts,189
./node_modules/standardized-audio-context/build/es2019/factories/get-audio-node-renderer.d.ts.map,237
./node_modules/standardized-audio-context/build/es2019/factories/get-audio-node-renderer.js,441
./node_modules/standardized-audio-context/build/es2019/factories/get-audio-node-renderer.js.map,456
./node_modules/standardized-audio-context/build/es2019/factories/get-audio-node-tail-time.d.ts,190
./node_modules/standardized-audio-context/build/es2019/factories/get-audio-node-tail-time.d.ts.map,239
./node_modules/standardized-audio-context/build/es2019/factories/get-audio-node-tail-time.js,254
./node_modules/standardized-audio-context/build/es2019/factories/get-audio-node-tail-time.js.map,330
./node_modules/standardized-audio-context/build/es2019/factories/get-audio-param-renderer.d.ts,193
./node_modules/standardized-audio-context/build/es2019/factories/get-audio-param-renderer.d.ts.map,239
./node_modules/standardized-audio-context/build/es2019/factories/get-audio-param-renderer.js,451
./node_modules/standardized-audio-context/build/es2019/factories/get-audio-param-renderer.js.map,457
./node_modules/standardized-audio-context/build/es2019/factories/get-backup-offline-audio-context.d.ts,222
./node_modules/standardized-audio-context/build/es2019/factories/get-backup-offline-audio-context.d.ts.map,255
./node_modules/standardized-audio-context/build/es2019/factories/get-backup-offline-audio-context.js,256
./node_modules/standardized-audio-context/build/es2019/factories/get-backup-offline-audio-context.js.map,336
./node_modules/standardized-audio-context/build/es2019/factories/get-native-context.d.ts,172
./node_modules/standardized-audio-context/build/es2019/factories/get-native-context.d.ts.map,228
./node_modules/standardized-audio-context/build/es2019/factories/get-native-context.js,392
./node_modules/standardized-audio-context/build/es2019/factories/get-native-context.js.map,467
./node_modules/standardized-audio-context/build/es2019/factories/get-or-create-backup-offline-audio-context.d.ts,256
./node_modules/standardized-audio-context/build/es2019/factories/get-or-create-backup-offline-audio-context.d.ts.map,276
./node_modules/standardized-audio-context/build/es2019/factories/get-or-create-backup-offline-audio-context.js,924
./node_modules/standardized-audio-context/build/es2019/factories/get-or-create-backup-offline-audio-context.js.map,705
./node_modules/standardized-audio-context/build/es2019/factories/get-unrendered-audio-worklet-nodes.d.ts,230
./node_modules/standardized-audio-context/build/es2019/factories/get-unrendered-audio-worklet-nodes.d.ts.map,259
./node_modules/standardized-audio-context/build/es2019/factories/get-unrendered-audio-worklet-nodes.js,479
./node_modules/standardized-audio-context/build/es2019/factories/get-unrendered-audio-worklet-nodes.js.map,466
./node_modules/standardized-audio-context/build/es2019/factories/iir-filter-node-constructor.d.ts,205
./node_modules/standardized-audio-context/build/es2019/factories/iir-filter-node-constructor.d.ts.map,248
./node_modules/standardized-audio-context/build/es2019/factories/iir-filter-node-constructor.js,1812
./node_modules/standardized-audio-context/build/es2019/factories/iir-filter-node-constructor.js.map,1301
./node_modules/standardized-audio-context/build/es2019/factories/iir-filter-node-renderer-factory.d.ts,222
./node_modules/standardized-audio-context/build/es2019/factories/iir-filter-node-renderer-factory.d.ts.map,258
./node_modules/standardized-audio-context/build/es2019/factories/iir-filter-node-renderer-factory.js,5569
./node_modules/standardized-audio-context/build/es2019/factories/iir-filter-node-renderer-factory.js.map,3997
./node_modules/standardized-audio-context/build/es2019/factories/increment-cycle-counter-factory.d.ts,221
./node_modules/standardized-audio-context/build/es2019/factories/increment-cycle-counter-factory.d.ts.map,254
./node_modules/standardized-audio-context/build/es2019/factories/increment-cycle-counter-factory.js,1616
./node_modules/standardized-audio-context/build/es2019/factories/increment-cycle-counter-factory.js.map,1300
./node_modules/standardized-audio-context/build/es2019/factories/index-size-error.d.ts,164
./node_modules/standardized-audio-context/build/es2019/factories/index-size-error.d.ts.map,223
./node_modules/standardized-audio-context/build/es2019/factories/index-size-error.js,126
./node_modules/standardized-audio-context/build/es2019/factories/index-size-error.js.map,229
./node_modules/standardized-audio-context/build/es2019/factories/invalid-access-error.d.ts,180
./node_modules/standardized-audio-context/build/es2019/factories/invalid-access-error.d.ts.map,231
./node_modules/standardized-audio-context/build/es2019/factories/invalid-access-error.js,138
./node_modules/standardized-audio-context/build/es2019/factories/invalid-access-error.js.map,237
./node_modules/standardized-audio-context/build/es2019/factories/invalid-state-error.d.ts,176
./node_modules/standardized-audio-context/build/es2019/factories/invalid-state-error.d.ts.map,229
./node_modules/standardized-audio-context/build/es2019/factories/invalid-state-error.js,135
./node_modules/standardized-audio-context/build/es2019/factories/invalid-state-error.js.map,235
./node_modules/standardized-audio-context/build/es2019/factories/is-any-audio-context.d.ts,177
./node_modules/standardized-audio-context/build/es2019/factories/is-any-audio-context.d.ts.map,232
./node_modules/standardized-audio-context/build/es2019/factories/is-any-audio-context.js,310
./node_modules/standardized-audio-context/build/es2019/factories/is-any-audio-context.js.map,396
./node_modules/standardized-audio-context/build/es2019/factories/is-any-audio-node.d.ts,165
./node_modules/standardized-audio-context/build/es2019/factories/is-any-audio-node.d.ts.map,226
./node_modules/standardized-audio-context/build/es2019/factories/is-any-audio-node.js,211
./node_modules/standardized-audio-context/build/es2019/factories/is-any-audio-node.js.map,321
./node_modules/standardized-audio-context/build/es2019/factories/is-any-audio-param.d.ts,169
./node_modules/standardized-audio-context/build/es2019/factories/is-any-audio-param.d.ts.map,228
./node_modules/standardized-audio-context/build/es2019/factories/is-any-audio-param.js,217
./node_modules/standardized-audio-context/build/es2019/factories/is-any-audio-param.js.map,323
./node_modules/standardized-audio-context/build/es2019/factories/is-any-offline-audio-context.d.ts,206
./node_modules/standardized-audio-context/build/es2019/factories/is-any-offline-audio-context.d.ts.map,248
./node_modules/standardized-audio-context/build/es2019/factories/is-any-offline-audio-context.js,346
./node_modules/standardized-audio-context/build/es2019/factories/is-any-offline-audio-context.js.map,412
./node_modules/standardized-audio-context/build/es2019/factories/is-native-audio-context.d.ts,189
./node_modules/standardized-audio-context/build/es2019/factories/is-native-audio-context.d.ts.map,238
./node_modules/standardized-audio-context/build/es2019/factories/is-native-audio-context.js,275
./node_modules/standardized-audio-context/build/es2019/factories/is-native-audio-context.js.map,326
./node_modules/standardized-audio-context/build/es2019/factories/is-native-audio-node.d.ts,177
./node_modules/standardized-audio-context/build/es2019/factories/is-native-audio-node.d.ts.map,232
./node_modules/standardized-audio-context/build/es2019/factories/is-native-audio-node.js,252
./node_modules/standardized-audio-context/build/es2019/factories/is-native-audio-node.js.map,359
./node_modules/standardized-audio-context/build/es2019/factories/is-native-audio-param.d.ts,181
./node_modules/standardized-audio-context/build/es2019/factories/is-native-audio-param.d.ts.map,234
./node_modules/standardized-audio-context/build/es2019/factories/is-native-audio-param.js,256
./node_modules/standardized-audio-context/build/es2019/factories/is-native-audio-param.js.map,361
./node_modules/standardized-audio-context/build/es2019/factories/is-native-context.d.ts,168
./node_modules/standardized-audio-context/build/es2019/factories/is-native-context.d.ts.map,226
./node_modules/standardized-audio-context/build/es2019/factories/is-native-context.js,264
./node_modules/standardized-audio-context/build/es2019/factories/is-native-context.js.map,336
./node_modules/standardized-audio-context/build/es2019/factories/is-native-offline-audio-context.d.ts,218
./node_modules/standardized-audio-context/build/es2019/factories/is-native-offline-audio-context.d.ts.map,254
./node_modules/standardized-audio-context/build/es2019/factories/is-native-offline-audio-context.js,311
./node_modules/standardized-audio-context/build/es2019/factories/is-native-offline-audio-context.js.map,342
./node_modules/standardized-audio-context/build/es2019/factories/is-secure-context.d.ts,168
./node_modules/standardized-audio-context/build/es2019/factories/is-secure-context.d.ts.map,225
./node_modules/standardized-audio-context/build/es2019/factories/is-secure-context.js,137
./node_modules/standardized-audio-context/build/es2019/factories/is-secure-context.js.map,239
./node_modules/standardized-audio-context/build/es2019/factories/is-supported-promise.d.ts,180
./node_modules/standardized-audio-context/build/es2019/factories/is-supported-promise.d.ts.map,232
./node_modules/standardized-audio-context/build/es2019/factories/is-supported-promise.js,2531
./node_modules/standardized-audio-context/build/es2019/factories/is-supported-promise.js.map,1195
./node_modules/standardized-audio-context/build/es2019/factories/media-element-audio-source-node-constructor.d.ts,263
./node_modules/standardized-audio-context/build/es2019/factories/media-element-audio-source-node-constructor.d.ts.map,280
./node_modules/standardized-audio-context/build/es2019/factories/media-element-audio-source-node-constructor.js,1058
./node_modules/standardized-audio-context/build/es2019/factories/media-element-audio-source-node-constructor.js.map,759
./node_modules/standardized-audio-context/build/es2019/factories/media-stream-audio-destination-node-constructor.d.ts,279
./node_modules/standardized-audio-context/build/es2019/factories/media-stream-audio-destination-node-constructor.d.ts.map,288
./node_modules/standardized-audio-context/build/es2019/factories/media-stream-audio-destination-node-constructor.js,1293
./node_modules/standardized-audio-context/build/es2019/factories/media-stream-audio-destination-node-constructor.js.map,930
./node_modules/standardized-audio-context/build/es2019/factories/media-stream-audio-source-node-constructor.d.ts,259
./node_modules/standardized-audio-context/build/es2019/factories/media-stream-audio-source-node-constructor.d.ts.map,278
./node_modules/standardized-audio-context/build/es2019/factories/media-stream-audio-source-node-constructor.js,1049
./node_modules/standardized-audio-context/build/es2019/factories/media-stream-audio-source-node-constructor.js.map,762
./node_modules/standardized-audio-context/build/es2019/factories/media-stream-track-audio-source-node-constructor.d.ts,280
./node_modules/standardized-audio-context/build/es2019/factories/media-stream-track-audio-source-node-constructor.d.ts.map,288
./node_modules/standardized-audio-context/build/es2019/factories/media-stream-track-audio-source-node-constructor.js,638
./node_modules/standardized-audio-context/build/es2019/factories/media-stream-track-audio-source-node-constructor.js.map,555
./node_modules/standardized-audio-context/build/es2019/factories/minimal-audio-context-constructor.d.ts,229
./node_modules/standardized-audio-context/build/es2019/factories/minimal-audio-context-constructor.d.ts.map,259
./node_modules/standardized-audio-context/build/es2019/factories/minimal-audio-context-constructor.js,7126
./node_modules/standardized-audio-context/build/es2019/factories/minimal-audio-context-constructor.js.map,4632
./node_modules/standardized-audio-context/build/es2019/factories/minimal-base-audio-context-constructor.d.ts,246
./node_modules/standardized-audio-context/build/es2019/factories/minimal-base-audio-context-constructor.d.ts.map,270
./node_modules/standardized-audio-context/build/es2019/factories/minimal-base-audio-context-constructor.js,1890
./node_modules/standardized-audio-context/build/es2019/factories/minimal-base-audio-context-constructor.js.map,1566
./node_modules/standardized-audio-context/build/es2019/factories/minimal-offline-audio-context-constructor.d.ts,258
./node_modules/standardized-audio-context/build/es2019/factories/minimal-offline-audio-context-constructor.d.ts.map,276
./node_modules/standardized-audio-context/build/es2019/factories/minimal-offline-audio-context-constructor.js,3418
./node_modules/standardized-audio-context/build/es2019/factories/minimal-offline-audio-context-constructor.js.map,2366
./node_modules/standardized-audio-context/build/es2019/factories/monitor-connections.d.ts,179
./node_modules/standardized-audio-context/build/es2019/factories/monitor-connections.d.ts.map,231
./node_modules/standardized-audio-context/build/es2019/factories/monitor-connections.js,3547
./node_modules/standardized-audio-context/build/es2019/factories/monitor-connections.js.map,2656
./node_modules/standardized-audio-context/build/es2019/factories/native-analyser-node-factory.d.ts,209
./node_modules/standardized-audio-context/build/es2019/factories/native-analyser-node-factory.d.ts.map,248
./node_modules/standardized-audio-context/build/es2019/factories/native-analyser-node-factory.js,1775
./node_modules/standardized-audio-context/build/es2019/factories/native-analyser-node-factory.js.map,1104
./node_modules/standardized-audio-context/build/es2019/factories/native-audio-buffer-constructor.d.ts,221
./node_modules/standardized-audio-context/build/es2019/factories/native-audio-buffer-constructor.d.ts.map,253
./node_modules/standardized-audio-context/build/es2019/factories/native-audio-buffer-constructor.js,286
./node_modules/standardized-audio-context/build/es2019/factories/native-audio-buffer-constructor.js.map,418
./node_modules/standardized-audio-context/build/es2019/factories/native-audio-buffer-source-node-factory.d.ts,247
./node_modules/standardized-audio-context/build/es2019/factories/native-audio-buffer-source-node-factory.d.ts.map,270
./node_modules/standardized-audio-context/build/es2019/factories/native-audio-buffer-source-node-factory.js,4703
./node_modules/standardized-audio-context/build/es2019/factories/native-audio-buffer-source-node-factory.js.map,2088
./node_modules/standardized-audio-context/build/es2019/factories/native-audio-context-constructor.d.ts,225
./node_modules/standardized-audio-context/build/es2019/factories/native-audio-context-constructor.d.ts.map,255
./node_modules/standardized-audio-context/build/es2019/factories/native-audio-context-constructor.js,364
./node_modules/standardized-audio-context/build/es2019/factories/native-audio-context-constructor.js.map,499
./node_modules/standardized-audio-context/build/es2019/factories/native-audio-destination-node.d.ts,234
./node_modules/standardized-audio-context/build/es2019/factories/native-audio-destination-node.d.ts.map,252
./node_modules/standardized-audio-context/build/es2019/factories/native-audio-destination-node.js,2936
./node_modules/standardized-audio-context/build/es2019/factories/native-audio-destination-node.js.map,2149
./node_modules/standardized-audio-context/build/es2019/factories/native-audio-worklet-node-constructor.d.ts,242
./node_modules/standardized-audio-context/build/es2019/factories/native-audio-worklet-node-constructor.d.ts.map,265
./node_modules/standardized-audio-context/build/es2019/factories/native-audio-worklet-node-constructor.js,278
./node_modules/standardized-audio-context/build/es2019/factories/native-audio-worklet-node-constructor.js.map,417
./node_modules/standardized-audio-context/build/es2019/factories/native-audio-worklet-node-factory.d.ts,226
./node_modules/standardized-audio-context/build/es2019/factories/native-audio-worklet-node-factory.d.ts.map,260
./node_modules/standardized-audio-context/build/es2019/factories/native-audio-worklet-node-factory.js,7377
./node_modules/standardized-audio-context/build/es2019/factories/native-audio-worklet-node-factory.js.map,4464
./node_modules/standardized-audio-context/build/es2019/factories/native-audio-worklet-node-faker-factory.d.ts,247
./node_modules/standardized-audio-context/build/es2019/factories/native-audio-worklet-node-faker-factory.d.ts.map,272
./node_modules/standardized-audio-context/build/es2019/factories/native-audio-worklet-node-faker-factory.js,21219
./node_modules/standardized-audio-context/build/es2019/factories/native-audio-worklet-node-faker-factory.js.map,16116
./node_modules/standardized-audio-context/build/es2019/factories/native-biquad-filter-node.d.ts,197
./node_modules/standardized-audio-context/build/es2019/factories/native-biquad-filter-node.d.ts.map,241
./node_modules/standardized-audio-context/build/es2019/factories/native-biquad-filter-node.js,1005
./node_modules/standardized-audio-context/build/es2019/factories/native-biquad-filter-node.js.map,764
./node_modules/standardized-audio-context/build/es2019/factories/native-channel-merger-node-factory.d.ts,230
./node_modules/standardized-audio-context/build/es2019/factories/native-channel-merger-node-factory.d.ts.map,260
./node_modules/standardized-audio-context/build/es2019/factories/native-channel-merger-node-factory.js,1055
./node_modules/standardized-audio-context/build/es2019/factories/native-channel-merger-node-factory.js.map,639
./node_modules/standardized-audio-context/build/es2019/factories/native-channel-splitter-node.d.ts,209
./node_modules/standardized-audio-context/build/es2019/factories/native-channel-splitter-node.d.ts.map,247
./node_modules/standardized-audio-context/build/es2019/factories/native-channel-splitter-node.js,877
./node_modules/standardized-audio-context/build/es2019/factories/native-channel-splitter-node.js.map,557
./node_modules/standardized-audio-context/build/es2019/factories/native-constant-source-node-factory.d.ts,234
./node_modules/standardized-audio-context/build/es2019/factories/native-constant-source-node-factory.d.ts.map,262
./node_modules/standardized-audio-context/build/es2019/factories/native-constant-source-node-factory.js,2266
./node_modules/standardized-audio-context/build/es2019/factories/native-constant-source-node-factory.js.map,1182
./node_modules/standardized-audio-context/build/es2019/factories/native-constant-source-node-faker-factory.d.ts,255
./node_modules/standardized-audio-context/build/es2019/factories/native-constant-source-node-faker-factory.d.ts.map,275
./node_modules/standardized-audio-context/build/es2019/factories/native-constant-source-node-faker-factory.js,3792
./node_modules/standardized-audio-context/build/es2019/factories/native-constant-source-node-faker-factory.js.map,2879
./node_modules/standardized-audio-context/build/es2019/factories/native-convolver-node-factory.d.ts,213
./node_modules/standardized-audio-context/build/es2019/factories/native-convolver-node-factory.d.ts.map,250
./node_modules/standardized-audio-context/build/es2019/factories/native-convolver-node-factory.js,1837
./node_modules/standardized-audio-context/build/es2019/factories/native-convolver-node-factory.js.map,1533
./node_modules/standardized-audio-context/build/es2019/factories/native-delay-node.d.ts,168
./node_modules/standardized-audio-context/build/es2019/factories/native-delay-node.d.ts.map,225
./node_modules/standardized-audio-context/build/es2019/factories/native-delay-node.js,563
./node_modules/standardized-audio-context/build/es2019/factories/native-delay-node.js.map,493
./node_modules/standardized-audio-context/build/es2019/factories/native-dynamics-compressor-node-factory.d.ts,250
./node_modules/standardized-audio-context/build/es2019/factories/native-dynamics-compressor-node-factory.d.ts.map,270
./node_modules/standardized-audio-context/build/es2019/factories/native-dynamics-compressor-node-factory.js,1446
./node_modules/standardized-audio-context/build/es2019/factories/native-dynamics-compressor-node-factory.js.map,991
./node_modules/standardized-audio-context/build/es2019/factories/native-gain-node.d.ts,164
./node_modules/standardized-audio-context/build/es2019/factories/native-gain-node.d.ts.map,223
./node_modules/standardized-audio-context/build/es2019/factories/native-gain-node.js,531
./node_modules/standardized-audio-context/build/es2019/factories/native-gain-node.js.map,471
./node_modules/standardized-audio-context/build/es2019/factories/native-iir-filter-node-factory.d.ts,214
./node_modules/standardized-audio-context/build/es2019/factories/native-iir-filter-node-factory.d.ts.map,251
./node_modules/standardized-audio-context/build/es2019/factories/native-iir-filter-node-factory.js,820
./node_modules/standardized-audio-context/build/es2019/factories/native-iir-filter-node-factory.js.map,645
./node_modules/standardized-audio-context/build/es2019/factories/native-iir-filter-node-faker-factory.d.ts,235
./node_modules/standardized-audio-context/build/es2019/factories/native-iir-filter-node-faker-factory.d.ts.map,266
./node_modules/standardized-audio-context/build/es2019/factories/native-iir-filter-node-faker-factory.js,6624
./node_modules/standardized-audio-context/build/es2019/factories/native-iir-filter-node-faker-factory.js.map,6332
./node_modules/standardized-audio-context/build/es2019/factories/native-media-element-audio-source-node.d.ts,243
./node_modules/standardized-audio-context/build/es2019/factories/native-media-element-audio-source-node.d.ts.map,267
./node_modules/standardized-audio-context/build/es2019/factories/native-media-element-audio-source-node.js,237
./node_modules/standardized-audio-context/build/es2019/factories/native-media-element-audio-source-node.js.map,324
./node_modules/standardized-audio-context/build/es2019/factories/native-media-stream-audio-destination-node.d.ts,259
./node_modules/standardized-audio-context/build/es2019/factories/native-media-stream-audio-destination-node.d.ts.map,275
./node_modules/standardized-audio-context/build/es2019/factories/native-media-stream-audio-destination-node.js,737
./node_modules/standardized-audio-context/build/es2019/factories/native-media-stream-audio-destination-node.js.map,608
./node_modules/standardized-audio-context/build/es2019/factories/native-media-stream-audio-source-node.d.ts,239
./node_modules/standardized-audio-context/build/es2019/factories/native-media-stream-audio-source-node.d.ts.map,266
./node_modules/standardized-audio-context/build/es2019/factories/native-media-stream-audio-source-node.js,1133
./node_modules/standardized-audio-context/build/es2019/factories/native-media-stream-audio-source-node.js.map,837
./node_modules/standardized-audio-context/build/es2019/factories/native-media-stream-track-audio-source-node-factory.d.ts,289
./node_modules/standardized-audio-context/build/es2019/factories/native-media-stream-track-audio-source-node-factory.d.ts.map,294
./node_modules/standardized-audio-context/build/es2019/factories/native-media-stream-track-audio-source-node-factory.js,1170
./node_modules/standardized-audio-context/build/es2019/factories/native-media-stream-track-audio-source-node-factory.js.map,840
./node_modules/standardized-audio-context/build/es2019/factories/native-offline-audio-context-constructor.d.ts,254
./node_modules/standardized-audio-context/build/es2019/factories/native-offline-audio-context-constructor.d.ts.map,271
./node_modules/standardized-audio-context/build/es2019/factories/native-offline-audio-context-constructor.js,407
./node_modules/standardized-audio-context/build/es2019/factories/native-offline-audio-context-constructor.js.map,519
./node_modules/standardized-audio-context/build/es2019/factories/native-oscillator-node-factory.d.ts,217
./node_modules/standardized-audio-context/build/es2019/factories/native-oscillator-node-factory.d.ts.map,252
./node_modules/standardized-audio-context/build/es2019/factories/native-oscillator-node-factory.js,2902
./node_modules/standardized-audio-context/build/es2019/factories/native-oscillator-node-factory.js.map,1509
./node_modules/standardized-audio-context/build/es2019/factories/native-panner-node-factory.d.ts,201
./node_modules/standardized-audio-context/build/es2019/factories/native-panner-node-factory.d.ts.map,244
./node_modules/standardized-audio-context/build/es2019/factories/native-panner-node-factory.js,2055
./node_modules/standardized-audio-context/build/es2019/factories/native-panner-node-factory.js.map,1430
./node_modules/standardized-audio-context/build/es2019/factories/native-panner-node-faker-factory.d.ts,222
./node_modules/standardized-audio-context/build/es2019/factories/native-panner-node-faker-factory.d.ts.map,257
./node_modules/standardized-audio-context/build/es2019/factories/native-panner-node-faker-factory.js,13843
./node_modules/standardized-audio-context/build/es2019/factories/native-panner-node-faker-factory.js.map,10351
./node_modules/standardized-audio-context/build/es2019/factories/native-periodic-wave-factory.d.ts,209
./node_modules/standardized-audio-context/build/es2019/factories/native-periodic-wave-factory.d.ts.map,247
./node_modules/standardized-audio-context/build/es2019/factories/native-periodic-wave-factory.js,832
./node_modules/standardized-audio-context/build/es2019/factories/native-periodic-wave-factory.js.map,774
./node_modules/standardized-audio-context/build/es2019/factories/native-script-processor-node.d.ts,209
./node_modules/standardized-audio-context/build/es2019/factories/native-script-processor-node.d.ts.map,247
./node_modules/standardized-audio-context/build/es2019/factories/native-script-processor-node.js,328
./node_modules/standardized-audio-context/build/es2019/factories/native-script-processor-node.js.map,352
./node_modules/standardized-audio-context/build/es2019/factories/native-stereo-panner-node-factory.d.ts,226
./node_modules/standardized-audio-context/build/es2019/factories/native-stereo-panner-node-factory.d.ts.map,258
./node_modules/standardized-audio-context/build/es2019/factories/native-stereo-panner-node-factory.js,1845
./node_modules/standardized-audio-context/build/es2019/factories/native-stereo-panner-node-factory.js.map,1068
./node_modules/standardized-audio-context/build/es2019/factories/native-stereo-panner-node-faker-factory.d.ts,247
./node_modules/standardized-audio-context/build/es2019/factories/native-stereo-panner-node-faker-factory.d.ts.map,271
./node_modules/standardized-audio-context/build/es2019/factories/native-stereo-panner-node-faker-factory.js,16248
./node_modules/standardized-audio-context/build/es2019/factories/native-stereo-panner-node-faker-factory.js.map,11942
./node_modules/standardized-audio-context/build/es2019/factories/native-wave-shaper-node-factory.d.ts,218
./node_modules/standardized-audio-context/build/es2019/factories/native-wave-shaper-node-factory.d.ts.map,254
./node_modules/standardized-audio-context/build/es2019/factories/native-wave-shaper-node-factory.js,3492
./node_modules/standardized-audio-context/build/es2019/factories/native-wave-shaper-node-factory.js.map,2223
./node_modules/standardized-audio-context/build/es2019/factories/native-wave-shaper-node-faker-factory.d.ts,239
./node_modules/standardized-audio-context/build/es2019/factories/native-wave-shaper-node-faker-factory.d.ts.map,267
./node_modules/standardized-audio-context/build/es2019/factories/native-wave-shaper-node-faker-factory.js,8746
./node_modules/standardized-audio-context/build/es2019/factories/native-wave-shaper-node-faker-factory.js.map,6507
./node_modules/standardized-audio-context/build/es2019/factories/not-supported-error.d.ts,176
./node_modules/standardized-audio-context/build/es2019/factories/not-supported-error.d.ts.map,229
./node_modules/standardized-audio-context/build/es2019/factories/not-supported-error.js,135
./node_modules/standardized-audio-context/build/es2019/factories/not-supported-error.js.map,235
./node_modules/standardized-audio-context/build/es2019/factories/offline-audio-context-constructor.d.ts,229
./node_modules/standardized-audio-context/build/es2019/factories/offline-audio-context-constructor.d.ts.map,259
./node_modules/standardized-audio-context/build/es2019/factories/offline-audio-context-constructor.js,3771
./node_modules/standardized-audio-context/build/es2019/factories/offline-audio-context-constructor.js.map,2716
./node_modules/standardized-audio-context/build/es2019/factories/oscillator-node-constructor.d.ts,208
./node_modules/standardized-audio-context/build/es2019/factories/oscillator-node-constructor.d.ts.map,247
./node_modules/standardized-audio-context/build/es2019/factories/oscillator-node-constructor.js,4420
./node_modules/standardized-audio-context/build/es2019/factories/oscillator-node-constructor.js.map,3414
./node_modules/standardized-audio-context/build/es2019/factories/oscillator-node-renderer-factory.d.ts,225
./node_modules/standardized-audio-context/build/es2019/factories/oscillator-node-renderer-factory.d.ts.map,257
./node_modules/standardized-audio-context/build/es2019/factories/oscillator-node-renderer-factory.js,3325
./node_modules/standardized-audio-context/build/es2019/factories/oscillator-node-renderer-factory.js.map,2347
./node_modules/standardized-audio-context/build/es2019/factories/panner-node-constructor.d.ts,192
./node_modules/standardized-audio-context/build/es2019/factories/panner-node-constructor.d.ts.map,240
./node_modules/standardized-audio-context/build/es2019/factories/panner-node-constructor.js,4593
./node_modules/standardized-audio-context/build/es2019/factories/panner-node-constructor.js.map,3528
./node_modules/standardized-audio-context/build/es2019/factories/panner-node-renderer-factory.d.ts,209
./node_modules/standardized-audio-context/build/es2019/factories/panner-node-renderer-factory.d.ts.map,249
./node_modules/standardized-audio-context/build/es2019/factories/panner-node-renderer-factory.js,10974
./node_modules/standardized-audio-context/build/es2019/factories/panner-node-renderer-factory.js.map,7615
./node_modules/standardized-audio-context/build/es2019/factories/periodic-wave-constructor.d.ts,200
./node_modules/standardized-audio-context/build/es2019/factories/periodic-wave-constructor.d.ts.map,242
./node_modules/standardized-audio-context/build/es2019/factories/periodic-wave-constructor.js,1040
./node_modules/standardized-audio-context/build/es2019/factories/periodic-wave-constructor.js.map,883
./node_modules/standardized-audio-context/build/es2019/factories/render-automation.d.ts,171
./node_modules/standardized-audio-context/build/es2019/factories/render-automation.d.ts.map,225
./node_modules/standardized-audio-context/build/es2019/factories/render-automation.js,443
./node_modules/standardized-audio-context/build/es2019/factories/render-automation.js.map,451
./node_modules/standardized-audio-context/build/es2019/factories/render-inputs-of-audio-node.d.ts,202
./node_modules/standardized-audio-context/build/es2019/factories/render-inputs-of-audio-node.d.ts.map,246
./node_modules/standardized-audio-context/build/es2019/factories/render-inputs-of-audio-node.js,1062
./node_modules/standardized-audio-context/build/es2019/factories/render-inputs-of-audio-node.js.map,1068
./node_modules/standardized-audio-context/build/es2019/factories/render-inputs-of-audio-param.d.ts,206
./node_modules/standardized-audio-context/build/es2019/factories/render-inputs-of-audio-param.d.ts.map,249
./node_modules/standardized-audio-context/build/es2019/factories/render-inputs-of-audio-param.js,769
./node_modules/standardized-audio-context/build/es2019/factories/render-inputs-of-audio-param.js.map,784
./node_modules/standardized-audio-context/build/es2019/factories/render-native-offline-audio-context.d.ts,234
./node_modules/standardized-audio-context/build/es2019/factories/render-native-offline-audio-context.d.ts.map,263
./node_modules/standardized-audio-context/build/es2019/factories/render-native-offline-audio-context.js,2294
./node_modules/standardized-audio-context/build/es2019/factories/render-native-offline-audio-context.js.map,1525
./node_modules/standardized-audio-context/build/es2019/factories/set-active-audio-worklet-node-inputs.d.ts,235
./node_modules/standardized-audio-context/build/es2019/factories/set-active-audio-worklet-node-inputs.d.ts.map,263
./node_modules/standardized-audio-context/build/es2019/factories/set-active-audio-worklet-node-inputs.js,308
./node_modules/standardized-audio-context/build/es2019/factories/set-active-audio-worklet-node-inputs.js.map,363
./node_modules/standardized-audio-context/build/es2019/factories/set-audio-node-tail-time.d.ts,190
./node_modules/standardized-audio-context/build/es2019/factories/set-audio-node-tail-time.d.ts.map,239
./node_modules/standardized-audio-context/build/es2019/factories/set-audio-node-tail-time.js,212
./node_modules/standardized-audio-context/build/es2019/factories/set-audio-node-tail-time.js.map,319
./node_modules/standardized-audio-context/build/es2019/factories/start-rendering.d.ts,163
./node_modules/standardized-audio-context/build/es2019/factories/start-rendering.d.ts.map,222
./node_modules/standardized-audio-context/build/es2019/factories/start-rendering.js,1918
./node_modules/standardized-audio-context/build/es2019/factories/start-rendering.js.map,1164
./node_modules/standardized-audio-context/build/es2019/factories/stereo-panner-node-constructor.d.ts,217
./node_modules/standardized-audio-context/build/es2019/factories/stereo-panner-node-constructor.d.ts.map,253
./node_modules/standardized-audio-context/build/es2019/factories/stereo-panner-node-constructor.js,1324
./node_modules/standardized-audio-context/build/es2019/factories/stereo-panner-node-constructor.js.map,1029
./node_modules/standardized-audio-context/build/es2019/factories/stereo-panner-node-renderer-factory.d.ts,234
./node_modules/standardized-audio-context/build/es2019/factories/stereo-panner-node-renderer-factory.d.ts.map,263
./node_modules/standardized-audio-context/build/es2019/factories/stereo-panner-node-renderer-factory.js,2733
./node_modules/standardized-audio-context/build/es2019/factories/stereo-panner-node-renderer-factory.js.map,1776
./node_modules/standardized-audio-context/build/es2019/factories/test-audio-buffer-constructor-support.d.ts,242
./node_modules/standardized-audio-context/build/es2019/factories/test-audio-buffer-constructor-support.d.ts.map,265
./node_modules/standardized-audio-context/build/es2019/factories/test-audio-buffer-constructor-support.js,576
./node_modules/standardized-audio-context/build/es2019/factories/test-audio-buffer-constructor-support.js.map,551
./node_modules/standardized-audio-context/build/es2019/factories/test-audio-buffer-copy-channel-methods-subarray-support.d.ts,305
./node_modules/standardized-audio-context/build/es2019/factories/test-audio-buffer-copy-channel-methods-subarray-support.d.ts.map,302
./node_modules/standardized-audio-context/build/es2019/factories/test-audio-buffer-copy-channel-methods-subarray-support.js,1093
./node_modules/standardized-audio-context/build/es2019/factories/test-audio-buffer-copy-channel-methods-subarray-support.js.map,858
./node_modules/standardized-audio-context/build/es2019/factories/test-audio-context-close-method-support.d.ts,247
./node_modules/standardized-audio-context/build/es2019/factories/test-audio-context-close-method-support.d.ts.map,270
./node_modules/standardized-audio-context/build/es2019/factories/test-audio-context-close-method-support.js,814
./node_modules/standardized-audio-context/build/es2019/factories/test-audio-context-close-method-support.js.map,707
./node_modules/standardized-audio-context/build/es2019/factories/test-audio-context-decode-audio-data-method-type-error-support.d.ts,500
./node_modules/standardized-audio-context/build/es2019/factories/test-audio-context-decode-audio-data-method-type-error-support.d.ts.map,328
./node_modules/standardized-audio-context/build/es2019/factories/test-audio-context-decode-audio-data-method-type-error-support.js,1717
./node_modules/standardized-audio-context/build/es2019/factories/test-audio-context-decode-audio-data-method-type-error-support.js.map,1185
./node_modules/standardized-audio-context/build/es2019/factories/test-audio-context-options-support.d.ts,230
./node_modules/standardized-audio-context/build/es2019/factories/test-audio-context-options-support.d.ts.map,260
./node_modules/standardized-audio-context/build/es2019/factories/test-audio-context-options-support.js,514
./node_modules/standardized-audio-context/build/es2019/factories/test-audio-context-options-support.js.map,562
./node_modules/standardized-audio-context/build/es2019/factories/test-audio-node-connect-method-support.d.ts,243
./node_modules/standardized-audio-context/build/es2019/factories/test-audio-node-connect-method-support.d.ts.map,268
./node_modules/standardized-audio-context/build/es2019/factories/test-audio-node-connect-method-support.js,729
./node_modules/standardized-audio-context/build/es2019/factories/test-audio-node-connect-method-support.js.map,623
./node_modules/standardized-audio-context/build/es2019/factories/test-audio-worklet-processor-no-outputs-support.d.ts,460
./node_modules/standardized-audio-context/build/es2019/factories/test-audio-worklet-processor-no-outputs-support.d.ts.map,298
./node_modules/standardized-audio-context/build/es2019/factories/test-audio-worklet-processor-no-outputs-support.js,2576
./node_modules/standardized-audio-context/build/es2019/factories/test-audio-worklet-processor-no-outputs-support.js.map,1871
./node_modules/standardized-audio-context/build/es2019/factories/test-audio-worklet-processor-post-message-support.d.ts,284
./node_modules/standardized-audio-context/build/es2019/factories/test-audio-worklet-processor-post-message-support.d.ts.map,290
./node_modules/standardized-audio-context/build/es2019/factories/test-audio-worklet-processor-post-message-support.js,2249
./node_modules/standardized-audio-context/build/es2019/factories/test-audio-worklet-processor-post-message-support.js.map,1549
./node_modules/standardized-audio-context/build/es2019/factories/test-channel-merger-node-channel-count-support.d.ts,390
./node_modules/standardized-audio-context/build/es2019/factories/test-channel-merger-node-channel-count-support.d.ts.map,295
./node_modules/standardized-audio-context/build/es2019/factories/test-channel-merger-node-channel-count-support.js,1043
./node_modules/standardized-audio-context/build/es2019/factories/test-channel-merger-node-channel-count-support.js.map,736
./node_modules/standardized-audio-context/build/es2019/factories/test-constant-source-node-accurate-scheduling-support.d.ts,300
./node_modules/standardized-audio-context/build/es2019/factories/test-constant-source-node-accurate-scheduling-support.d.ts.map,298
./node_modules/standardized-audio-context/build/es2019/factories/test-constant-source-node-accurate-scheduling-support.js,994
./node_modules/standardized-audio-context/build/es2019/factories/test-constant-source-node-accurate-scheduling-support.js.map,687
./node_modules/standardized-audio-context/build/es2019/factories/test-convolver-node-buffer-reassignability-support.d.ts,291
./node_modules/standardized-audio-context/build/es2019/factories/test-convolver-node-buffer-reassignability-support.d.ts.map,292
./node_modules/standardized-audio-context/build/es2019/factories/test-convolver-node-buffer-reassignability-support.js,883
./node_modules/standardized-audio-context/build/es2019/factories/test-convolver-node-buffer-reassignability-support.js.map,807
./node_modules/standardized-audio-context/build/es2019/factories/test-convolver-node-channel-count-support.d.ts,255
./node_modules/standardized-audio-context/build/es2019/factories/test-convolver-node-channel-count-support.d.ts.map,274
./node_modules/standardized-audio-context/build/es2019/factories/test-convolver-node-channel-count-support.js,829
./node_modules/standardized-audio-context/build/es2019/factories/test-convolver-node-channel-count-support.js.map,633
./node_modules/standardized-audio-context/build/es2019/factories/test-is-secure-context-support.d.ts,214
./node_modules/standardized-audio-context/build/es2019/factories/test-is-secure-context-support.d.ts.map,251
./node_modules/standardized-audio-context/build/es2019/factories/test-is-secure-context-support.js,201
./node_modules/standardized-audio-context/build/es2019/factories/test-is-secure-context-support.js.map,319
./node_modules/standardized-audio-context/build/es2019/factories/test-media-stream-audio-source-node-media-stream-without-audio-track-support.d.ts,377
./node_modules/standardized-audio-context/build/es2019/factories/test-media-stream-audio-source-node-media-stream-without-audio-track-support.d.ts.map,344
./node_modules/standardized-audio-context/build/es2019/factories/test-media-stream-audio-source-node-media-stream-without-audio-track-support.js,789
./node_modules/standardized-audio-context/build/es2019/factories/test-media-stream-audio-source-node-media-stream-without-audio-track-support.js.map,697
./node_modules/standardized-audio-context/build/es2019/factories/test-offline-audio-context-current-time-support.d.ts,276
./node_modules/standardized-audio-context/build/es2019/factories/test-offline-audio-context-current-time-support.d.ts.map,286
./node_modules/standardized-audio-context/build/es2019/factories/test-offline-audio-context-current-time-support.js,1114
./node_modules/standardized-audio-context/build/es2019/factories/test-offline-audio-context-current-time-support.js.map,900
./node_modules/standardized-audio-context/build/es2019/factories/test-stereo-panner-node-default-value-support.d.ts,390
./node_modules/standardized-audio-context/build/es2019/factories/test-stereo-panner-node-default-value-support.d.ts.map,293
./node_modules/standardized-audio-context/build/es2019/factories/test-stereo-panner-node-default-value-support.js,1598
./node_modules/standardized-audio-context/build/es2019/factories/test-stereo-panner-node-default-value-support.js.map,1196
./node_modules/standardized-audio-context/build/es2019/factories/unknown-error.d.ts,155
./node_modules/standardized-audio-context/build/es2019/factories/unknown-error.d.ts.map,217
./node_modules/standardized-audio-context/build/es2019/factories/unknown-error.js,119
./node_modules/standardized-audio-context/build/es2019/factories/unknown-error.js.map,221
./node_modules/standardized-audio-context/build/es2019/factories/wave-shaper-node-constructor.d.ts,209
./node_modules/standardized-audio-context/build/es2019/factories/wave-shaper-node-constructor.d.ts.map,249
./node_modules/standardized-audio-context/build/es2019/factories/wave-shaper-node-constructor.js,2516
./node_modules/standardized-audio-context/build/es2019/factories/wave-shaper-node-constructor.js.map,1787
./node_modules/standardized-audio-context/build/es2019/factories/wave-shaper-node-renderer-factory.d.ts,226
./node_modules/standardized-audio-context/build/es2019/factories/wave-shaper-node-renderer-factory.d.ts.map,259
./node_modules/standardized-audio-context/build/es2019/factories/wave-shaper-node-renderer-factory.js,2340
./node_modules/standardized-audio-context/build/es2019/factories/wave-shaper-node-renderer-factory.js.map,1541
./node_modules/standardized-audio-context/build/es2019/factories/window.d.ts,130
./node_modules/standardized-audio-context/build/es2019/factories/window.d.ts.map,198
./node_modules/standardized-audio-context/build/es2019/factories/window.js,117
./node_modules/standardized-audio-context/build/es2019/factories/window.js.map,240
./node_modules/standardized-audio-context/build/es2019/factories/wrap-audio-buffer-copy-channel-methods-out-of-bounds.d.ts,290
./node_modules/standardized-audio-context/build/es2019/factories/wrap-audio-buffer-copy-channel-methods-out-of-bounds.d.ts.map,297
./node_modules/standardized-audio-context/build/es2019/factories/wrap-audio-buffer-copy-channel-methods-out-of-bounds.js,1327
./node_modules/standardized-audio-context/build/es2019/factories/wrap-audio-buffer-copy-channel-methods-out-of-bounds.js.map,1160
./node_modules/standardized-audio-context/build/es2019/factories/wrap-audio-buffer-copy-channel-methods.d.ts,243
./node_modules/standardized-audio-context/build/es2019/factories/wrap-audio-buffer-copy-channel-methods.d.ts.map,269
./node_modules/standardized-audio-context/build/es2019/factories/wrap-audio-buffer-copy-channel-methods.js,1825
./node_modules/standardized-audio-context/build/es2019/factories/wrap-audio-buffer-copy-channel-methods.js.map,1653
./node_modules/standardized-audio-context/build/es2019/factories/wrap-audio-buffer-source-node-stop-method-nullified-buffer.d.ts,314
./node_modules/standardized-audio-context/build/es2019/factories/wrap-audio-buffer-source-node-stop-method-nullified-buffer.d.ts.map,308
./node_modules/standardized-audio-context/build/es2019/factories/wrap-audio-buffer-source-node-stop-method-nullified-buffer.js,817
./node_modules/standardized-audio-context/build/es2019/factories/wrap-audio-buffer-source-node-stop-method-nullified-buffer.js.map,917
./node_modules/standardized-audio-context/build/es2019/factories/wrap-channel-merger-node.d.ts,193
./node_modules/standardized-audio-context/build/es2019/factories/wrap-channel-merger-node.d.ts.map,240
./node_modules/standardized-audio-context/build/es2019/factories/wrap-channel-merger-node.js,1474
./node_modules/standardized-audio-context/build/es2019/factories/wrap-channel-merger-node.js.map,1170
./node_modules/standardized-audio-context/build/es2019/globals.d.ts,1198
./node_modules/standardized-audio-context/build/es2019/globals.d.ts.map,918
./node_modules/standardized-audio-context/build/es2019/globals.js,612
./node_modules/standardized-audio-context/build/es2019/globals.js.map,654
./node_modules/standardized-audio-context/build/es2019/guards/audio-buffer-source-node.d.ts,295
./node_modules/standardized-audio-context/build/es2019/guards/audio-buffer-source-node.d.ts.map,358
./node_modules/standardized-audio-context/build/es2019/guards/audio-buffer-source-node.js,151
./node_modules/standardized-audio-context/build/es2019/guards/audio-buffer-source-node.js.map,254
./node_modules/standardized-audio-context/build/es2019/guards/audio-node-output-connection.d.ts,307
./node_modules/standardized-audio-context/build/es2019/guards/audio-node-output-connection.d.ts.map,344
./node_modules/standardized-audio-context/build/es2019/guards/audio-node-output-connection.js,215
./node_modules/standardized-audio-context/build/es2019/guards/audio-node-output-connection.js.map,325
./node_modules/standardized-audio-context/build/es2019/guards/audio-node.d.ts,284
./node_modules/standardized-audio-context/build/es2019/guards/audio-node.d.ts.map,339
./node_modules/standardized-audio-context/build/es2019/guards/audio-node.js,144
./node_modules/standardized-audio-context/build/es2019/guards/audio-node.js.map,226
./node_modules/standardized-audio-context/build/es2019/guards/audio-worklet-node.d.ts,274
./node_modules/standardized-audio-context/build/es2019/guards/audio-worklet-node.d.ts.map,346
./node_modules/standardized-audio-context/build/es2019/guards/audio-worklet-node.js,132
./node_modules/standardized-audio-context/build/es2019/guards/audio-worklet-node.js.map,242
./node_modules/standardized-audio-context/build/es2019/guards/biquad-filter-node.d.ts,274
./node_modules/standardized-audio-context/build/es2019/guards/biquad-filter-node.d.ts.map,346
./node_modules/standardized-audio-context/build/es2019/guards/biquad-filter-node.js,160
./node_modules/standardized-audio-context/build/es2019/guards/biquad-filter-node.js.map,262
./node_modules/standardized-audio-context/build/es2019/guards/constant-source-node.d.ts,282
./node_modules/standardized-audio-context/build/es2019/guards/constant-source-node.d.ts.map,350
./node_modules/standardized-audio-context/build/es2019/guards/constant-source-node.js,138
./node_modules/standardized-audio-context/build/es2019/guards/constant-source-node.js.map,246
./node_modules/standardized-audio-context/build/es2019/guards/delay-node.d.ts,245
./node_modules/standardized-audio-context/build/es2019/guards/delay-node.d.ts.map,324
./node_modules/standardized-audio-context/build/es2019/guards/delay-node.js,122
./node_modules/standardized-audio-context/build/es2019/guards/delay-node.js.map,224
./node_modules/standardized-audio-context/build/es2019/guards/gain-node.d.ts,241
./node_modules/standardized-audio-context/build/es2019/guards/gain-node.d.ts.map,322
./node_modules/standardized-audio-context/build/es2019/guards/gain-node.js,146
./node_modules/standardized-audio-context/build/es2019/guards/gain-node.js.map,257
./node_modules/standardized-audio-context/build/es2019/guards/native-audio-node-faker.d.ts,347
./node_modules/standardized-audio-context/build/es2019/guards/native-audio-node-faker.d.ts.map,315
./node_modules/standardized-audio-context/build/es2019/guards/native-audio-node-faker.js,199
./node_modules/standardized-audio-context/build/es2019/guards/native-audio-node-faker.js.map,255
./node_modules/standardized-audio-context/build/es2019/guards/native-audio-node.d.ts,271
./node_modules/standardized-audio-context/build/es2019/guards/native-audio-node.d.ts.map,272
./node_modules/standardized-audio-context/build/es2019/guards/native-audio-node.js,169
./node_modules/standardized-audio-context/build/es2019/guards/native-audio-node.js.map,243
./node_modules/standardized-audio-context/build/es2019/guards/oscillator-node.d.ts,265
./node_modules/standardized-audio-context/build/es2019/guards/oscillator-node.d.ts.map,336
./node_modules/standardized-audio-context/build/es2019/guards/oscillator-node.js,183
./node_modules/standardized-audio-context/build/es2019/guards/oscillator-node.js.map,291
./node_modules/standardized-audio-context/build/es2019/guards/stereo-panner-node.d.ts,274
./node_modules/standardized-audio-context/build/es2019/guards/stereo-panner-node.d.ts.map,346
./node_modules/standardized-audio-context/build/es2019/guards/stereo-panner-node.js,131
./node_modules/standardized-audio-context/build/es2019/guards/stereo-panner-node.js.map,242
./node_modules/standardized-audio-context/build/es2019/helpers/add-active-input-connection-to-audio-param.d.ts,457
./node_modules/standardized-audio-context/build/es2019/helpers/add-active-input-connection-to-audio-param.d.ts.map,445
./node_modules/standardized-audio-context/build/es2019/helpers/add-active-input-connection-to-audio-param.js,450
./node_modules/standardized-audio-context/build/es2019/helpers/add-active-input-connection-to-audio-param.js.map,549
./node_modules/standardized-audio-context/build/es2019/helpers/add-passive-input-connection-to-audio-param.d.ts,469
./node_modules/standardized-audio-context/build/es2019/helpers/add-passive-input-connection-to-audio-param.d.ts.map,462
./node_modules/standardized-audio-context/build/es2019/helpers/add-passive-input-connection-to-audio-param.js,629
./node_modules/standardized-audio-context/build/es2019/helpers/add-passive-input-connection-to-audio-param.js.map,732
./node_modules/standardized-audio-context/build/es2019/helpers/assign-native-audio-node-audio-param-value.d.ts,282
./node_modules/standardized-audio-context/build/es2019/helpers/assign-native-audio-node-audio-param-value.d.ts.map,396
./node_modules/standardized-audio-context/build/es2019/helpers/assign-native-audio-node-audio-param-value.js,343
./node_modules/standardized-audio-context/build/es2019/helpers/assign-native-audio-node-audio-param-value.js.map,469
./node_modules/standardized-audio-context/build/es2019/helpers/assign-native-audio-node-option.d.ts,226
./node_modules/standardized-audio-context/build/es2019/helpers/assign-native-audio-node-option.d.ts.map,319
./node_modules/standardized-audio-context/build/es2019/helpers/assign-native-audio-node-option.js,295
./node_modules/standardized-audio-context/build/es2019/helpers/assign-native-audio-node-option.js.map,427
./node_modules/standardized-audio-context/build/es2019/helpers/assign-native-audio-node-options.d.ts,282
./node_modules/standardized-audio-context/build/es2019/helpers/assign-native-audio-node-options.d.ts.map,321
./node_modules/standardized-audio-context/build/es2019/helpers/assign-native-audio-node-options.js,458
./node_modules/standardized-audio-context/build/es2019/helpers/assign-native-audio-node-options.js.map,457
./node_modules/standardized-audio-context/build/es2019/helpers/clone-audio-worklet-node-options.d.ts,261
./node_modules/standardized-audio-context/build/es2019/helpers/clone-audio-worklet-node-options.d.ts.map,284
./node_modules/standardized-audio-context/build/es2019/helpers/clone-audio-worklet-node-options.js,656
./node_modules/standardized-audio-context/build/es2019/helpers/clone-audio-worklet-node-options.js.map,757
./node_modules/standardized-audio-context/build/es2019/helpers/compute-buffer-size.d.ts,149
./node_modules/standardized-audio-context/build/es2019/helpers/compute-buffer-size.d.ts.map,210
./node_modules/standardized-audio-context/build/es2019/helpers/compute-buffer-size.js,277
./node_modules/standardized-audio-context/build/es2019/helpers/compute-buffer-size.js.map,475
./node_modules/standardized-audio-context/build/es2019/helpers/connect-native-audio-node-to-native-audio-node.d.ts,265
./node_modules/standardized-audio-context/build/es2019/helpers/connect-native-audio-node-to-native-audio-node.d.ts.map,283
./node_modules/standardized-audio-context/build/es2019/helpers/connect-native-audio-node-to-native-audio-node.js,713
./node_modules/standardized-audio-context/build/es2019/helpers/connect-native-audio-node-to-native-audio-node.js.map,700
./node_modules/standardized-audio-context/build/es2019/helpers/copy-from-channel.d.ts,462
./node_modules/standardized-audio-context/build/es2019/helpers/copy-from-channel.d.ts.map,542
./node_modules/standardized-audio-context/build/es2019/helpers/copy-from-channel.js,1109
./node_modules/standardized-audio-context/build/es2019/helpers/copy-from-channel.js.map,962
./node_modules/standardized-audio-context/build/es2019/helpers/copy-to-channel.d.ts,275
./node_modules/standardized-audio-context/build/es2019/helpers/copy-to-channel.d.ts.map,313
./node_modules/standardized-audio-context/build/es2019/helpers/copy-to-channel.js,701
./node_modules/standardized-audio-context/build/es2019/helpers/copy-to-channel.js.map,678
./node_modules/standardized-audio-context/build/es2019/helpers/create-audio-worklet-processor-promise.d.ts,387
./node_modules/standardized-audio-context/build/es2019/helpers/create-audio-worklet-processor-promise.d.ts.map,334
./node_modules/standardized-audio-context/build/es2019/helpers/create-audio-worklet-processor-promise.js,432
./node_modules/standardized-audio-context/build/es2019/helpers/create-audio-worklet-processor-promise.js.map,418
./node_modules/standardized-audio-context/build/es2019/helpers/create-audio-worklet-processor.d.ts,520
./node_modules/standardized-audio-context/build/es2019/helpers/create-audio-worklet-processor.d.ts.map,396
./node_modules/standardized-audio-context/build/es2019/helpers/create-audio-worklet-processor.js,828
./node_modules/standardized-audio-context/build/es2019/helpers/create-audio-worklet-processor.js.map,708
./node_modules/standardized-audio-context/build/es2019/helpers/create-nested-arrays.d.ts,146
./node_modules/standardized-audio-context/build/es2019/helpers/create-nested-arrays.d.ts.map,231
./node_modules/standardized-audio-context/build/es2019/helpers/create-nested-arrays.js,396
./node_modules/standardized-audio-context/build/es2019/helpers/create-nested-arrays.js.map,694
./node_modules/standardized-audio-context/build/es2019/helpers/deactivate-active-audio-node-input-connections.d.ts,310
./node_modules/standardized-audio-context/build/es2019/helpers/deactivate-active-audio-node-input-connections.d.ts.map,397
./node_modules/standardized-audio-context/build/es2019/helpers/deactivate-active-audio-node-input-connections.js,2469
./node_modules/standardized-audio-context/build/es2019/helpers/deactivate-active-audio-node-input-connections.js.map,2155
./node_modules/standardized-audio-context/build/es2019/helpers/deactivate-audio-graph.d.ts,174
./node_modules/standardized-audio-context/build/es2019/helpers/deactivate-audio-graph.d.ts.map,260
./node_modules/standardized-audio-context/build/es2019/helpers/deactivate-audio-graph.js,286
./node_modules/standardized-audio-context/build/es2019/helpers/deactivate-audio-graph.js.map,317
./node_modules/standardized-audio-context/build/es2019/helpers/delete-active-input-connection-to-audio-param.d.ts,378
./node_modules/standardized-audio-context/build/es2019/helpers/delete-active-input-connection-to-audio-param.d.ts.map,425
./node_modules/standardized-audio-context/build/es2019/helpers/delete-active-input-connection-to-audio-param.js,377
./node_modules/standardized-audio-context/build/es2019/helpers/delete-active-input-connection-to-audio-param.js.map,473
./node_modules/standardized-audio-context/build/es2019/helpers/delete-active-input-connection.d.ts,368
./node_modules/standardized-audio-context/build/es2019/helpers/delete-active-input-connection.d.ts.map,426
./node_modules/standardized-audio-context/build/es2019/helpers/delete-active-input-connection.js,447
./node_modules/standardized-audio-context/build/es2019/helpers/delete-active-input-connection.js.map,504
./node_modules/standardized-audio-context/build/es2019/helpers/delete-event-listeners-of-audio-node.d.ts,329
./node_modules/standardized-audio-context/build/es2019/helpers/delete-event-listeners-of-audio-node.d.ts.map,365
./node_modules/standardized-audio-context/build/es2019/helpers/delete-event-listeners-of-audio-node.js,417
./node_modules/standardized-audio-context/build/es2019/helpers/delete-event-listeners-of-audio-node.js.map,461
./node_modules/standardized-audio-context/build/es2019/helpers/delete-passive-input-connection-to-audio-node.d.ts,442
./node_modules/standardized-audio-context/build/es2019/helpers/delete-passive-input-connection-to-audio-node.d.ts.map,460
./node_modules/standardized-audio-context/build/es2019/helpers/delete-passive-input-connection-to-audio-node.js,668
./node_modules/standardized-audio-context/build/es2019/helpers/delete-passive-input-connection-to-audio-node.js.map,720
./node_modules/standardized-audio-context/build/es2019/helpers/delete-passive-input-connection-to-audio-param.d.ts,432
./node_modules/standardized-audio-context/build/es2019/helpers/delete-passive-input-connection-to-audio-param.d.ts.map,452
./node_modules/standardized-audio-context/build/es2019/helpers/delete-passive-input-connection-to-audio-param.js,624
./node_modules/standardized-audio-context/build/es2019/helpers/delete-passive-input-connection-to-audio-param.js.map,676
./node_modules/standardized-audio-context/build/es2019/helpers/detach-array-buffer.d.ts,134
./node_modules/standardized-audio-context/build/es2019/helpers/detach-array-buffer.d.ts.map,211
./node_modules/standardized-audio-context/build/es2019/helpers/detach-array-buffer.js,612
./node_modules/standardized-audio-context/build/es2019/helpers/detach-array-buffer.js.map,724
./node_modules/standardized-audio-context/build/es2019/helpers/disconnect-native-audio-node-from-native-audio-node.d.ts,285
./node_modules/standardized-audio-context/build/es2019/helpers/disconnect-native-audio-node-from-native-audio-node.d.ts.map,291
./node_modules/standardized-audio-context/build/es2019/helpers/disconnect-native-audio-node-from-native-audio-node.js,555
./node_modules/standardized-audio-context/build/es2019/helpers/disconnect-native-audio-node-from-native-audio-node.js.map,587
./node_modules/standardized-audio-context/build/es2019/helpers/filter-buffer.d.ts,343
./node_modules/standardized-audio-context/build/es2019/helpers/filter-buffer.d.ts.map,278
./node_modules/standardized-audio-context/build/es2019/helpers/filter-buffer.js,1383
./node_modules/standardized-audio-context/build/es2019/helpers/filter-buffer.js.map,1594
./node_modules/standardized-audio-context/build/es2019/helpers/get-audio-node-connections.d.ts,197
./node_modules/standardized-audio-context/build/es2019/helpers/get-audio-node-connections.d.ts.map,242
./node_modules/standardized-audio-context/build/es2019/helpers/get-audio-node-connections.js,294
./node_modules/standardized-audio-context/build/es2019/helpers/get-audio-node-connections.js.map,363
./node_modules/standardized-audio-context/build/es2019/helpers/get-audio-param-connections.d.ts,201
./node_modules/standardized-audio-context/build/es2019/helpers/get-audio-param-connections.d.ts.map,244
./node_modules/standardized-audio-context/build/es2019/helpers/get-audio-param-connections.js,300
./node_modules/standardized-audio-context/build/es2019/helpers/get-audio-param-connections.js.map,365
./node_modules/standardized-audio-context/build/es2019/helpers/get-audio-worklet-processor.d.ts,371
./node_modules/standardized-audio-context/build/es2019/helpers/get-audio-worklet-processor.d.ts.map,384
./node_modules/standardized-audio-context/build/es2019/helpers/get-audio-worklet-processor.js,538
./node_modules/standardized-audio-context/build/es2019/helpers/get-audio-worklet-processor.js.map,536
./node_modules/standardized-audio-context/build/es2019/helpers/get-event-listeners-of-audio-node.d.ts,219
./node_modules/standardized-audio-context/build/es2019/helpers/get-event-listeners-of-audio-node.d.ts.map,255
./node_modules/standardized-audio-context/build/es2019/helpers/get-event-listeners-of-audio-node.js,280
./node_modules/standardized-audio-context/build/es2019/helpers/get-event-listeners-of-audio-node.js.map,370
./node_modules/standardized-audio-context/build/es2019/helpers/get-first-sample.d.ts,160
./node_modules/standardized-audio-context/build/es2019/helpers/get-first-sample.d.ts.map,219
./node_modules/standardized-audio-context/build/es2019/helpers/get-first-sample.js,395
./node_modules/standardized-audio-context/build/es2019/helpers/get-first-sample.js.map,441
./node_modules/standardized-audio-context/build/es2019/helpers/get-native-audio-node.d.ts,177
./node_modules/standardized-audio-context/build/es2019/helpers/get-native-audio-node.d.ts.map,232
./node_modules/standardized-audio-context/build/es2019/helpers/get-native-audio-node.js,260
./node_modules/standardized-audio-context/build/es2019/helpers/get-native-audio-node.js.map,352
./node_modules/standardized-audio-context/build/es2019/helpers/get-native-audio-param.d.ts,233
./node_modules/standardized-audio-context/build/es2019/helpers/get-native-audio-param.d.ts.map,285
./node_modules/standardized-audio-context/build/es2019/helpers/get-native-audio-param.js,266
./node_modules/standardized-audio-context/build/es2019/helpers/get-native-audio-param.js.map,353
./node_modules/standardized-audio-context/build/es2019/helpers/get-value-for-key.d.ts,161
./node_modules/standardized-audio-context/build/es2019/helpers/get-value-for-key.d.ts.map,221
./node_modules/standardized-audio-context/build/es2019/helpers/get-value-for-key.js,256
./node_modules/standardized-audio-context/build/es2019/helpers/get-value-for-key.js.map,382
./node_modules/standardized-audio-context/build/es2019/helpers/insert-element-in-set.d.ts,177
./node_modules/standardized-audio-context/build/es2019/helpers/insert-element-in-set.d.ts.map,231
./node_modules/standardized-audio-context/build/es2019/helpers/insert-element-in-set.js,406
./node_modules/standardized-audio-context/build/es2019/helpers/insert-element-in-set.js.map,510
./node_modules/standardized-audio-context/build/es2019/helpers/intercept-connections.d.ts,304
./node_modules/standardized-audio-context/build/es2019/helpers/intercept-connections.d.ts.map,368
./node_modules/standardized-audio-context/build/es2019/helpers/intercept-connections.js,268
./node_modules/standardized-audio-context/build/es2019/helpers/intercept-connections.js.map,392
./node_modules/standardized-audio-context/build/es2019/helpers/is-active-audio-node.d.ts,173
./node_modules/standardized-audio-context/build/es2019/helpers/is-active-audio-node.d.ts.map,229
./node_modules/standardized-audio-context/build/es2019/helpers/is-active-audio-node.js,190
./node_modules/standardized-audio-context/build/es2019/helpers/is-active-audio-node.js.map,283
./node_modules/standardized-audio-context/build/es2019/helpers/is-constructible.d.ts,167
./node_modules/standardized-audio-context/build/es2019/helpers/is-constructible.d.ts.map,228
./node_modules/standardized-audio-context/build/es2019/helpers/is-constructible.js,363
./node_modules/standardized-audio-context/build/es2019/helpers/is-constructible.js.map,466
./node_modules/standardized-audio-context/build/es2019/helpers/is-dc-curve.d.ts,140
./node_modules/standardized-audio-context/build/es2019/helpers/is-dc-curve.d.ts.map,209
./node_modules/standardized-audio-context/build/es2019/helpers/is-dc-curve.js,313
./node_modules/standardized-audio-context/build/es2019/helpers/is-dc-curve.js.map,540
./node_modules/standardized-audio-context/build/es2019/helpers/is-owned-by-context.d.ts,228
./node_modules/standardized-audio-context/build/es2019/helpers/is-owned-by-context.d.ts.map,262
./node_modules/standardized-audio-context/build/es2019/helpers/is-owned-by-context.js,174
./node_modules/standardized-audio-context/build/es2019/helpers/is-owned-by-context.js.map,264
./node_modules/standardized-audio-context/build/es2019/helpers/is-part-of-a-cycle.d.ts,162
./node_modules/standardized-audio-context/build/es2019/helpers/is-part-of-a-cycle.d.ts.map,223
./node_modules/standardized-audio-context/build/es2019/helpers/is-part-of-a-cycle.js,183
./node_modules/standardized-audio-context/build/es2019/helpers/is-part-of-a-cycle.js.map,295
./node_modules/standardized-audio-context/build/es2019/helpers/is-passive-audio-node.d.ts,177
./node_modules/standardized-audio-context/build/es2019/helpers/is-passive-audio-node.d.ts.map,231
./node_modules/standardized-audio-context/build/es2019/helpers/is-passive-audio-node.js,209
./node_modules/standardized-audio-context/build/es2019/helpers/is-passive-audio-node.js.map,312
./node_modules/standardized-audio-context/build/es2019/helpers/is-valid-latency-hint.d.ts,277
./node_modules/standardized-audio-context/build/es2019/helpers/is-valid-latency-hint.d.ts.map,255
./node_modules/standardized-audio-context/build/es2019/helpers/is-valid-latency-hint.js,328
./node_modules/standardized-audio-context/build/es2019/helpers/is-valid-latency-hint.js.map,389
./node_modules/standardized-audio-context/build/es2019/helpers/overwrite-accessors.d.ts,175
./node_modules/standardized-audio-context/build/es2019/helpers/overwrite-accessors.d.ts.map,227
./node_modules/standardized-audio-context/build/es2019/helpers/overwrite-accessors.js,450
./node_modules/standardized-audio-context/build/es2019/helpers/overwrite-accessors.js.map,610
./node_modules/standardized-audio-context/build/es2019/helpers/pick-element-from-set.d.ts,177
./node_modules/standardized-audio-context/build/es2019/helpers/pick-element-from-set.d.ts.map,232
./node_modules/standardized-audio-context/build/es2019/helpers/pick-element-from-set.js,476
./node_modules/standardized-audio-context/build/es2019/helpers/pick-element-from-set.js.map,606
./node_modules/standardized-audio-context/build/es2019/helpers/sanitize-audio-worklet-node-options.d.ts,230
./node_modules/standardized-audio-context/build/es2019/helpers/sanitize-audio-worklet-node-options.d.ts.map,259
./node_modules/standardized-audio-context/build/es2019/helpers/sanitize-audio-worklet-node-options.js,930
./node_modules/standardized-audio-context/build/es2019/helpers/sanitize-audio-worklet-node-options.js.map,587
./node_modules/standardized-audio-context/build/es2019/helpers/sanitize-channel-splitter-options.d.ts,225
./node_modules/standardized-audio-context/build/es2019/helpers/sanitize-channel-splitter-options.d.ts.map,255
./node_modules/standardized-audio-context/build/es2019/helpers/sanitize-channel-splitter-options.js,191
./node_modules/standardized-audio-context/build/es2019/helpers/sanitize-channel-splitter-options.js.map,306
./node_modules/standardized-audio-context/build/es2019/helpers/sanitize-periodic-wave-options.d.ts,213
./node_modules/standardized-audio-context/build/es2019/helpers/sanitize-periodic-wave-options.d.ts.map,250
./node_modules/standardized-audio-context/build/es2019/helpers/sanitize-periodic-wave-options.js,513
./node_modules/standardized-audio-context/build/es2019/helpers/sanitize-periodic-wave-options.js.map,827
./node_modules/standardized-audio-context/build/es2019/helpers/set-internal-state-to-active.d.ts,242
./node_modules/standardized-audio-context/build/es2019/helpers/set-internal-state-to-active.d.ts.map,323
./node_modules/standardized-audio-context/build/es2019/helpers/set-internal-state-to-active.js,508
./node_modules/standardized-audio-context/build/es2019/helpers/set-internal-state-to-active.js.map,566
./node_modules/standardized-audio-context/build/es2019/helpers/set-internal-state-to-passive-when-necessary.d.ts,344
./node_modules/standardized-audio-context/build/es2019/helpers/set-internal-state-to-passive-when-necessary.d.ts.map,416
./node_modules/standardized-audio-context/build/es2019/helpers/set-internal-state-to-passive-when-necessary.js,594
./node_modules/standardized-audio-context/build/es2019/helpers/set-internal-state-to-passive-when-necessary.js.map,549
./node_modules/standardized-audio-context/build/es2019/helpers/set-internal-state-to-passive.d.ts,244
./node_modules/standardized-audio-context/build/es2019/helpers/set-internal-state-to-passive.d.ts.map,325
./node_modules/standardized-audio-context/build/es2019/helpers/set-internal-state-to-passive.js,511
./node_modules/standardized-audio-context/build/es2019/helpers/set-internal-state-to-passive.js.map,573
./node_modules/standardized-audio-context/build/es2019/helpers/set-value-at-time-until-possible.d.ts,215
./node_modules/standardized-audio-context/build/es2019/helpers/set-value-at-time-until-possible.d.ts.map,253
./node_modules/standardized-audio-context/build/es2019/helpers/set-value-at-time-until-possible.js,372
./node_modules/standardized-audio-context/build/es2019/helpers/set-value-at-time-until-possible.js.map,508
./node_modules/standardized-audio-context/build/es2019/helpers/split-import-statements.d.ts,148
./node_modules/standardized-audio-context/build/es2019/helpers/split-import-statements.d.ts.map,232
./node_modules/standardized-audio-context/build/es2019/helpers/split-import-statements.js,1671
./node_modules/standardized-audio-context/build/es2019/helpers/split-import-statements.js.map,1040
./node_modules/standardized-audio-context/build/es2019/helpers/test-analyser-node-get-float-time-domain-data-method-support.d.ts,266
./node_modules/standardized-audio-context/build/es2019/helpers/test-analyser-node-get-float-time-domain-data-method-support.d.ts.map,322
./node_modules/standardized-audio-context/build/es2019/helpers/test-analyser-node-get-float-time-domain-data-method-support.js,260
./node_modules/standardized-audio-context/build/es2019/helpers/test-analyser-node-get-float-time-domain-data-method-support.js.map,345
./node_modules/standardized-audio-context/build/es2019/helpers/test-audio-buffer-copy-channel-methods-out-of-bounds-support.d.ts,263
./node_modules/standardized-audio-context/build/es2019/helpers/test-audio-buffer-copy-channel-methods-out-of-bounds-support.d.ts.map,322
./node_modules/standardized-audio-context/build/es2019/helpers/test-audio-buffer-copy-channel-methods-out-of-bounds-support.js,325
./node_modules/standardized-audio-context/build/es2019/helpers/test-audio-buffer-copy-channel-methods-out-of-bounds-support.js.map,475
./node_modules/standardized-audio-context/build/es2019/helpers/test-audio-buffer-source-node-start-method-consecutive-calls-support.d.ts,267
./node_modules/standardized-audio-context/build/es2019/helpers/test-audio-buffer-source-node-start-method-consecutive-calls-support.d.ts.map,329
./node_modules/standardized-audio-context/build/es2019/helpers/test-audio-buffer-source-node-start-method-consecutive-calls-support.js,430
./node_modules/standardized-audio-context/build/es2019/helpers/test-audio-buffer-source-node-start-method-consecutive-calls-support.js.map,518
./node_modules/standardized-audio-context/build/es2019/helpers/test-audio-buffer-source-node-start-method-offset-clamping-support.d.ts,263
./node_modules/standardized-audio-context/build/es2019/helpers/test-audio-buffer-source-node-start-method-offset-clamping-support.d.ts.map,325
./node_modules/standardized-audio-context/build/es2019/helpers/test-audio-buffer-source-node-start-method-offset-clamping-support.js,520
./node_modules/standardized-audio-context/build/es2019/helpers/test-audio-buffer-source-node-start-method-offset-clamping-support.js.map,619
./node_modules/standardized-audio-context/build/es2019/helpers/test-audio-buffer-source-node-stop-method-nullified-buffer-support.d.ts,263
./node_modules/standardized-audio-context/build/es2019/helpers/test-audio-buffer-source-node-stop-method-nullified-buffer-support.d.ts.map,325
./node_modules/standardized-audio-context/build/es2019/helpers/test-audio-buffer-source-node-stop-method-nullified-buffer-support.js,425
./node_modules/standardized-audio-context/build/es2019/helpers/test-audio-buffer-source-node-stop-method-nullified-buffer-support.js.map,514
./node_modules/standardized-audio-context/build/es2019/helpers/test-audio-node-disconnect-method-support.d.ts,355
./node_modules/standardized-audio-context/build/es2019/helpers/test-audio-node-disconnect-method-support.d.ts.map,336
./node_modules/standardized-audio-context/build/es2019/helpers/test-audio-node-disconnect-method-support.js,2002
./node_modules/standardized-audio-context/build/es2019/helpers/test-audio-node-disconnect-method-support.js.map,1674
./node_modules/standardized-audio-context/build/es2019/helpers/test-audio-scheduled-source-node-start-method-negative-parameters-support.d.ts,277
./node_modules/standardized-audio-context/build/es2019/helpers/test-audio-scheduled-source-node-start-method-negative-parameters-support.d.ts.map,339
./node_modules/standardized-audio-context/build/es2019/helpers/test-audio-scheduled-source-node-start-method-negative-parameters-support.js,426
./node_modules/standardized-audio-context/build/es2019/helpers/test-audio-scheduled-source-node-start-method-negative-parameters-support.js.map,530
./node_modules/standardized-audio-context/build/es2019/helpers/test-audio-scheduled-source-node-stop-method-consecutive-calls-support.d.ts,271
./node_modules/standardized-audio-context/build/es2019/helpers/test-audio-scheduled-source-node-stop-method-consecutive-calls-support.d.ts.map,333
./node_modules/standardized-audio-context/build/es2019/helpers/test-audio-scheduled-source-node-stop-method-consecutive-calls-support.js,608
./node_modules/standardized-audio-context/build/es2019/helpers/test-audio-scheduled-source-node-stop-method-consecutive-calls-support.js.map,673
./node_modules/standardized-audio-context/build/es2019/helpers/test-audio-scheduled-source-node-stop-method-negative-parameters-support.d.ts,275
./node_modules/standardized-audio-context/build/es2019/helpers/test-audio-scheduled-source-node-stop-method-negative-parameters-support.d.ts.map,337
./node_modules/standardized-audio-context/build/es2019/helpers/test-audio-scheduled-source-node-stop-method-negative-parameters-support.js,423
./node_modules/standardized-audio-context/build/es2019/helpers/test-audio-scheduled-source-node-stop-method-negative-parameters-support.js.map,528
./node_modules/standardized-audio-context/build/es2019/helpers/test-audio-worklet-node-options-clonability.d.ts,259
./node_modules/standardized-audio-context/build/es2019/helpers/test-audio-worklet-node-options-clonability.d.ts.map,275
./node_modules/standardized-audio-context/build/es2019/helpers/test-audio-worklet-node-options-clonability.js,429
./node_modules/standardized-audio-context/build/es2019/helpers/test-audio-worklet-node-options-clonability.js.map,485
./node_modules/standardized-audio-context/build/es2019/helpers/test-clonability-of-audio-worklet-node-options.d.ts,258
./node_modules/standardized-audio-context/build/es2019/helpers/test-clonability-of-audio-worklet-node-options.d.ts.map,294
./node_modules/standardized-audio-context/build/es2019/helpers/test-clonability-of-audio-worklet-node-options.js,404
./node_modules/standardized-audio-context/build/es2019/helpers/test-clonability-of-audio-worklet-node-options.js.map,450
./node_modules/standardized-audio-context/build/es2019/helpers/test-dom-exception-constructor-support.d.ts,140
./node_modules/standardized-audio-context/build/es2019/helpers/test-dom-exception-constructor-support.d.ts.map,217
./node_modules/standardized-audio-context/build/es2019/helpers/test-dom-exception-constructor-support.js,1992
./node_modules/standardized-audio-context/build/es2019/helpers/test-dom-exception-constructor-support.js.map,408
./node_modules/standardized-audio-context/build/es2019/helpers/test-promise-support.d.ts,178
./node_modules/standardized-audio-context/build/es2019/helpers/test-promise-support.d.ts.map,239
./node_modules/standardized-audio-context/build/es2019/helpers/test-promise-support.js,777
./node_modules/standardized-audio-context/build/es2019/helpers/test-promise-support.js.map,755
./node_modules/standardized-audio-context/build/es2019/helpers/test-transferables-support.d.ts,127
./node_modules/standardized-audio-context/build/es2019/helpers/test-transferables-support.d.ts.map,193
./node_modules/standardized-audio-context/build/es2019/helpers/test-transferables-support.js,392
./node_modules/standardized-audio-context/build/es2019/helpers/test-transferables-support.js.map,543
./node_modules/standardized-audio-context/build/es2019/helpers/visit-each-audio-node-once.d.ts,299
./node_modules/standardized-audio-context/build/es2019/helpers/visit-each-audio-node-once.d.ts.map,406
./node_modules/standardized-audio-context/build/es2019/helpers/visit-each-audio-node-once.js,429
./node_modules/standardized-audio-context/build/es2019/helpers/visit-each-audio-node-once.js.map,651
./node_modules/standardized-audio-context/build/es2019/helpers/wrap-analyser-node-get-float-time-domain-data-method.d.ts,248
./node_modules/standardized-audio-context/build/es2019/helpers/wrap-analyser-node-get-float-time-domain-data-method.d.ts.map,306
./node_modules/standardized-audio-context/build/es2019/helpers/wrap-analyser-node-get-float-time-domain-data-method.js,604
./node_modules/standardized-audio-context/build/es2019/helpers/wrap-analyser-node-get-float-time-domain-data-method.js.map,745
./node_modules/standardized-audio-context/build/es2019/helpers/wrap-audio-buffer-get-channel-data-method.d.ts,219
./node_modules/standardized-audio-context/build/es2019/helpers/wrap-audio-buffer-get-channel-data-method.d.ts.map,284
./node_modules/standardized-audio-context/build/es2019/helpers/wrap-audio-buffer-get-channel-data-method.js,617
./node_modules/standardized-audio-context/build/es2019/helpers/wrap-audio-buffer-get-channel-data-method.js.map,669
./node_modules/standardized-audio-context/build/es2019/helpers/wrap-audio-buffer-source-node-start-method-consecutive-calls.d.ts,291
./node_modules/standardized-audio-context/build/es2019/helpers/wrap-audio-buffer-source-node-start-method-consecutive-calls.d.ts.map,322
./node_modules/standardized-audio-context/build/es2019/helpers/wrap-audio-buffer-source-node-start-method-consecutive-calls.js,667
./node_modules/standardized-audio-context/build/es2019/helpers/wrap-audio-buffer-source-node-start-method-consecutive-calls.js.map,722
./node_modules/standardized-audio-context/build/es2019/helpers/wrap-audio-buffer-source-node-start-method-offset-clamping.d.ts,287
./node_modules/standardized-audio-context/build/es2019/helpers/wrap-audio-buffer-source-node-start-method-offset-clamping.d.ts.map,318
./node_modules/standardized-audio-context/build/es2019/helpers/wrap-audio-buffer-source-node-start-method-offset-clamping.js,1085
./node_modules/standardized-audio-context/build/es2019/helpers/wrap-audio-buffer-source-node-start-method-offset-clamping.js.map,961
./node_modules/standardized-audio-context/build/es2019/helpers/wrap-audio-node-disconnect-method.d.ts,205
./node_modules/standardized-audio-context/build/es2019/helpers/wrap-audio-node-disconnect-method.d.ts.map,270
./node_modules/standardized-audio-context/build/es2019/helpers/wrap-audio-node-disconnect-method.js,3486
./node_modules/standardized-audio-context/build/es2019/helpers/wrap-audio-node-disconnect-method.js.map,2845
./node_modules/standardized-audio-context/build/es2019/helpers/wrap-audio-scheduled-source-node-start-method-negative-parameters.d.ts,406
./node_modules/standardized-audio-context/build/es2019/helpers/wrap-audio-scheduled-source-node-start-method-negative-parameters.d.ts.map,380
./node_modules/standardized-audio-context/build/es2019/helpers/wrap-audio-scheduled-source-node-start-method-negative-parameters.js,727
./node_modules/standardized-audio-context/build/es2019/helpers/wrap-audio-scheduled-source-node-start-method-negative-parameters.js.map,745
./node_modules/standardized-audio-context/build/es2019/helpers/wrap-audio-scheduled-source-node-stop-method-consecutive-calls.d.ts,326
./node_modules/standardized-audio-context/build/es2019/helpers/wrap-audio-scheduled-source-node-stop-method-consecutive-calls.d.ts.map,315
./node_modules/standardized-audio-context/build/es2019/helpers/wrap-audio-scheduled-source-node-stop-method-consecutive-calls.js,1511
./node_modules/standardized-audio-context/build/es2019/helpers/wrap-audio-scheduled-source-node-stop-method-consecutive-calls.js.map,1296
./node_modules/standardized-audio-context/build/es2019/helpers/wrap-audio-scheduled-source-node-stop-method-negative-parameters.d.ts,404
./node_modules/standardized-audio-context/build/es2019/helpers/wrap-audio-scheduled-source-node-stop-method-negative-parameters.d.ts.map,378
./node_modules/standardized-audio-context/build/es2019/helpers/wrap-audio-scheduled-source-node-stop-method-negative-parameters.js,524
./node_modules/standardized-audio-context/build/es2019/helpers/wrap-audio-scheduled-source-node-stop-method-negative-parameters.js.map,603
./node_modules/standardized-audio-context/build/es2019/helpers/wrap-channel-splitter-node.d.ts,216
./node_modules/standardized-audio-context/build/es2019/helpers/wrap-channel-splitter-node.d.ts.map,255
./node_modules/standardized-audio-context/build/es2019/helpers/wrap-channel-splitter-node.js,1401
./node_modules/standardized-audio-context/build/es2019/helpers/wrap-channel-splitter-node.js.map,1015
./node_modules/standardized-audio-context/build/es2019/helpers/wrap-event-listener.d.ts,172
./node_modules/standardized-audio-context/build/es2019/helpers/wrap-event-listener.d.ts.map,227
./node_modules/standardized-audio-context/build/es2019/helpers/wrap-event-listener.js,489
./node_modules/standardized-audio-context/build/es2019/helpers/wrap-event-listener.js.map,586
./node_modules/standardized-audio-context/build/es2019/helpers/wrap-iir-filter-node-get-frequency-response-method.d.ts,248
./node_modules/standardized-audio-context/build/es2019/helpers/wrap-iir-filter-node-get-frequency-response-method.d.ts.map,302
./node_modules/standardized-audio-context/build/es2019/helpers/wrap-iir-filter-node-get-frequency-response-method.js,724
./node_modules/standardized-audio-context/build/es2019/helpers/wrap-iir-filter-node-get-frequency-response-method.js.map,711
./node_modules/standardized-audio-context/build/es2019/interfaces/analyser-node.d.ts,558
./node_modules/standardized-audio-context/build/es2019/interfaces/analyser-node.d.ts.map,630
./node_modules/standardized-audio-context/build/es2019/interfaces/analyser-node.js,52
./node_modules/standardized-audio-context/build/es2019/interfaces/analyser-node.js.map,135
./node_modules/standardized-audio-context/build/es2019/interfaces/analyser-options.d.ts,274
./node_modules/standardized-audio-context/build/es2019/interfaces/analyser-options.d.ts.map,333
./node_modules/standardized-audio-context/build/es2019/interfaces/analyser-options.js,55
./node_modules/standardized-audio-context/build/es2019/interfaces/analyser-options.js.map,141
./node_modules/standardized-audio-context/build/es2019/interfaces/audio-buffer-options.d.ts,166
./node_modules/standardized-audio-context/build/es2019/interfaces/audio-buffer-options.d.ts.map,262
./node_modules/standardized-audio-context/build/es2019/interfaces/audio-buffer-options.js,59
./node_modules/standardized-audio-context/build/es2019/interfaces/audio-buffer-options.js.map,149
./node_modules/standardized-audio-context/build/es2019/interfaces/audio-buffer-source-node-renderer.d.ts,580
./node_modules/standardized-audio-context/build/es2019/interfaces/audio-buffer-source-node-renderer.d.ts.map,590
./node_modules/standardized-audio-context/build/es2019/interfaces/audio-buffer-source-node-renderer.js,72
./node_modules/standardized-audio-context/build/es2019/interfaces/audio-buffer-source-node-renderer.js.map,175
./node_modules/standardized-audio-context/build/es2019/interfaces/audio-buffer-source-node.d.ts,536
./node_modules/standardized-audio-context/build/es2019/interfaces/audio-buffer-source-node.d.ts.map,625
./node_modules/standardized-audio-context/build/es2019/interfaces/audio-buffer-source-node.js,63
./node_modules/standardized-audio-context/build/es2019/interfaces/audio-buffer-source-node.js.map,157
./node_modules/standardized-audio-context/build/es2019/interfaces/audio-buffer-source-options.d.ts,357
./node_modules/standardized-audio-context/build/es2019/interfaces/audio-buffer-source-options.d.ts.map,429
./node_modules/standardized-audio-context/build/es2019/interfaces/audio-buffer-source-options.js,66
./node_modules/standardized-audio-context/build/es2019/interfaces/audio-buffer-source-options.js.map,163
./node_modules/standardized-audio-context/build/es2019/interfaces/audio-buffer.d.ts,452
./node_modules/standardized-audio-context/build/es2019/interfaces/audio-buffer.d.ts.map,534
./node_modules/standardized-audio-context/build/es2019/interfaces/audio-buffer.js,51
./node_modules/standardized-audio-context/build/es2019/interfaces/audio-buffer.js.map,133
./node_modules/standardized-audio-context/build/es2019/interfaces/audio-context-options.d.ts,232
./node_modules/standardized-audio-context/build/es2019/interfaces/audio-context-options.d.ts.map,297
./node_modules/standardized-audio-context/build/es2019/interfaces/audio-context-options.js,60
./node_modules/standardized-audio-context/build/es2019/interfaces/audio-context-options.js.map,151
./node_modules/standardized-audio-context/build/es2019/interfaces/audio-context.d.ts,977
./node_modules/standardized-audio-context/build/es2019/interfaces/audio-context.d.ts.map,717
./node_modules/standardized-audio-context/build/es2019/interfaces/audio-context.js,52
./node_modules/standardized-audio-context/build/es2019/interfaces/audio-context.js.map,135
./node_modules/standardized-audio-context/build/es2019/interfaces/audio-destination-node.d.ts,255
./node_modules/standardized-audio-context/build/es2019/interfaces/audio-destination-node.d.ts.map,350
./node_modules/standardized-audio-context/build/es2019/interfaces/audio-destination-node.js,61
./node_modules/standardized-audio-context/build/es2019/interfaces/audio-destination-node.js.map,153
./node_modules/standardized-audio-context/build/es2019/interfaces/audio-listener.d.ts,437
./node_modules/standardized-audio-context/build/es2019/interfaces/audio-listener.d.ts.map,529
./node_modules/standardized-audio-context/build/es2019/interfaces/audio-listener.js,53
./node_modules/standardized-audio-context/build/es2019/interfaces/audio-listener.js.map,137
./node_modules/standardized-audio-context/build/es2019/interfaces/audio-node-options.d.ts,275
./node_modules/standardized-audio-context/build/es2019/interfaces/audio-node-options.d.ts.map,315
./node_modules/standardized-audio-context/build/es2019/interfaces/audio-node-options.js,57
./node_modules/standardized-audio-context/build/es2019/interfaces/audio-node-options.js.map,145
./node_modules/standardized-audio-context/build/es2019/interfaces/audio-node-renderer.d.ts,539
./node_modules/standardized-audio-context/build/es2019/interfaces/audio-node-renderer.d.ts.map,518
./node_modules/standardized-audio-context/build/es2019/interfaces/audio-node-renderer.js,58
./node_modules/standardized-audio-context/build/es2019/interfaces/audio-node-renderer.js.map,147
./node_modules/standardized-audio-context/build/es2019/interfaces/audio-node.d.ts,1075
./node_modules/standardized-audio-context/build/es2019/interfaces/audio-node.d.ts.map,1195
./node_modules/standardized-audio-context/build/es2019/interfaces/audio-node.js,49
./node_modules/standardized-audio-context/build/es2019/interfaces/audio-node.js.map,129
./node_modules/standardized-audio-context/build/es2019/interfaces/audio-param-descriptor.d.ts,186
./node_modules/standardized-audio-context/build/es2019/interfaces/audio-param-descriptor.d.ts.map,301
./node_modules/standardized-audio-context/build/es2019/interfaces/audio-param-descriptor.js,61
./node_modules/standardized-audio-context/build/es2019/interfaces/audio-param-descriptor.js.map,153
./node_modules/standardized-audio-context/build/es2019/interfaces/audio-param-renderer.d.ts,186
./node_modules/standardized-audio-context/build/es2019/interfaces/audio-param-renderer.d.ts.map,269
./node_modules/standardized-audio-context/build/es2019/interfaces/audio-param-renderer.js,59
./node_modules/standardized-audio-context/build/es2019/interfaces/audio-param-renderer.js.map,149
./node_modules/standardized-audio-context/build/es2019/interfaces/audio-param.d.ts,720
./node_modules/standardized-audio-context/build/es2019/interfaces/audio-param.d.ts.map,778
./node_modules/standardized-audio-context/build/es2019/interfaces/audio-param.js,50
./node_modules/standardized-audio-context/build/es2019/interfaces/audio-param.js.map,131
./node_modules/standardized-audio-context/build/es2019/interfaces/audio-scheduled-source-node-event-map.d.ts,170
./node_modules/standardized-audio-context/build/es2019/interfaces/audio-scheduled-source-node-event-map.d.ts.map,273
./node_modules/standardized-audio-context/build/es2019/interfaces/audio-scheduled-source-node-event-map.js,76
./node_modules/standardized-audio-context/build/es2019/interfaces/audio-scheduled-source-node-event-map.js.map,183
./node_modules/standardized-audio-context/build/es2019/interfaces/audio-scheduled-source-node.d.ts,473
./node_modules/standardized-audio-context/build/es2019/interfaces/audio-scheduled-source-node.d.ts.map,544
./node_modules/standardized-audio-context/build/es2019/interfaces/audio-scheduled-source-node.js,66
./node_modules/standardized-audio-context/build/es2019/interfaces/audio-scheduled-source-node.js.map,163
./node_modules/standardized-audio-context/build/es2019/interfaces/audio-worklet-node-event-map.d.ts,167
./node_modules/standardized-audio-context/build/es2019/interfaces/audio-worklet-node-event-map.d.ts.map,255
./node_modules/standardized-audio-context/build/es2019/interfaces/audio-worklet-node-event-map.js,67
./node_modules/standardized-audio-context/build/es2019/interfaces/audio-worklet-node-event-map.js.map,165
./node_modules/standardized-audio-context/build/es2019/interfaces/audio-worklet-node-options.d.ts,375
./node_modules/standardized-audio-context/build/es2019/interfaces/audio-worklet-node-options.d.ts.map,436
./node_modules/standardized-audio-context/build/es2019/interfaces/audio-worklet-node-options.js,65
./node_modules/standardized-audio-context/build/es2019/interfaces/audio-worklet-node-options.js.map,161
./node_modules/standardized-audio-context/build/es2019/interfaces/audio-worklet-node.d.ts,476
./node_modules/standardized-audio-context/build/es2019/interfaces/audio-worklet-node.d.ts.map,512
./node_modules/standardized-audio-context/build/es2019/interfaces/audio-worklet-node.js,57
./node_modules/standardized-audio-context/build/es2019/interfaces/audio-worklet-node.js.map,145
./node_modules/standardized-audio-context/build/es2019/interfaces/audio-worklet-processor-constructor.d.ts,448
./node_modules/standardized-audio-context/build/es2019/interfaces/audio-worklet-processor-constructor.d.ts.map,428
./node_modules/standardized-audio-context/build/es2019/interfaces/audio-worklet-processor-constructor.js,74
./node_modules/standardized-audio-context/build/es2019/interfaces/audio-worklet-processor-constructor.js.map,179
./node_modules/standardized-audio-context/build/es2019/interfaces/audio-worklet-processor.d.ts,231
./node_modules/standardized-audio-context/build/es2019/interfaces/audio-worklet-processor.d.ts.map,330
./node_modules/standardized-audio-context/build/es2019/interfaces/audio-worklet-processor.js,62
./node_modules/standardized-audio-context/build/es2019/interfaces/audio-worklet-processor.js.map,155
./node_modules/standardized-audio-context/build/es2019/interfaces/audio-worklet.d.ts,207
./node_modules/standardized-audio-context/build/es2019/interfaces/audio-worklet.d.ts.map,291
./node_modules/standardized-audio-context/build/es2019/interfaces/audio-worklet.js,52
./node_modules/standardized-audio-context/build/es2019/interfaces/audio-worklet.js.map,135
./node_modules/standardized-audio-context/build/es2019/interfaces/automation.d.ts,91
./node_modules/standardized-audio-context/build/es2019/interfaces/automation.d.ts.map,182
./node_modules/standardized-audio-context/build/es2019/interfaces/automation.js,49
./node_modules/standardized-audio-context/build/es2019/interfaces/automation.js.map,129
./node_modules/standardized-audio-context/build/es2019/interfaces/base-audio-context.d.ts,2470
./node_modules/standardized-audio-context/build/es2019/interfaces/base-audio-context.d.ts.map,2289
./node_modules/standardized-audio-context/build/es2019/interfaces/base-audio-context.js,57
./node_modules/standardized-audio-context/build/es2019/interfaces/base-audio-context.js.map,145
./node_modules/standardized-audio-context/build/es2019/interfaces/biquad-filter-node.d.ts,549
./node_modules/standardized-audio-context/build/es2019/interfaces/biquad-filter-node.d.ts.map,619
./node_modules/standardized-audio-context/build/es2019/interfaces/biquad-filter-node.js,57
./node_modules/standardized-audio-context/build/es2019/interfaces/biquad-filter-node.js.map,145
./node_modules/standardized-audio-context/build/es2019/interfaces/biquad-filter-options.d.ts,328
./node_modules/standardized-audio-context/build/es2019/interfaces/biquad-filter-options.d.ts.map,409
./node_modules/standardized-audio-context/build/es2019/interfaces/biquad-filter-options.js,60
./node_modules/standardized-audio-context/build/es2019/interfaces/biquad-filter-options.js.map,151
./node_modules/standardized-audio-context/build/es2019/interfaces/channel-merger-options.d.ts,207
./node_modules/standardized-audio-context/build/es2019/interfaces/channel-merger-options.d.ts.map,265
./node_modules/standardized-audio-context/build/es2019/interfaces/channel-merger-options.js,61
./node_modules/standardized-audio-context/build/es2019/interfaces/channel-merger-options.js.map,153
./node_modules/standardized-audio-context/build/es2019/interfaces/channel-splitter-options.d.ts,212
./node_modules/standardized-audio-context/build/es2019/interfaces/channel-splitter-options.d.ts.map,269
./node_modules/standardized-audio-context/build/es2019/interfaces/channel-splitter-options.js,63
./node_modules/standardized-audio-context/build/es2019/interfaces/channel-splitter-options.js.map,157
./node_modules/standardized-audio-context/build/es2019/interfaces/common-audio-context.d.ts,212
./node_modules/standardized-audio-context/build/es2019/interfaces/common-audio-context.d.ts.map,337
./node_modules/standardized-audio-context/build/es2019/interfaces/common-audio-context.js,59
./node_modules/standardized-audio-context/build/es2019/interfaces/common-audio-context.js.map,149
./node_modules/standardized-audio-context/build/es2019/interfaces/common-offline-audio-context.d.ts,179
./node_modules/standardized-audio-context/build/es2019/interfaces/common-offline-audio-context.d.ts.map,271
./node_modules/standardized-audio-context/build/es2019/interfaces/common-offline-audio-context.js,67
./node_modules/standardized-audio-context/build/es2019/interfaces/common-offline-audio-context.js.map,165
./node_modules/standardized-audio-context/build/es2019/interfaces/constant-source-node-renderer.d.ts,526
./node_modules/standardized-audio-context/build/es2019/interfaces/constant-source-node-renderer.d.ts.map,521
./node_modules/standardized-audio-context/build/es2019/interfaces/constant-source-node-renderer.js,68
./node_modules/standardized-audio-context/build/es2019/interfaces/constant-source-node-renderer.js.map,167
./node_modules/standardized-audio-context/build/es2019/interfaces/constant-source-node.d.ts,339
./node_modules/standardized-audio-context/build/es2019/interfaces/constant-source-node.d.ts.map,393
./node_modules/standardized-audio-context/build/es2019/interfaces/constant-source-node.js,59
./node_modules/standardized-audio-context/build/es2019/interfaces/constant-source-node.js.map,149
./node_modules/standardized-audio-context/build/es2019/interfaces/constant-source-options.d.ts,201
./node_modules/standardized-audio-context/build/es2019/interfaces/constant-source-options.d.ts.map,267
./node_modules/standardized-audio-context/build/es2019/interfaces/constant-source-options.js,62
./node_modules/standardized-audio-context/build/es2019/interfaces/constant-source-options.js.map,155
./node_modules/standardized-audio-context/build/es2019/interfaces/convolver-node.d.ts,279
./node_modules/standardized-audio-context/build/es2019/interfaces/convolver-node.d.ts.map,368
./node_modules/standardized-audio-context/build/es2019/interfaces/convolver-node.js,53
./node_modules/standardized-audio-context/build/es2019/interfaces/convolver-node.js.map,137
./node_modules/standardized-audio-context/build/es2019/interfaces/convolver-options.d.ts,285
./node_modules/standardized-audio-context/build/es2019/interfaces/convolver-options.d.ts.map,334
./node_modules/standardized-audio-context/build/es2019/interfaces/convolver-options.js,56
./node_modules/standardized-audio-context/build/es2019/interfaces/convolver-options.js.map,143
./node_modules/standardized-audio-context/build/es2019/interfaces/delay-node.d.ts,276
./node_modules/standardized-audio-context/build/es2019/interfaces/delay-node.d.ts.map,365
./node_modules/standardized-audio-context/build/es2019/interfaces/delay-node.js,49
./node_modules/standardized-audio-context/build/es2019/interfaces/delay-node.js.map,129
./node_modules/standardized-audio-context/build/es2019/interfaces/delay-options.d.ts,211
./node_modules/standardized-audio-context/build/es2019/interfaces/delay-options.d.ts.map,271
./node_modules/standardized-audio-context/build/es2019/interfaces/delay-options.js,52
./node_modules/standardized-audio-context/build/es2019/interfaces/delay-options.js.map,135
./node_modules/standardized-audio-context/build/es2019/interfaces/dynamics-compressor-node.d.ts,469
./node_modules/standardized-audio-context/build/es2019/interfaces/dynamics-compressor-node.d.ts.map,575
./node_modules/standardized-audio-context/build/es2019/interfaces/dynamics-compressor-node.js,63
./node_modules/standardized-audio-context/build/es2019/interfaces/dynamics-compressor-node.js.map,157
./node_modules/standardized-audio-context/build/es2019/interfaces/dynamics-compressor-options.d.ts,290
./node_modules/standardized-audio-context/build/es2019/interfaces/dynamics-compressor-options.d.ts.map,376
./node_modules/standardized-audio-context/build/es2019/interfaces/dynamics-compressor-options.js,66
./node_modules/standardized-audio-context/build/es2019/interfaces/dynamics-compressor-options.js.map,163
./node_modules/standardized-audio-context/build/es2019/interfaces/event-target.d.ts,808
./node_modules/standardized-audio-context/build/es2019/interfaces/event-target.d.ts.map,883
./node_modules/standardized-audio-context/build/es2019/interfaces/event-target.js,51
./node_modules/standardized-audio-context/build/es2019/interfaces/event-target.js.map,133
./node_modules/standardized-audio-context/build/es2019/interfaces/gain-node.d.ts,269
./node_modules/standardized-audio-context/build/es2019/interfaces/gain-node.d.ts.map,363
./node_modules/standardized-audio-context/build/es2019/interfaces/gain-node.js,48
./node_modules/standardized-audio-context/build/es2019/interfaces/gain-node.js.map,127
./node_modules/standardized-audio-context/build/es2019/interfaces/gain-options.d.ts,178
./node_modules/standardized-audio-context/build/es2019/interfaces/gain-options.d.ts.map,243
./node_modules/standardized-audio-context/build/es2019/interfaces/gain-options.js,51
./node_modules/standardized-audio-context/build/es2019/interfaces/gain-options.js.map,133
./node_modules/standardized-audio-context/build/es2019/interfaces/iir-filter-node.d.ts,318
./node_modules/standardized-audio-context/build/es2019/interfaces/iir-filter-node.d.ts.map,386
./node_modules/standardized-audio-context/build/es2019/interfaces/iir-filter-node.js,54
./node_modules/standardized-audio-context/build/es2019/interfaces/iir-filter-node.js.map,139
./node_modules/standardized-audio-context/build/es2019/interfaces/iir-filter-options.d.ts,238
./node_modules/standardized-audio-context/build/es2019/interfaces/iir-filter-options.d.ts.map,313
./node_modules/standardized-audio-context/build/es2019/interfaces/iir-filter-options.js,57
./node_modules/standardized-audio-context/build/es2019/interfaces/iir-filter-options.js.map,145
./node_modules/standardized-audio-context/build/es2019/interfaces/index.d.ts,3573
./node_modules/standardized-audio-context/build/es2019/interfaces/index.d.ts.map,2039
./node_modules/standardized-audio-context/build/es2019/interfaces/index.js,3571
./node_modules/standardized-audio-context/build/es2019/interfaces/index.js.map,2037
./node_modules/standardized-audio-context/build/es2019/interfaces/media-element-audio-source-node.d.ts,382
./node_modules/standardized-audio-context/build/es2019/interfaces/media-element-audio-source-node.d.ts.map,429
./node_modules/standardized-audio-context/build/es2019/interfaces/media-element-audio-source-node.js,70
./node_modules/standardized-audio-context/build/es2019/interfaces/media-element-audio-source-node.js.map,171
./node_modules/standardized-audio-context/build/es2019/interfaces/media-element-audio-source-options.d.ts,153
./node_modules/standardized-audio-context/build/es2019/interfaces/media-element-audio-source-options.d.ts.map,234
./node_modules/standardized-audio-context/build/es2019/interfaces/media-element-audio-source-options.js,73
./node_modules/standardized-audio-context/build/es2019/interfaces/media-element-audio-source-options.js.map,177
./node_modules/standardized-audio-context/build/es2019/interfaces/media-stream-audio-destination-node.d.ts,379
./node_modules/standardized-audio-context/build/es2019/interfaces/media-stream-audio-destination-node.d.ts.map,435
./node_modules/standardized-audio-context/build/es2019/interfaces/media-stream-audio-destination-node.js,74
./node_modules/standardized-audio-context/build/es2019/interfaces/media-stream-audio-destination-node.js.map,179
./node_modules/standardized-audio-context/build/es2019/interfaces/media-stream-audio-source-node.d.ts,374
./node_modules/standardized-audio-context/build/es2019/interfaces/media-stream-audio-source-node.d.ts.map,425
./node_modules/standardized-audio-context/build/es2019/interfaces/media-stream-audio-source-node.js,69
./node_modules/standardized-audio-context/build/es2019/interfaces/media-stream-audio-source-node.js.map,169
./node_modules/standardized-audio-context/build/es2019/interfaces/media-stream-audio-source-options.d.ts,145
./node_modules/standardized-audio-context/build/es2019/interfaces/media-stream-audio-source-options.d.ts.map,230
./node_modules/standardized-audio-context/build/es2019/interfaces/media-stream-audio-source-options.js,72
./node_modules/standardized-audio-context/build/es2019/interfaces/media-stream-audio-source-options.js.map,175
./node_modules/standardized-audio-context/build/es2019/interfaces/media-stream-track-audio-source-node.d.ts,346
./node_modules/standardized-audio-context/build/es2019/interfaces/media-stream-track-audio-source-node.d.ts.map,400
./node_modules/standardized-audio-context/build/es2019/interfaces/media-stream-track-audio-source-node.js,75
./node_modules/standardized-audio-context/build/es2019/interfaces/media-stream-track-audio-source-node.js.map,181
./node_modules/standardized-audio-context/build/es2019/interfaces/media-stream-track-audio-source-options.d.ts,166
./node_modules/standardized-audio-context/build/es2019/interfaces/media-stream-track-audio-source-options.d.ts.map,246
./node_modules/standardized-audio-context/build/es2019/interfaces/media-stream-track-audio-source-options.js,78
./node_modules/standardized-audio-context/build/es2019/interfaces/media-stream-track-audio-source-options.js.map,187
./node_modules/standardized-audio-context/build/es2019/interfaces/minimal-audio-context.d.ts,304
./node_modules/standardized-audio-context/build/es2019/interfaces/minimal-audio-context.d.ts.map,310
./node_modules/standardized-audio-context/build/es2019/interfaces/minimal-audio-context.js,60
./node_modules/standardized-audio-context/build/es2019/interfaces/minimal-audio-context.js.map,151
./node_modules/standardized-audio-context/build/es2019/interfaces/minimal-base-audio-context-event-map.d.ts,174
./node_modules/standardized-audio-context/build/es2019/interfaces/minimal-base-audio-context-event-map.d.ts.map,271
./node_modules/standardized-audio-context/build/es2019/interfaces/minimal-base-audio-context-event-map.js,75
./node_modules/standardized-audio-context/build/es2019/interfaces/minimal-base-audio-context-event-map.js.map,181
./node_modules/standardized-audio-context/build/es2019/interfaces/minimal-base-audio-context.d.ts,746
./node_modules/standardized-audio-context/build/es2019/interfaces/minimal-base-audio-context.d.ts.map,731
./node_modules/standardized-audio-context/build/es2019/interfaces/minimal-base-audio-context.js,65
./node_modules/standardized-audio-context/build/es2019/interfaces/minimal-base-audio-context.js.map,161
./node_modules/standardized-audio-context/build/es2019/interfaces/minimal-offline-audio-context.d.ts,348
./node_modules/standardized-audio-context/build/es2019/interfaces/minimal-offline-audio-context.d.ts.map,326
./node_modules/standardized-audio-context/build/es2019/interfaces/minimal-offline-audio-context.js,68
./node_modules/standardized-audio-context/build/es2019/interfaces/minimal-offline-audio-context.js.map,167
./node_modules/standardized-audio-context/build/es2019/interfaces/native-audio-node-faker.d.ts,223
./node_modules/standardized-audio-context/build/es2019/interfaces/native-audio-node-faker.d.ts.map,303
./node_modules/standardized-audio-context/build/es2019/interfaces/native-audio-node-faker.js,62
./node_modules/standardized-audio-context/build/es2019/interfaces/native-audio-node-faker.js.map,155
./node_modules/standardized-audio-context/build/es2019/interfaces/native-audio-worklet-node-faker.d.ts,269
./node_modules/standardized-audio-context/build/es2019/interfaces/native-audio-worklet-node-faker.d.ts.map,326
./node_modules/standardized-audio-context/build/es2019/interfaces/native-audio-worklet-node-faker.js,70
./node_modules/standardized-audio-context/build/es2019/interfaces/native-audio-worklet-node-faker.js.map,171
./node_modules/standardized-audio-context/build/es2019/interfaces/native-constant-source-node-faker.d.ts,280
./node_modules/standardized-audio-context/build/es2019/interfaces/native-constant-source-node-faker.d.ts.map,330
./node_modules/standardized-audio-context/build/es2019/interfaces/native-constant-source-node-faker.js,72
./node_modules/standardized-audio-context/build/es2019/interfaces/native-constant-source-node-faker.js.map,175
./node_modules/standardized-audio-context/build/es2019/interfaces/native-convolver-node-faker.d.ts,259
./node_modules/standardized-audio-context/build/es2019/interfaces/native-convolver-node-faker.d.ts.map,318
./node_modules/standardized-audio-context/build/es2019/interfaces/native-convolver-node-faker.js,66
./node_modules/standardized-audio-context/build/es2019/interfaces/native-convolver-node-faker.js.map,163
./node_modules/standardized-audio-context/build/es2019/interfaces/native-iir-filter-node-faker.d.ts,257
./node_modules/standardized-audio-context/build/es2019/interfaces/native-iir-filter-node-faker.d.ts.map,320
./node_modules/standardized-audio-context/build/es2019/interfaces/native-iir-filter-node-faker.js,67
./node_modules/standardized-audio-context/build/es2019/interfaces/native-iir-filter-node-faker.js.map,165
./node_modules/standardized-audio-context/build/es2019/interfaces/native-panner-node-faker.d.ts,247
./node_modules/standardized-audio-context/build/es2019/interfaces/native-panner-node-faker.d.ts.map,312
./node_modules/standardized-audio-context/build/es2019/interfaces/native-panner-node-faker.js,63
./node_modules/standardized-audio-context/build/es2019/interfaces/native-panner-node-faker.js.map,157
./node_modules/standardized-audio-context/build/es2019/interfaces/native-stereo-panner-node-faker.d.ts,272
./node_modules/standardized-audio-context/build/es2019/interfaces/native-stereo-panner-node-faker.d.ts.map,326
./node_modules/standardized-audio-context/build/es2019/interfaces/native-stereo-panner-node-faker.js,70
./node_modules/standardized-audio-context/build/es2019/interfaces/native-stereo-panner-node-faker.js.map,171
./node_modules/standardized-audio-context/build/es2019/interfaces/native-wave-shaper-node-faker.d.ts,264
./node_modules/standardized-audio-context/build/es2019/interfaces/native-wave-shaper-node-faker.d.ts.map,322
./node_modules/standardized-audio-context/build/es2019/interfaces/native-wave-shaper-node-faker.js,68
./node_modules/standardized-audio-context/build/es2019/interfaces/native-wave-shaper-node-faker.js.map,167
./node_modules/standardized-audio-context/build/es2019/interfaces/offline-audio-completion-event.d.ts,214
./node_modules/standardized-audio-context/build/es2019/interfaces/offline-audio-completion-event.d.ts.map,287
./node_modules/standardized-audio-context/build/es2019/interfaces/offline-audio-completion-event.js,69
./node_modules/standardized-audio-context/build/es2019/interfaces/offline-audio-completion-event.js.map,169
./node_modules/standardized-audio-context/build/es2019/interfaces/offline-audio-context-constructor.d.ts,423
./node_modules/standardized-audio-context/build/es2019/interfaces/offline-audio-context-constructor.d.ts.map,424
./node_modules/standardized-audio-context/build/es2019/interfaces/offline-audio-context-constructor.js,72
./node_modules/standardized-audio-context/build/es2019/interfaces/offline-audio-context-constructor.js.map,175
./node_modules/standardized-audio-context/build/es2019/interfaces/offline-audio-context-options.d.ts,183
./node_modules/standardized-audio-context/build/es2019/interfaces/offline-audio-context-options.d.ts.map,280
./node_modules/standardized-audio-context/build/es2019/interfaces/offline-audio-context-options.js,68
./node_modules/standardized-audio-context/build/es2019/interfaces/offline-audio-context-options.js.map,167
./node_modules/standardized-audio-context/build/es2019/interfaces/offline-audio-context.d.ts,304
./node_modules/standardized-audio-context/build/es2019/interfaces/offline-audio-context.d.ts.map,311
./node_modules/standardized-audio-context/build/es2019/interfaces/offline-audio-context.js,60
./node_modules/standardized-audio-context/build/es2019/interfaces/offline-audio-context.js.map,151
./node_modules/standardized-audio-context/build/es2019/interfaces/oscillator-node-renderer.d.ts,593
./node_modules/standardized-audio-context/build/es2019/interfaces/oscillator-node-renderer.d.ts.map,586
./node_modules/standardized-audio-context/build/es2019/interfaces/oscillator-node-renderer.js,63
./node_modules/standardized-audio-context/build/es2019/interfaces/oscillator-node-renderer.js.map,157
./node_modules/standardized-audio-context/build/es2019/interfaces/oscillator-node.d.ts,466
./node_modules/standardized-audio-context/build/es2019/interfaces/oscillator-node.d.ts.map,499
./node_modules/standardized-audio-context/build/es2019/interfaces/oscillator-node.js,54
./node_modules/standardized-audio-context/build/es2019/interfaces/oscillator-node.js.map,139
./node_modules/standardized-audio-context/build/es2019/interfaces/oscillator-options.d.ts,369
./node_modules/standardized-audio-context/build/es2019/interfaces/oscillator-options.d.ts.map,423
./node_modules/standardized-audio-context/build/es2019/interfaces/oscillator-options.js,57
./node_modules/standardized-audio-context/build/es2019/interfaces/oscillator-options.js.map,145
./node_modules/standardized-audio-context/build/es2019/interfaces/panner-node.d.ts,747
./node_modules/standardized-audio-context/build/es2019/interfaces/panner-node.d.ts.map,783
./node_modules/standardized-audio-context/build/es2019/interfaces/panner-node.js,50
./node_modules/standardized-audio-context/build/es2019/interfaces/panner-node.js.map,131
./node_modules/standardized-audio-context/build/es2019/interfaces/panner-options.d.ts,613
./node_modules/standardized-audio-context/build/es2019/interfaces/panner-options.d.ts.map,644
./node_modules/standardized-audio-context/build/es2019/interfaces/panner-options.js,53
./node_modules/standardized-audio-context/build/es2019/interfaces/panner-options.js.map,137
./node_modules/standardized-audio-context/build/es2019/interfaces/periodic-wave-constraints.d.ts,136
./node_modules/standardized-audio-context/build/es2019/interfaces/periodic-wave-constraints.d.ts.map,216
./node_modules/standardized-audio-context/build/es2019/interfaces/periodic-wave-constraints.js,64
./node_modules/standardized-audio-context/build/es2019/interfaces/periodic-wave-constraints.js.map,159
./node_modules/standardized-audio-context/build/es2019/interfaces/periodic-wave-options.d.ts,254
./node_modules/standardized-audio-context/build/es2019/interfaces/periodic-wave-options.d.ts.map,319
./node_modules/standardized-audio-context/build/es2019/interfaces/periodic-wave-options.js,60
./node_modules/standardized-audio-context/build/es2019/interfaces/periodic-wave-options.js.map,151
./node_modules/standardized-audio-context/build/es2019/interfaces/periodic-wave.d.ts,78
./node_modules/standardized-audio-context/build/es2019/interfaces/periodic-wave.d.ts.map,161
./node_modules/standardized-audio-context/build/es2019/interfaces/periodic-wave.js,52
./node_modules/standardized-audio-context/build/es2019/interfaces/periodic-wave.js.map,135
./node_modules/standardized-audio-context/build/es2019/interfaces/read-only-map.d.ts,414
./node_modules/standardized-audio-context/build/es2019/interfaces/read-only-map.d.ts.map,799
./node_modules/standardized-audio-context/build/es2019/interfaces/read-only-map.js,52
./node_modules/standardized-audio-context/build/es2019/interfaces/read-only-map.js.map,135
./node_modules/standardized-audio-context/build/es2019/interfaces/stereo-panner-node.d.ts,285
./node_modules/standardized-audio-context/build/es2019/interfaces/stereo-panner-node.d.ts.map,383
./node_modules/standardized-audio-context/build/es2019/interfaces/stereo-panner-node.js,57
./node_modules/standardized-audio-context/build/es2019/interfaces/stereo-panner-node.js.map,145
./node_modules/standardized-audio-context/build/es2019/interfaces/stereo-panner-options.d.ts,194
./node_modules/standardized-audio-context/build/es2019/interfaces/stereo-panner-options.d.ts.map,262
./node_modules/standardized-audio-context/build/es2019/interfaces/stereo-panner-options.js,60
./node_modules/standardized-audio-context/build/es2019/interfaces/stereo-panner-options.js.map,151
./node_modules/standardized-audio-context/build/es2019/interfaces/wave-shaper-node.d.ts,287
./node_modules/standardized-audio-context/build/es2019/interfaces/wave-shaper-node.d.ts.map,372
./node_modules/standardized-audio-context/build/es2019/interfaces/wave-shaper-node.js,55
./node_modules/standardized-audio-context/build/es2019/interfaces/wave-shaper-node.js.map,141
./node_modules/standardized-audio-context/build/es2019/interfaces/wave-shaper-options.d.ts,286
./node_modules/standardized-audio-context/build/es2019/interfaces/wave-shaper-options.d.ts.map,351
./node_modules/standardized-audio-context/build/es2019/interfaces/wave-shaper-options.js,58
./node_modules/standardized-audio-context/build/es2019/interfaces/wave-shaper-options.js.map,147
./node_modules/standardized-audio-context/build/es2019/interfaces/worklet-options.d.ts,135
./node_modules/standardized-audio-context/build/es2019/interfaces/worklet-options.d.ts.map,212
./node_modules/standardized-audio-context/build/es2019/interfaces/worklet-options.js,185
./node_modules/standardized-audio-context/build/es2019/interfaces/worklet-options.js.map,150
./node_modules/standardized-audio-context/build/es2019/module.d.ts,7758
./node_modules/standardized-audio-context/build/es2019/module.d.ts.map,4964
./node_modules/standardized-audio-context/build/es2019/module.js,46740
./node_modules/standardized-audio-context/build/es2019/module.js.map,23244
./node_modules/standardized-audio-context/build/es2019/read-only-map.d.ts,513
./node_modules/standardized-audio-context/build/es2019/read-only-map.d.ts.map,725
./node_modules/standardized-audio-context/build/es2019/read-only-map.js,621
./node_modules/standardized-audio-context/build/es2019/read-only-map.js.map,858
./node_modules/standardized-audio-context/build/es2019/types/abort-error-factory.d.ts,102
./node_modules/standardized-audio-context/build/es2019/types/abort-error-factory.d.ts.map,185
./node_modules/standardized-audio-context/build/es2019/types/abort-error-factory.js,58
./node_modules/standardized-audio-context/build/es2019/types/abort-error-factory.js.map,142
./node_modules/standardized-audio-context/build/es2019/types/active-audio-worklet-node-inputs-store.d.ts,369
./node_modules/standardized-audio-context/build/es2019/types/active-audio-worklet-node-inputs-store.d.ts.map,413
./node_modules/standardized-audio-context/build/es2019/types/active-audio-worklet-node-inputs-store.js,77
./node_modules/standardized-audio-context/build/es2019/types/active-audio-worklet-node-inputs-store.js.map,180
./node_modules/standardized-audio-context/build/es2019/types/active-input-connection.d.ts,325
./node_modules/standardized-audio-context/build/es2019/types/active-input-connection.d.ts.map,382
./node_modules/standardized-audio-context/build/es2019/types/active-input-connection.js,62
./node_modules/standardized-audio-context/build/es2019/types/active-input-connection.js.map,150
./node_modules/standardized-audio-context/build/es2019/types/add-active-input-connection-to-audio-node-factory.d.ts,433
./node_modules/standardized-audio-context/build/es2019/types/add-active-input-connection-to-audio-node-factory.d.ts.map,363
./node_modules/standardized-audio-context/build/es2019/types/add-active-input-connection-to-audio-node-factory.js,88
./node_modules/standardized-audio-context/build/es2019/types/add-active-input-connection-to-audio-node-factory.js.map,202
./node_modules/standardized-audio-context/build/es2019/types/add-active-input-connection-to-audio-node-function.d.ts,573
./node_modules/standardized-audio-context/build/es2019/types/add-active-input-connection-to-audio-node-function.d.ts.map,610
./node_modules/standardized-audio-context/build/es2019/types/add-active-input-connection-to-audio-node-function.js,89
./node_modules/standardized-audio-context/build/es2019/types/add-active-input-connection-to-audio-node-function.js.map,204
./node_modules/standardized-audio-context/build/es2019/types/add-audio-node-connections-factory.d.ts,370
./node_modules/standardized-audio-context/build/es2019/types/add-audio-node-connections-factory.d.ts.map,331
./node_modules/standardized-audio-context/build/es2019/types/add-audio-node-connections-factory.js,73
./node_modules/standardized-audio-context/build/es2019/types/add-audio-node-connections-factory.js.map,172
./node_modules/standardized-audio-context/build/es2019/types/add-audio-node-connections-function.d.ts,539
./node_modules/standardized-audio-context/build/es2019/types/add-audio-node-connections-function.d.ts.map,569
./node_modules/standardized-audio-context/build/es2019/types/add-audio-node-connections-function.js,74
./node_modules/standardized-audio-context/build/es2019/types/add-audio-node-connections-function.js.map,174
./node_modules/standardized-audio-context/build/es2019/types/add-audio-param-connections-factory.d.ts,379
./node_modules/standardized-audio-context/build/es2019/types/add-audio-param-connections-factory.d.ts.map,335
./node_modules/standardized-audio-context/build/es2019/types/add-audio-param-connections-factory.js,74
./node_modules/standardized-audio-context/build/es2019/types/add-audio-param-connections-factory.js.map,174
./node_modules/standardized-audio-context/build/es2019/types/add-audio-param-connections-function.d.ts,435
./node_modules/standardized-audio-context/build/es2019/types/add-audio-param-connections-function.d.ts.map,448
./node_modules/standardized-audio-context/build/es2019/types/add-audio-param-connections-function.js,75
./node_modules/standardized-audio-context/build/es2019/types/add-audio-param-connections-function.js.map,176
./node_modules/standardized-audio-context/build/es2019/types/add-audio-worklet-module-factory.d.ts,1804
./node_modules/standardized-audio-context/build/es2019/types/add-audio-worklet-module-factory.d.ts.map,1187
./node_modules/standardized-audio-context/build/es2019/types/add-audio-worklet-module-factory.js,71
./node_modules/standardized-audio-context/build/es2019/types/add-audio-worklet-module-factory.js.map,168
./node_modules/standardized-audio-context/build/es2019/types/add-audio-worklet-module-function.d.ts,279
./node_modules/standardized-audio-context/build/es2019/types/add-audio-worklet-module-function.d.ts.map,375
./node_modules/standardized-audio-context/build/es2019/types/add-audio-worklet-module-function.js,72
./node_modules/standardized-audio-context/build/es2019/types/add-audio-worklet-module-function.js.map,170
./node_modules/standardized-audio-context/build/es2019/types/add-connection-to-audio-node-factory.d.ts,2399
./node_modules/standardized-audio-context/build/es2019/types/add-connection-to-audio-node-factory.d.ts.map,1175
./node_modules/standardized-audio-context/build/es2019/types/add-connection-to-audio-node-factory.js,75
./node_modules/standardized-audio-context/build/es2019/types/add-connection-to-audio-node-factory.js.map,176
./node_modules/standardized-audio-context/build/es2019/types/add-connection-to-audio-node-function.d.ts,332
./node_modules/standardized-audio-context/build/es2019/types/add-connection-to-audio-node-function.d.ts.map,457
./node_modules/standardized-audio-context/build/es2019/types/add-connection-to-audio-node-function.js,76
./node_modules/standardized-audio-context/build/es2019/types/add-connection-to-audio-node-function.js.map,178
./node_modules/standardized-audio-context/build/es2019/types/add-passive-input-connection-to-audio-node-factory.d.ts,438
./node_modules/standardized-audio-context/build/es2019/types/add-passive-input-connection-to-audio-node-factory.d.ts.map,365
./node_modules/standardized-audio-context/build/es2019/types/add-passive-input-connection-to-audio-node-factory.js,89
./node_modules/standardized-audio-context/build/es2019/types/add-passive-input-connection-to-audio-node-factory.js.map,204
./node_modules/standardized-audio-context/build/es2019/types/add-passive-input-connection-to-audio-node-function.d.ts,591
./node_modules/standardized-audio-context/build/es2019/types/add-passive-input-connection-to-audio-node-function.d.ts.map,631
./node_modules/standardized-audio-context/build/es2019/types/add-passive-input-connection-to-audio-node-function.js,90
./node_modules/standardized-audio-context/build/es2019/types/add-passive-input-connection-to-audio-node-function.js.map,206
./node_modules/standardized-audio-context/build/es2019/types/add-silent-connection-factory.d.ts,331
./node_modules/standardized-audio-context/build/es2019/types/add-silent-connection-factory.d.ts.map,321
./node_modules/standardized-audio-context/build/es2019/types/add-silent-connection-factory.js,68
./node_modules/standardized-audio-context/build/es2019/types/add-silent-connection-factory.js.map,162
./node_modules/standardized-audio-context/build/es2019/types/add-silent-connection-function.d.ts,532
./node_modules/standardized-audio-context/build/es2019/types/add-silent-connection-function.d.ts.map,456
./node_modules/standardized-audio-context/build/es2019/types/add-silent-connection-function.js,69
./node_modules/standardized-audio-context/build/es2019/types/add-silent-connection-function.js.map,164
./node_modules/standardized-audio-context/build/es2019/types/add-unrendered-audio-worklet-node-factory.d.ts,448
./node_modules/standardized-audio-context/build/es2019/types/add-unrendered-audio-worklet-node-factory.d.ts.map,347
./node_modules/standardized-audio-context/build/es2019/types/add-unrendered-audio-worklet-node-factory.js,80
./node_modules/standardized-audio-context/build/es2019/types/add-unrendered-audio-worklet-node-factory.js.map,186
./node_modules/standardized-audio-context/build/es2019/types/add-unrendered-audio-worklet-node-function.d.ts,421
./node_modules/standardized-audio-context/build/es2019/types/add-unrendered-audio-worklet-node-function.d.ts.map,437
./node_modules/standardized-audio-context/build/es2019/types/add-unrendered-audio-worklet-node-function.js,81
./node_modules/standardized-audio-context/build/es2019/types/add-unrendered-audio-worklet-node-function.js.map,188
./node_modules/standardized-audio-context/build/es2019/types/analyser-node-constructor-factory.d.ts,993
./node_modules/standardized-audio-context/build/es2019/types/analyser-node-constructor-factory.d.ts.map,681
./node_modules/standardized-audio-context/build/es2019/types/analyser-node-constructor-factory.js,72
./node_modules/standardized-audio-context/build/es2019/types/analyser-node-constructor-factory.js.map,170
./node_modules/standardized-audio-context/build/es2019/types/analyser-node-constructor.d.ts,292
./node_modules/standardized-audio-context/build/es2019/types/analyser-node-constructor.d.ts.map,388
./node_modules/standardized-audio-context/build/es2019/types/analyser-node-constructor.js,64
./node_modules/standardized-audio-context/build/es2019/types/analyser-node-constructor.js.map,154
./node_modules/standardized-audio-context/build/es2019/types/analyser-node-renderer-factory-factory.d.ts,643
./node_modules/standardized-audio-context/build/es2019/types/analyser-node-renderer-factory-factory.d.ts.map,481
./node_modules/standardized-audio-context/build/es2019/types/analyser-node-renderer-factory-factory.js,77
./node_modules/standardized-audio-context/build/es2019/types/analyser-node-renderer-factory-factory.js.map,180
./node_modules/standardized-audio-context/build/es2019/types/analyser-node-renderer-factory.d.ts,330
./node_modules/standardized-audio-context/build/es2019/types/analyser-node-renderer-factory.d.ts.map,362
./node_modules/standardized-audio-context/build/es2019/types/analyser-node-renderer-factory.js,69
./node_modules/standardized-audio-context/build/es2019/types/analyser-node-renderer-factory.js.map,164
./node_modules/standardized-audio-context/build/es2019/types/any-audio-buffer.d.ts,217
./node_modules/standardized-audio-context/build/es2019/types/any-audio-buffer.d.ts.map,270
./node_modules/standardized-audio-context/build/es2019/types/any-audio-buffer.js,55
./node_modules/standardized-audio-context/build/es2019/types/any-audio-buffer.js.map,136
./node_modules/standardized-audio-context/build/es2019/types/any-context.d.ts,183
./node_modules/standardized-audio-context/build/es2019/types/any-context.d.ts.map,256
./node_modules/standardized-audio-context/build/es2019/types/any-context.js,50
./node_modules/standardized-audio-context/build/es2019/types/any-context.js.map,126
./node_modules/standardized-audio-context/build/es2019/types/audio-buffer-constructor-factory.d.ts,1364
./node_modules/standardized-audio-context/build/es2019/types/audio-buffer-constructor-factory.d.ts.map,795
./node_modules/standardized-audio-context/build/es2019/types/audio-buffer-constructor-factory.js,71
./node_modules/standardized-audio-context/build/es2019/types/audio-buffer-constructor-factory.js.map,168
./node_modules/standardized-audio-context/build/es2019/types/audio-buffer-constructor.d.ts,211
./node_modules/standardized-audio-context/build/es2019/types/audio-buffer-constructor.d.ts.map,270
./node_modules/standardized-audio-context/build/es2019/types/audio-buffer-constructor.js,63
./node_modules/standardized-audio-context/build/es2019/types/audio-buffer-constructor.js.map,152
./node_modules/standardized-audio-context/build/es2019/types/audio-buffer-source-node-constructor-factory.d.ts,1352
./node_modules/standardized-audio-context/build/es2019/types/audio-buffer-source-node-constructor-factory.d.ts.map,843
./node_modules/standardized-audio-context/build/es2019/types/audio-buffer-source-node-constructor-factory.js,83
./node_modules/standardized-audio-context/build/es2019/types/audio-buffer-source-node-constructor-factory.js.map,192
./node_modules/standardized-audio-context/build/es2019/types/audio-buffer-source-node-constructor.d.ts,348
./node_modules/standardized-audio-context/build/es2019/types/audio-buffer-source-node-constructor.d.ts.map,416
./node_modules/standardized-audio-context/build/es2019/types/audio-buffer-source-node-constructor.js,75
./node_modules/standardized-audio-context/build/es2019/types/audio-buffer-source-node-constructor.js.map,176
./node_modules/standardized-audio-context/build/es2019/types/audio-buffer-source-node-renderer-factory-factory.d.ts,973
./node_modules/standardized-audio-context/build/es2019/types/audio-buffer-source-node-renderer-factory-factory.d.ts.map,643
./node_modules/standardized-audio-context/build/es2019/types/audio-buffer-source-node-renderer-factory-factory.js,88
./node_modules/standardized-audio-context/build/es2019/types/audio-buffer-source-node-renderer-factory-factory.js.map,202
./node_modules/standardized-audio-context/build/es2019/types/audio-buffer-source-node-renderer-factory.d.ts,341
./node_modules/standardized-audio-context/build/es2019/types/audio-buffer-source-node-renderer-factory.d.ts.map,349
./node_modules/standardized-audio-context/build/es2019/types/audio-buffer-source-node-renderer-factory.js,80
./node_modules/standardized-audio-context/build/es2019/types/audio-buffer-source-node-renderer-factory.js.map,186
./node_modules/standardized-audio-context/build/es2019/types/audio-buffer-source-node-renderer.d.ts,386
./node_modules/standardized-audio-context/build/es2019/types/audio-buffer-source-node-renderer.d.ts.map,399
./node_modules/standardized-audio-context/build/es2019/types/audio-buffer-source-node-renderer.js,72
./node_modules/standardized-audio-context/build/es2019/types/audio-buffer-source-node-renderer.js.map,170
./node_modules/standardized-audio-context/build/es2019/types/audio-buffer-store.d.ts,149
./node_modules/standardized-audio-context/build/es2019/types/audio-buffer-store.d.ts.map,234
./node_modules/standardized-audio-context/build/es2019/types/audio-buffer-store.js,57
./node_modules/standardized-audio-context/build/es2019/types/audio-buffer-store.js.map,140
./node_modules/standardized-audio-context/build/es2019/types/audio-context-constructor-factory.d.ts,1639
./node_modules/standardized-audio-context/build/es2019/types/audio-context-constructor-factory.d.ts.map,901
./node_modules/standardized-audio-context/build/es2019/types/audio-context-constructor-factory.js,72
./node_modules/standardized-audio-context/build/es2019/types/audio-context-constructor-factory.js.map,170
./node_modules/standardized-audio-context/build/es2019/types/audio-context-constructor.d.ts,218
./node_modules/standardized-audio-context/build/es2019/types/audio-context-constructor.d.ts.map,277
./node_modules/standardized-audio-context/build/es2019/types/audio-context-constructor.js,64
./node_modules/standardized-audio-context/build/es2019/types/audio-context-constructor.js.map,154
./node_modules/standardized-audio-context/build/es2019/types/audio-context-latency-category.d.ts,144
./node_modules/standardized-audio-context/build/es2019/types/audio-context-latency-category.d.ts.map,222
./node_modules/standardized-audio-context/build/es2019/types/audio-context-latency-category.js,69
./node_modules/standardized-audio-context/build/es2019/types/audio-context-latency-category.js.map,164
./node_modules/standardized-audio-context/build/es2019/types/audio-context-state.d.ts,118
./node_modules/standardized-audio-context/build/es2019/types/audio-context-state.d.ts.map,200
./node_modules/standardized-audio-context/build/es2019/types/audio-context-state.js,58
./node_modules/standardized-audio-context/build/es2019/types/audio-context-state.js.map,142
./node_modules/standardized-audio-context/build/es2019/types/audio-destination-node-constructor-factory.d.ts,1378
./node_modules/standardized-audio-context/build/es2019/types/audio-destination-node-constructor-factory.d.ts.map,839
./node_modules/standardized-audio-context/build/es2019/types/audio-destination-node-constructor-factory.js,81
./node_modules/standardized-audio-context/build/es2019/types/audio-destination-node-constructor-factory.js.map,188
./node_modules/standardized-audio-context/build/es2019/types/audio-destination-node-constructor.d.ts,292
./node_modules/standardized-audio-context/build/es2019/types/audio-destination-node-constructor.d.ts.map,376
./node_modules/standardized-audio-context/build/es2019/types/audio-destination-node-constructor.js,73
./node_modules/standardized-audio-context/build/es2019/types/audio-destination-node-constructor.js.map,172
./node_modules/standardized-audio-context/build/es2019/types/audio-destination-node-renderer-factory.d.ts,511
./node_modules/standardized-audio-context/build/es2019/types/audio-destination-node-renderer-factory.d.ts.map,453
./node_modules/standardized-audio-context/build/es2019/types/audio-destination-node-renderer-factory.js,78
./node_modules/standardized-audio-context/build/es2019/types/audio-destination-node-renderer-factory.js.map,182
./node_modules/standardized-audio-context/build/es2019/types/audio-listener-factory-factory.d.ts,1294
./node_modules/standardized-audio-context/build/es2019/types/audio-listener-factory-factory.d.ts.map,813
./node_modules/standardized-audio-context/build/es2019/types/audio-listener-factory-factory.js,69
./node_modules/standardized-audio-context/build/es2019/types/audio-listener-factory-factory.js.map,164
./node_modules/standardized-audio-context/build/es2019/types/audio-listener-factory.d.ts,308
./node_modules/standardized-audio-context/build/es2019/types/audio-listener-factory.d.ts.map,376
./node_modules/standardized-audio-context/build/es2019/types/audio-listener-factory.js,61
./node_modules/standardized-audio-context/build/es2019/types/audio-listener-factory.js.map,148
./node_modules/standardized-audio-context/build/es2019/types/audio-node-connections-store.d.ts,311
./node_modules/standardized-audio-context/build/es2019/types/audio-node-connections-store.d.ts.map,382
./node_modules/standardized-audio-context/build/es2019/types/audio-node-connections-store.js,67
./node_modules/standardized-audio-context/build/es2019/types/audio-node-connections-store.js.map,160
./node_modules/standardized-audio-context/build/es2019/types/audio-node-connections.d.ts,787
./node_modules/standardized-audio-context/build/es2019/types/audio-node-connections.d.ts.map,791
./node_modules/standardized-audio-context/build/es2019/types/audio-node-connections.js,61
./node_modules/standardized-audio-context/build/es2019/types/audio-node-connections.js.map,148
./node_modules/standardized-audio-context/build/es2019/types/audio-node-constructor-factory.d.ts,2342
./node_modules/standardized-audio-context/build/es2019/types/audio-node-constructor-factory.d.ts.map,1381
./node_modules/standardized-audio-context/build/es2019/types/audio-node-constructor-factory.js,69
./node_modules/standardized-audio-context/build/es2019/types/audio-node-constructor-factory.js.map,164
./node_modules/standardized-audio-context/build/es2019/types/audio-node-constructor.d.ts,598
./node_modules/standardized-audio-context/build/es2019/types/audio-node-constructor.d.ts.map,638
./node_modules/standardized-audio-context/build/es2019/types/audio-node-constructor.js,61
./node_modules/standardized-audio-context/build/es2019/types/audio-node-constructor.js.map,148
./node_modules/standardized-audio-context/build/es2019/types/audio-node-output-connection.d.ts,234
./node_modules/standardized-audio-context/build/es2019/types/audio-node-output-connection.d.ts.map,345
./node_modules/standardized-audio-context/build/es2019/types/audio-node-output-connection.js,67
./node_modules/standardized-audio-context/build/es2019/types/audio-node-output-connection.js.map,160
./node_modules/standardized-audio-context/build/es2019/types/audio-node-renderer.d.ts,392
./node_modules/standardized-audio-context/build/es2019/types/audio-node-renderer.d.ts.map,453
./node_modules/standardized-audio-context/build/es2019/types/audio-node-renderer.js,58
./node_modules/standardized-audio-context/build/es2019/types/audio-node-renderer.js.map,142
./node_modules/standardized-audio-context/build/es2019/types/audio-node-store.d.ts,310
./node_modules/standardized-audio-context/build/es2019/types/audio-node-store.d.ts.map,365
./node_modules/standardized-audio-context/build/es2019/types/audio-node-store.js,55
./node_modules/standardized-audio-context/build/es2019/types/audio-node-store.js.map,136
./node_modules/standardized-audio-context/build/es2019/types/audio-node-tail-time-store.d.ts,215
./node_modules/standardized-audio-context/build/es2019/types/audio-node-tail-time-store.d.ts.map,316
./node_modules/standardized-audio-context/build/es2019/types/audio-node-tail-time-store.js,65
./node_modules/standardized-audio-context/build/es2019/types/audio-node-tail-time-store.js.map,156
./node_modules/standardized-audio-context/build/es2019/types/audio-param-audio-node-store.d.ts,237
./node_modules/standardized-audio-context/build/es2019/types/audio-param-audio-node-store.d.ts.map,330
./node_modules/standardized-audio-context/build/es2019/types/audio-param-audio-node-store.js,67
./node_modules/standardized-audio-context/build/es2019/types/audio-param-audio-node-store.js.map,160
./node_modules/standardized-audio-context/build/es2019/types/audio-param-connections-store.d.ts,308
./node_modules/standardized-audio-context/build/es2019/types/audio-param-connections-store.d.ts.map,369
./node_modules/standardized-audio-context/build/es2019/types/audio-param-connections-store.js,68
./node_modules/standardized-audio-context/build/es2019/types/audio-param-connections-store.js.map,162
./node_modules/standardized-audio-context/build/es2019/types/audio-param-connections.d.ts,677
./node_modules/standardized-audio-context/build/es2019/types/audio-param-connections.d.ts.map,645
./node_modules/standardized-audio-context/build/es2019/types/audio-param-connections.js,62
./node_modules/standardized-audio-context/build/es2019/types/audio-param-connections.js.map,150
./node_modules/standardized-audio-context/build/es2019/types/audio-param-factory-factory.d.ts,2274
./node_modules/standardized-audio-context/build/es2019/types/audio-param-factory-factory.d.ts.map,1095
./node_modules/standardized-audio-context/build/es2019/types/audio-param-factory-factory.js,66
./node_modules/standardized-audio-context/build/es2019/types/audio-param-factory-factory.js.map,158
./node_modules/standardized-audio-context/build/es2019/types/audio-param-factory.d.ts,431
./node_modules/standardized-audio-context/build/es2019/types/audio-param-factory.d.ts.map,499
./node_modules/standardized-audio-context/build/es2019/types/audio-param-factory.js,58
./node_modules/standardized-audio-context/build/es2019/types/audio-param-factory.js.map,142
./node_modules/standardized-audio-context/build/es2019/types/audio-param-map.d.ts,168
./node_modules/standardized-audio-context/build/es2019/types/audio-param-map.d.ts.map,246
./node_modules/standardized-audio-context/build/es2019/types/audio-param-map.js,54
./node_modules/standardized-audio-context/build/es2019/types/audio-param-map.js.map,134
./node_modules/standardized-audio-context/build/es2019/types/audio-param-output-connection.d.ts,169
./node_modules/standardized-audio-context/build/es2019/types/audio-param-output-connection.d.ts.map,261
./node_modules/standardized-audio-context/build/es2019/types/audio-param-output-connection.js,68
./node_modules/standardized-audio-context/build/es2019/types/audio-param-output-connection.js.map,162
./node_modules/standardized-audio-context/build/es2019/types/audio-param-renderer-factory.d.ts,276
./node_modules/standardized-audio-context/build/es2019/types/audio-param-renderer-factory.d.ts.map,317
./node_modules/standardized-audio-context/build/es2019/types/audio-param-renderer-factory.js,67
./node_modules/standardized-audio-context/build/es2019/types/audio-param-renderer-factory.js.map,160
./node_modules/standardized-audio-context/build/es2019/types/audio-param-store.d.ts,222
./node_modules/standardized-audio-context/build/es2019/types/audio-param-store.d.ts.map,289
./node_modules/standardized-audio-context/build/es2019/types/audio-param-store.js,56
./node_modules/standardized-audio-context/build/es2019/types/audio-param-store.js.map,138
./node_modules/standardized-audio-context/build/es2019/types/audio-worklet-node-constructor-factory.d.ts,2397
./node_modules/standardized-audio-context/build/es2019/types/audio-worklet-node-constructor-factory.d.ts.map,1261
./node_modules/standardized-audio-context/build/es2019/types/audio-worklet-node-constructor-factory.js,77
./node_modules/standardized-audio-context/build/es2019/types/audio-worklet-node-constructor-factory.js.map,180
./node_modules/standardized-audio-context/build/es2019/types/audio-worklet-node-constructor.d.ts,339
./node_modules/standardized-audio-context/build/es2019/types/audio-worklet-node-constructor.d.ts.map,424
./node_modules/standardized-audio-context/build/es2019/types/audio-worklet-node-constructor.js,69
./node_modules/standardized-audio-context/build/es2019/types/audio-worklet-node-constructor.js.map,164
./node_modules/standardized-audio-context/build/es2019/types/audio-worklet-node-renderer-factory-factory.d.ts,2740
./node_modules/standardized-audio-context/build/es2019/types/audio-worklet-node-renderer-factory-factory.d.ts.map,1421
./node_modules/standardized-audio-context/build/es2019/types/audio-worklet-node-renderer-factory-factory.js,82
./node_modules/standardized-audio-context/build/es2019/types/audio-worklet-node-renderer-factory-factory.js.map,190
./node_modules/standardized-audio-context/build/es2019/types/audio-worklet-node-renderer-factory.d.ts,524
./node_modules/standardized-audio-context/build/es2019/types/audio-worklet-node-renderer-factory.d.ts.map,483
./node_modules/standardized-audio-context/build/es2019/types/audio-worklet-node-renderer-factory.js,74
./node_modules/standardized-audio-context/build/es2019/types/audio-worklet-node-renderer-factory.js.map,174
./node_modules/standardized-audio-context/build/es2019/types/backup-offline-audio-context-store.d.ts,307
./node_modules/standardized-audio-context/build/es2019/types/backup-offline-audio-context-store.d.ts.map,329
./node_modules/standardized-audio-context/build/es2019/types/backup-offline-audio-context-store.js,73
./node_modules/standardized-audio-context/build/es2019/types/backup-offline-audio-context-store.js.map,172
./node_modules/standardized-audio-context/build/es2019/types/base-audio-context-constructor-factory.d.ts,2936
./node_modules/standardized-audio-context/build/es2019/types/base-audio-context-constructor-factory.d.ts.map,1679
./node_modules/standardized-audio-context/build/es2019/types/base-audio-context-constructor-factory.js,77
./node_modules/standardized-audio-context/build/es2019/types/base-audio-context-constructor-factory.js.map,180
./node_modules/standardized-audio-context/build/es2019/types/base-audio-context-constructor.d.ts,350
./node_modules/standardized-audio-context/build/es2019/types/base-audio-context-constructor.d.ts.map,416
./node_modules/standardized-audio-context/build/es2019/types/base-audio-context-constructor.js,69
./node_modules/standardized-audio-context/build/es2019/types/base-audio-context-constructor.js.map,164
./node_modules/standardized-audio-context/build/es2019/types/biquad-filter-node-constructor-factory.d.ts,1301
./node_modules/standardized-audio-context/build/es2019/types/biquad-filter-node-constructor-factory.d.ts.map,831
./node_modules/standardized-audio-context/build/es2019/types/biquad-filter-node-constructor-factory.js,77
./node_modules/standardized-audio-context/build/es2019/types/biquad-filter-node-constructor-factory.js.map,180
./node_modules/standardized-audio-context/build/es2019/types/biquad-filter-node-constructor.d.ts,317
./node_modules/standardized-audio-context/build/es2019/types/biquad-filter-node-constructor.d.ts.map,404
./node_modules/standardized-audio-context/build/es2019/types/biquad-filter-node-constructor.js,69
./node_modules/standardized-audio-context/build/es2019/types/biquad-filter-node-constructor.js.map,164
./node_modules/standardized-audio-context/build/es2019/types/biquad-filter-node-renderer-factory-factory.d.ts,925
./node_modules/standardized-audio-context/build/es2019/types/biquad-filter-node-renderer-factory-factory.d.ts.map,631
./node_modules/standardized-audio-context/build/es2019/types/biquad-filter-node-renderer-factory-factory.js,82
./node_modules/standardized-audio-context/build/es2019/types/biquad-filter-node-renderer-factory-factory.js.map,190
./node_modules/standardized-audio-context/build/es2019/types/biquad-filter-node-renderer-factory.d.ts,347
./node_modules/standardized-audio-context/build/es2019/types/biquad-filter-node-renderer-factory.d.ts.map,376
./node_modules/standardized-audio-context/build/es2019/types/biquad-filter-node-renderer-factory.js,74
./node_modules/standardized-audio-context/build/es2019/types/biquad-filter-node-renderer-factory.js.map,174
./node_modules/standardized-audio-context/build/es2019/types/biquad-filter-type.d.ts,178
./node_modules/standardized-audio-context/build/es2019/types/biquad-filter-type.d.ts.map,248
./node_modules/standardized-audio-context/build/es2019/types/biquad-filter-type.js,57
./node_modules/standardized-audio-context/build/es2019/types/biquad-filter-type.js.map,140
./node_modules/standardized-audio-context/build/es2019/types/cache-test-result-factory.d.ts,280
./node_modules/standardized-audio-context/build/es2019/types/cache-test-result-factory.d.ts.map,352
./node_modules/standardized-audio-context/build/es2019/types/cache-test-result-factory.js,64
./node_modules/standardized-audio-context/build/es2019/types/cache-test-result-factory.js.map,154
./node_modules/standardized-audio-context/build/es2019/types/cache-test-result-function.d.ts,183
./node_modules/standardized-audio-context/build/es2019/types/cache-test-result-function.d.ts.map,294
./node_modules/standardized-audio-context/build/es2019/types/cache-test-result-function.js,65
./node_modules/standardized-audio-context/build/es2019/types/cache-test-result-function.js.map,156
./node_modules/standardized-audio-context/build/es2019/types/channel-count-mode.d.ts,116
./node_modules/standardized-audio-context/build/es2019/types/channel-count-mode.d.ts.map,198
./node_modules/standardized-audio-context/build/es2019/types/channel-count-mode.js,57
./node_modules/standardized-audio-context/build/es2019/types/channel-count-mode.js.map,140
./node_modules/standardized-audio-context/build/es2019/types/channel-interpretation.d.ts,114
./node_modules/standardized-audio-context/build/es2019/types/channel-interpretation.d.ts.map,196
./node_modules/standardized-audio-context/build/es2019/types/channel-interpretation.js,61
./node_modules/standardized-audio-context/build/es2019/types/channel-interpretation.js.map,148
./node_modules/standardized-audio-context/build/es2019/types/channel-merger-node-constructor-factory.d.ts,947
./node_modules/standardized-audio-context/build/es2019/types/channel-merger-node-constructor-factory.d.ts.map,623
./node_modules/standardized-audio-context/build/es2019/types/channel-merger-node-constructor-factory.js,78
./node_modules/standardized-audio-context/build/es2019/types/channel-merger-node-constructor-factory.js.map,182
./node_modules/standardized-audio-context/build/es2019/types/channel-merger-node-constructor.d.ts,307
./node_modules/standardized-audio-context/build/es2019/types/channel-merger-node-constructor.d.ts.map,400
./node_modules/standardized-audio-context/build/es2019/types/channel-merger-node-constructor.js,70
./node_modules/standardized-audio-context/build/es2019/types/channel-merger-node-constructor.js.map,166
./node_modules/standardized-audio-context/build/es2019/types/channel-merger-node-renderer-factory-factory.d.ts,691
./node_modules/standardized-audio-context/build/es2019/types/channel-merger-node-renderer-factory-factory.d.ts.map,493
./node_modules/standardized-audio-context/build/es2019/types/channel-merger-node-renderer-factory-factory.js,83
./node_modules/standardized-audio-context/build/es2019/types/channel-merger-node-renderer-factory-factory.js.map,192
./node_modules/standardized-audio-context/build/es2019/types/channel-merger-node-renderer-factory.d.ts,335
./node_modules/standardized-audio-context/build/es2019/types/channel-merger-node-renderer-factory.d.ts.map,374
./node_modules/standardized-audio-context/build/es2019/types/channel-merger-node-renderer-factory.js,75
./node_modules/standardized-audio-context/build/es2019/types/channel-merger-node-renderer-factory.js.map,176
./node_modules/standardized-audio-context/build/es2019/types/channel-splitter-node-constructor-factory.d.ts,1150
./node_modules/standardized-audio-context/build/es2019/types/channel-splitter-node-constructor-factory.d.ts.map,697
./node_modules/standardized-audio-context/build/es2019/types/channel-splitter-node-constructor-factory.js,80
./node_modules/standardized-audio-context/build/es2019/types/channel-splitter-node-constructor-factory.js.map,186
./node_modules/standardized-audio-context/build/es2019/types/channel-splitter-node-constructor.d.ts,315
./node_modules/standardized-audio-context/build/es2019/types/channel-splitter-node-constructor.d.ts.map,406
./node_modules/standardized-audio-context/build/es2019/types/channel-splitter-node-constructor.js,72
./node_modules/standardized-audio-context/build/es2019/types/channel-splitter-node-constructor.js.map,170
./node_modules/standardized-audio-context/build/es2019/types/channel-splitter-node-renderer-factory-factory.d.ts,709
./node_modules/standardized-audio-context/build/es2019/types/channel-splitter-node-renderer-factory-factory.d.ts.map,497
./node_modules/standardized-audio-context/build/es2019/types/channel-splitter-node-renderer-factory-factory.js,85
./node_modules/standardized-audio-context/build/es2019/types/channel-splitter-node-renderer-factory-factory.js.map,196
./node_modules/standardized-audio-context/build/es2019/types/channel-splitter-node-renderer-factory.d.ts,339
./node_modules/standardized-audio-context/build/es2019/types/channel-splitter-node-renderer-factory.d.ts.map,378
./node_modules/standardized-audio-context/build/es2019/types/channel-splitter-node-renderer-factory.js,77
./node_modules/standardized-audio-context/build/es2019/types/channel-splitter-node-renderer-factory.js.map,180
./node_modules/standardized-audio-context/build/es2019/types/connect-audio-param-factory.d.ts,360
./node_modules/standardized-audio-context/build/es2019/types/connect-audio-param-factory.d.ts.map,317
./node_modules/standardized-audio-context/build/es2019/types/connect-audio-param-factory.js,66
./node_modules/standardized-audio-context/build/es2019/types/connect-audio-param-factory.js.map,158
./node_modules/standardized-audio-context/build/es2019/types/connect-audio-param-function.d.ts,415
./node_modules/standardized-audio-context/build/es2019/types/connect-audio-param-function.d.ts.map,421
./node_modules/standardized-audio-context/build/es2019/types/connect-audio-param-function.js,67
./node_modules/standardized-audio-context/build/es2019/types/connect-audio-param-function.js.map,160
./node_modules/standardized-audio-context/build/es2019/types/connect-multiple-outputs-factory.d.ts,346
./node_modules/standardized-audio-context/build/es2019/types/connect-multiple-outputs-factory.d.ts.map,327
./node_modules/standardized-audio-context/build/es2019/types/connect-multiple-outputs-factory.js,71
./node_modules/standardized-audio-context/build/es2019/types/connect-multiple-outputs-factory.js.map,168
./node_modules/standardized-audio-context/build/es2019/types/connect-multiple-outputs-function.d.ts,374
./node_modules/standardized-audio-context/build/es2019/types/connect-multiple-outputs-function.d.ts.map,431
./node_modules/standardized-audio-context/build/es2019/types/connect-multiple-outputs-function.js,72
./node_modules/standardized-audio-context/build/es2019/types/connect-multiple-outputs-function.js.map,170
./node_modules/standardized-audio-context/build/es2019/types/connect-native-audio-node-to-native-audio-node-function.d.ts,465
./node_modules/standardized-audio-context/build/es2019/types/connect-native-audio-node-to-native-audio-node-function.d.ts.map,492
./node_modules/standardized-audio-context/build/es2019/types/connect-native-audio-node-to-native-audio-node-function.js,94
./node_modules/standardized-audio-context/build/es2019/types/connect-native-audio-node-to-native-audio-node-function.js.map,214
./node_modules/standardized-audio-context/build/es2019/types/connected-native-audio-buffer-source-node-factory-factory.d.ts,488
./node_modules/standardized-audio-context/build/es2019/types/connected-native-audio-buffer-source-node-factory-factory.d.ts.map,379
./node_modules/standardized-audio-context/build/es2019/types/connected-native-audio-buffer-source-node-factory-factory.js,96
./node_modules/standardized-audio-context/build/es2019/types/connected-native-audio-buffer-source-node-factory-factory.js.map,218
./node_modules/standardized-audio-context/build/es2019/types/connected-native-audio-buffer-source-node-factory.d.ts,327
./node_modules/standardized-audio-context/build/es2019/types/connected-native-audio-buffer-source-node-factory.d.ts.map,380
./node_modules/standardized-audio-context/build/es2019/types/connected-native-audio-buffer-source-node-factory.js,88
./node_modules/standardized-audio-context/build/es2019/types/connected-native-audio-buffer-source-node-factory.js.map,202
./node_modules/standardized-audio-context/build/es2019/types/constant-source-node-constructor-factory.d.ts,1182
./node_modules/standardized-audio-context/build/es2019/types/constant-source-node-constructor-factory.d.ts.map,765
./node_modules/standardized-audio-context/build/es2019/types/constant-source-node-constructor-factory.js,79
./node_modules/standardized-audio-context/build/es2019/types/constant-source-node-constructor-factory.js.map,184
./node_modules/standardized-audio-context/build/es2019/types/constant-source-node-constructor.d.ts,329
./node_modules/standardized-audio-context/build/es2019/types/constant-source-node-constructor.d.ts.map,408
./node_modules/standardized-audio-context/build/es2019/types/constant-source-node-constructor.js,71
./node_modules/standardized-audio-context/build/es2019/types/constant-source-node-constructor.js.map,168
./node_modules/standardized-audio-context/build/es2019/types/constant-source-node-renderer-factory-factory.d.ts,943
./node_modules/standardized-audio-context/build/es2019/types/constant-source-node-renderer-factory-factory.d.ts.map,635
./node_modules/standardized-audio-context/build/es2019/types/constant-source-node-renderer-factory-factory.js,84
./node_modules/standardized-audio-context/build/es2019/types/constant-source-node-renderer-factory-factory.js.map,194
./node_modules/standardized-audio-context/build/es2019/types/constant-source-node-renderer-factory.d.ts,328
./node_modules/standardized-audio-context/build/es2019/types/constant-source-node-renderer-factory.d.ts.map,341
./node_modules/standardized-audio-context/build/es2019/types/constant-source-node-renderer-factory.js,76
./node_modules/standardized-audio-context/build/es2019/types/constant-source-node-renderer-factory.js.map,178
./node_modules/standardized-audio-context/build/es2019/types/constant-source-node-renderer.d.ts,373
./node_modules/standardized-audio-context/build/es2019/types/constant-source-node-renderer.d.ts.map,391
./node_modules/standardized-audio-context/build/es2019/types/constant-source-node-renderer.js,68
./node_modules/standardized-audio-context/build/es2019/types/constant-source-node-renderer.js.map,162
./node_modules/standardized-audio-context/build/es2019/types/constructor.d.ts,116
./node_modules/standardized-audio-context/build/es2019/types/constructor.d.ts.map,227
./node_modules/standardized-audio-context/build/es2019/types/constructor.js,50
./node_modules/standardized-audio-context/build/es2019/types/constructor.js.map,126
./node_modules/standardized-audio-context/build/es2019/types/context-store.d.ts,195
./node_modules/standardized-audio-context/build/es2019/types/context-store.d.ts.map,275
./node_modules/standardized-audio-context/build/es2019/types/context-store.js,52
./node_modules/standardized-audio-context/build/es2019/types/context-store.js.map,130
./node_modules/standardized-audio-context/build/es2019/types/context.d.ts,271
./node_modules/standardized-audio-context/build/es2019/types/context.d.ts.map,267
./node_modules/standardized-audio-context/build/es2019/types/context.js,46
./node_modules/standardized-audio-context/build/es2019/types/context.js.map,118
./node_modules/standardized-audio-context/build/es2019/types/convert-number-to-unsigned-long-factory.d.ts,286
./node_modules/standardized-audio-context/build/es2019/types/convert-number-to-unsigned-long-factory.d.ts.map,292
./node_modules/standardized-audio-context/build/es2019/types/convert-number-to-unsigned-long-factory.js,78
./node_modules/standardized-audio-context/build/es2019/types/convert-number-to-unsigned-long-factory.js.map,182
./node_modules/standardized-audio-context/build/es2019/types/convert-number-to-unsigned-long-function.d.ts,148
./node_modules/standardized-audio-context/build/es2019/types/convert-number-to-unsigned-long-function.d.ts.map,247
./node_modules/standardized-audio-context/build/es2019/types/convert-number-to-unsigned-long-function.js,79
./node_modules/standardized-audio-context/build/es2019/types/convert-number-to-unsigned-long-function.js.map,184
./node_modules/standardized-audio-context/build/es2019/types/convolver-node-constructor-factory.d.ts,1029
./node_modules/standardized-audio-context/build/es2019/types/convolver-node-constructor-factory.d.ts.map,683
./node_modules/standardized-audio-context/build/es2019/types/convolver-node-constructor-factory.js,73
./node_modules/standardized-audio-context/build/es2019/types/convolver-node-constructor-factory.js.map,172
./node_modules/standardized-audio-context/build/es2019/types/convolver-node-constructor.d.ts,298
./node_modules/standardized-audio-context/build/es2019/types/convolver-node-constructor.d.ts.map,390
./node_modules/standardized-audio-context/build/es2019/types/convolver-node-constructor.js,65
./node_modules/standardized-audio-context/build/es2019/types/convolver-node-constructor.js.map,156
./node_modules/standardized-audio-context/build/es2019/types/convolver-node-renderer-factory-factory.d.ts,652
./node_modules/standardized-audio-context/build/es2019/types/convolver-node-renderer-factory-factory.d.ts.map,483
./node_modules/standardized-audio-context/build/es2019/types/convolver-node-renderer-factory-factory.js,78
./node_modules/standardized-audio-context/build/es2019/types/convolver-node-renderer-factory-factory.js.map,182
./node_modules/standardized-audio-context/build/es2019/types/convolver-node-renderer-factory.d.ts,334
./node_modules/standardized-audio-context/build/es2019/types/convolver-node-renderer-factory.d.ts.map,364
./node_modules/standardized-audio-context/build/es2019/types/convolver-node-renderer-factory.js,70
./node_modules/standardized-audio-context/build/es2019/types/convolver-node-renderer-factory.js.map,166
./node_modules/standardized-audio-context/build/es2019/types/create-native-offline-audio-context-factory.d.ts,591
./node_modules/standardized-audio-context/build/es2019/types/create-native-offline-audio-context-factory.d.ts.map,431
./node_modules/standardized-audio-context/build/es2019/types/create-native-offline-audio-context-factory.js,82
./node_modules/standardized-audio-context/build/es2019/types/create-native-offline-audio-context-factory.js.map,190
./node_modules/standardized-audio-context/build/es2019/types/create-native-offline-audio-context-function.d.ts,300
./node_modules/standardized-audio-context/build/es2019/types/create-native-offline-audio-context-function.d.ts.map,347
./node_modules/standardized-audio-context/build/es2019/types/create-native-offline-audio-context-function.js,83
./node_modules/standardized-audio-context/build/es2019/types/create-native-offline-audio-context-function.js.map,192
./node_modules/standardized-audio-context/build/es2019/types/cycle-counters.d.ts,194
./node_modules/standardized-audio-context/build/es2019/types/cycle-counters.d.ts.map,290
./node_modules/standardized-audio-context/build/es2019/types/cycle-counters.js,53
./node_modules/standardized-audio-context/build/es2019/types/cycle-counters.js.map,132
./node_modules/standardized-audio-context/build/es2019/types/data-clone-error-factory.d.ts,111
./node_modules/standardized-audio-context/build/es2019/types/data-clone-error-factory.d.ts.map,195
./node_modules/standardized-audio-context/build/es2019/types/data-clone-error-factory.js,63
./node_modules/standardized-audio-context/build/es2019/types/data-clone-error-factory.js.map,152
./node_modules/standardized-audio-context/build/es2019/types/decode-audio-data-factory.d.ts,1621
./node_modules/standardized-audio-context/build/es2019/types/decode-audio-data-factory.d.ts.map,1027
./node_modules/standardized-audio-context/build/es2019/types/decode-audio-data-factory.js,64
./node_modules/standardized-audio-context/build/es2019/types/decode-audio-data-factory.js.map,154
./node_modules/standardized-audio-context/build/es2019/types/decode-audio-data-function.d.ts,262
./node_modules/standardized-audio-context/build/es2019/types/decode-audio-data-function.d.ts.map,336
./node_modules/standardized-audio-context/build/es2019/types/decode-audio-data-function.js,65
./node_modules/standardized-audio-context/build/es2019/types/decode-audio-data-function.js.map,156
./node_modules/standardized-audio-context/build/es2019/types/decode-error-callback.d.ts,129
./node_modules/standardized-audio-context/build/es2019/types/decode-error-callback.d.ts.map,219
./node_modules/standardized-audio-context/build/es2019/types/decode-error-callback.js,60
./node_modules/standardized-audio-context/build/es2019/types/decode-error-callback.js.map,146
./node_modules/standardized-audio-context/build/es2019/types/decode-success-callback.d.ts,173
./node_modules/standardized-audio-context/build/es2019/types/decode-success-callback.d.ts.map,254
./node_modules/standardized-audio-context/build/es2019/types/decode-success-callback.js,62
./node_modules/standardized-audio-context/build/es2019/types/decode-success-callback.js.map,150
./node_modules/standardized-audio-context/build/es2019/types/decrement-cycle-counter-factory.d.ts,1347
./node_modules/standardized-audio-context/build/es2019/types/decrement-cycle-counter-factory.d.ts.map,811
./node_modules/standardized-audio-context/build/es2019/types/decrement-cycle-counter-factory.js,70
./node_modules/standardized-audio-context/build/es2019/types/decrement-cycle-counter-factory.js.map,166
./node_modules/standardized-audio-context/build/es2019/types/decrement-cycle-counter-function.d.ts,260
./node_modules/standardized-audio-context/build/es2019/types/decrement-cycle-counter-function.d.ts.map,368
./node_modules/standardized-audio-context/build/es2019/types/decrement-cycle-counter-function.js,71
./node_modules/standardized-audio-context/build/es2019/types/decrement-cycle-counter-function.js.map,168
./node_modules/standardized-audio-context/build/es2019/types/delay-node-constructor-factory.d.ts,1075
./node_modules/standardized-audio-context/build/es2019/types/delay-node-constructor-factory.d.ts.map,745
./node_modules/standardized-audio-context/build/es2019/types/delay-node-constructor-factory.js,69
./node_modules/standardized-audio-context/build/es2019/types/delay-node-constructor-factory.js.map,164
./node_modules/standardized-audio-context/build/es2019/types/delay-node-constructor.d.ts,274
./node_modules/standardized-audio-context/build/es2019/types/delay-node-constructor.d.ts.map,378
./node_modules/standardized-audio-context/build/es2019/types/delay-node-constructor.js,61
./node_modules/standardized-audio-context/build/es2019/types/delay-node-constructor.js.map,148
./node_modules/standardized-audio-context/build/es2019/types/delay-node-renderer-factory-factory.d.ts,859
./node_modules/standardized-audio-context/build/es2019/types/delay-node-renderer-factory-factory.d.ts.map,615
./node_modules/standardized-audio-context/build/es2019/types/delay-node-renderer-factory-factory.js,74
./node_modules/standardized-audio-context/build/es2019/types/delay-node-renderer-factory-factory.js.map,174
./node_modules/standardized-audio-context/build/es2019/types/delay-node-renderer-factory.d.ts,338
./node_modules/standardized-audio-context/build/es2019/types/delay-node-renderer-factory.d.ts.map,376
./node_modules/standardized-audio-context/build/es2019/types/delay-node-renderer-factory.js,66
./node_modules/standardized-audio-context/build/es2019/types/delay-node-renderer-factory.js.map,158
./node_modules/standardized-audio-context/build/es2019/types/delete-active-input-connection-to-audio-node-factory.d.ts,448
./node_modules/standardized-audio-context/build/es2019/types/delete-active-input-connection-to-audio-node-factory.d.ts.map,369
./node_modules/standardized-audio-context/build/es2019/types/delete-active-input-connection-to-audio-node-factory.js,91
./node_modules/standardized-audio-context/build/es2019/types/delete-active-input-connection-to-audio-node-factory.js.map,208
./node_modules/standardized-audio-context/build/es2019/types/delete-active-input-connection-to-audio-node-function.d.ts,448
./node_modules/standardized-audio-context/build/es2019/types/delete-active-input-connection-to-audio-node-function.d.ts.map,552
./node_modules/standardized-audio-context/build/es2019/types/delete-active-input-connection-to-audio-node-function.js,92
./node_modules/standardized-audio-context/build/es2019/types/delete-active-input-connection-to-audio-node-function.js.map,210
./node_modules/standardized-audio-context/build/es2019/types/delete-unrendered-audio-worklet-node-factory.d.ts,463
./node_modules/standardized-audio-context/build/es2019/types/delete-unrendered-audio-worklet-node-factory.d.ts.map,353
./node_modules/standardized-audio-context/build/es2019/types/delete-unrendered-audio-worklet-node-factory.js,83
./node_modules/standardized-audio-context/build/es2019/types/delete-unrendered-audio-worklet-node-factory.js.map,192
./node_modules/standardized-audio-context/build/es2019/types/delete-unrendered-audio-worklet-node-function.d.ts,427
./node_modules/standardized-audio-context/build/es2019/types/delete-unrendered-audio-worklet-node-function.d.ts.map,443
./node_modules/standardized-audio-context/build/es2019/types/delete-unrendered-audio-worklet-node-function.js,84
./node_modules/standardized-audio-context/build/es2019/types/delete-unrendered-audio-worklet-node-function.js.map,194
./node_modules/standardized-audio-context/build/es2019/types/detect-cycles-factory.d.ts,570
./node_modules/standardized-audio-context/build/es2019/types/detect-cycles-factory.d.ts.map,445
./node_modules/standardized-audio-context/build/es2019/types/detect-cycles-factory.js,60
./node_modules/standardized-audio-context/build/es2019/types/detect-cycles-factory.js.map,146
./node_modules/standardized-audio-context/build/es2019/types/detect-cycles-function.d.ts,289
./node_modules/standardized-audio-context/build/es2019/types/detect-cycles-function.d.ts.map,416
./node_modules/standardized-audio-context/build/es2019/types/detect-cycles-function.js,61
./node_modules/standardized-audio-context/build/es2019/types/detect-cycles-function.js.map,148
./node_modules/standardized-audio-context/build/es2019/types/disconnect-multiple-outputs-factory.d.ts,361
./node_modules/standardized-audio-context/build/es2019/types/disconnect-multiple-outputs-factory.d.ts.map,333
./node_modules/standardized-audio-context/build/es2019/types/disconnect-multiple-outputs-factory.js,74
./node_modules/standardized-audio-context/build/es2019/types/disconnect-multiple-outputs-factory.js.map,174
./node_modules/standardized-audio-context/build/es2019/types/disconnect-multiple-outputs-function.d.ts,377
./node_modules/standardized-audio-context/build/es2019/types/disconnect-multiple-outputs-function.d.ts.map,442
./node_modules/standardized-audio-context/build/es2019/types/disconnect-multiple-outputs-function.js,75
./node_modules/standardized-audio-context/build/es2019/types/disconnect-multiple-outputs-function.js.map,176
./node_modules/standardized-audio-context/build/es2019/types/disconnect-native-audio-node-from-native-audio-node-function.d.ts,445
./node_modules/standardized-audio-context/build/es2019/types/disconnect-native-audio-node-from-native-audio-node-function.d.ts.map,470
./node_modules/standardized-audio-context/build/es2019/types/disconnect-native-audio-node-from-native-audio-node-function.js,99
./node_modules/standardized-audio-context/build/es2019/types/disconnect-native-audio-node-from-native-audio-node-function.js.map,224
./node_modules/standardized-audio-context/build/es2019/types/distance-model-type.d.ts,120
./node_modules/standardized-audio-context/build/es2019/types/distance-model-type.d.ts.map,200
./node_modules/standardized-audio-context/build/es2019/types/distance-model-type.js,58
./node_modules/standardized-audio-context/build/es2019/types/distance-model-type.js.map,142
./node_modules/standardized-audio-context/build/es2019/types/dynamics-compressor-node-constructor-factory.d.ts,1375
./node_modules/standardized-audio-context/build/es2019/types/dynamics-compressor-node-constructor-factory.d.ts.map,843
./node_modules/standardized-audio-context/build/es2019/types/dynamics-compressor-node-constructor-factory.js,83
./node_modules/standardized-audio-context/build/es2019/types/dynamics-compressor-node-constructor-factory.js.map,192
./node_modules/standardized-audio-context/build/es2019/types/dynamics-compressor-node-constructor.d.ts,353
./node_modules/standardized-audio-context/build/es2019/types/dynamics-compressor-node-constructor.d.ts.map,416
./node_modules/standardized-audio-context/build/es2019/types/dynamics-compressor-node-constructor.js,75
./node_modules/standardized-audio-context/build/es2019/types/dynamics-compressor-node-constructor.js.map,176
./node_modules/standardized-audio-context/build/es2019/types/dynamics-compressor-node-renderer-factory-factory.d.ts,979
./node_modules/standardized-audio-context/build/es2019/types/dynamics-compressor-node-renderer-factory-factory.d.ts.map,643
./node_modules/standardized-audio-context/build/es2019/types/dynamics-compressor-node-renderer-factory-factory.js,88
./node_modules/standardized-audio-context/build/es2019/types/dynamics-compressor-node-renderer-factory-factory.js.map,202
./node_modules/standardized-audio-context/build/es2019/types/dynamics-compressor-node-renderer-factory.d.ts,371
./node_modules/standardized-audio-context/build/es2019/types/dynamics-compressor-node-renderer-factory.d.ts.map,388
./node_modules/standardized-audio-context/build/es2019/types/dynamics-compressor-node-renderer-factory.js,80
./node_modules/standardized-audio-context/build/es2019/types/dynamics-compressor-node-renderer-factory.js.map,186
./node_modules/standardized-audio-context/build/es2019/types/encoding-error-factory.d.ts,108
./node_modules/standardized-audio-context/build/es2019/types/encoding-error-factory.d.ts.map,191
./node_modules/standardized-audio-context/build/es2019/types/encoding-error-factory.js,61
./node_modules/standardized-audio-context/build/es2019/types/encoding-error-factory.js.map,148
./node_modules/standardized-audio-context/build/es2019/types/error-event-handler.d.ts,164
./node_modules/standardized-audio-context/build/es2019/types/error-event-handler.d.ts.map,258
./node_modules/standardized-audio-context/build/es2019/types/error-event-handler.js,58
./node_modules/standardized-audio-context/build/es2019/types/error-event-handler.js.map,142
./node_modules/standardized-audio-context/build/es2019/types/evaluate-audio-worklet-global-scope-function.d.ts,455
./node_modules/standardized-audio-context/build/es2019/types/evaluate-audio-worklet-global-scope-function.d.ts.map,487
./node_modules/standardized-audio-context/build/es2019/types/evaluate-audio-worklet-global-scope-function.js,83
./node_modules/standardized-audio-context/build/es2019/types/evaluate-audio-worklet-global-scope-function.js.map,192
./node_modules/standardized-audio-context/build/es2019/types/evaluate-source-factory.d.ts,249
./node_modules/standardized-audio-context/build/es2019/types/evaluate-source-factory.d.ts.map,311
./node_modules/standardized-audio-context/build/es2019/types/evaluate-source-factory.js,62
./node_modules/standardized-audio-context/build/es2019/types/evaluate-source-factory.js.map,150
./node_modules/standardized-audio-context/build/es2019/types/evaluate-source-function.d.ts,127
./node_modules/standardized-audio-context/build/es2019/types/evaluate-source-function.d.ts.map,230
./node_modules/standardized-audio-context/build/es2019/types/evaluate-source-function.js,63
./node_modules/standardized-audio-context/build/es2019/types/evaluate-source-function.js.map,152
./node_modules/standardized-audio-context/build/es2019/types/event-handler.d.ts,160
./node_modules/standardized-audio-context/build/es2019/types/event-handler.d.ts.map,301
./node_modules/standardized-audio-context/build/es2019/types/event-handler.js,52
./node_modules/standardized-audio-context/build/es2019/types/event-handler.js.map,130
./node_modules/standardized-audio-context/build/es2019/types/event-target-constructor-factory.d.ts,330
./node_modules/standardized-audio-context/build/es2019/types/event-target-constructor-factory.d.ts.map,327
./node_modules/standardized-audio-context/build/es2019/types/event-target-constructor-factory.js,71
./node_modules/standardized-audio-context/build/es2019/types/event-target-constructor-factory.js.map,168
./node_modules/standardized-audio-context/build/es2019/types/event-target-constructor.d.ts,309
./node_modules/standardized-audio-context/build/es2019/types/event-target-constructor.d.ts.map,367
./node_modules/standardized-audio-context/build/es2019/types/event-target-constructor.js,63
./node_modules/standardized-audio-context/build/es2019/types/event-target-constructor.js.map,152
./node_modules/standardized-audio-context/build/es2019/types/expose-current-frame-and-current-time-factory.d.ts,347
./node_modules/standardized-audio-context/build/es2019/types/expose-current-frame-and-current-time-factory.d.ts.map,355
./node_modules/standardized-audio-context/build/es2019/types/expose-current-frame-and-current-time-factory.js,84
./node_modules/standardized-audio-context/build/es2019/types/expose-current-frame-and-current-time-factory.js.map,194
./node_modules/standardized-audio-context/build/es2019/types/expose-current-frame-and-current-time-function.d.ts,196
./node_modules/standardized-audio-context/build/es2019/types/expose-current-frame-and-current-time-function.d.ts.map,314
./node_modules/standardized-audio-context/build/es2019/types/expose-current-frame-and-current-time-function.js,85
./node_modules/standardized-audio-context/build/es2019/types/expose-current-frame-and-current-time-function.js.map,196
./node_modules/standardized-audio-context/build/es2019/types/fetch-source-factory.d.ts,272
./node_modules/standardized-audio-context/build/es2019/types/fetch-source-factory.d.ts.map,303
./node_modules/standardized-audio-context/build/es2019/types/fetch-source-factory.js,59
./node_modules/standardized-audio-context/build/es2019/types/fetch-source-factory.js.map,144
./node_modules/standardized-audio-context/build/es2019/types/fetch-source-function.d.ts,130
./node_modules/standardized-audio-context/build/es2019/types/fetch-source-function.d.ts.map,244
./node_modules/standardized-audio-context/build/es2019/types/fetch-source-function.js,60
./node_modules/standardized-audio-context/build/es2019/types/fetch-source-function.js.map,146
./node_modules/standardized-audio-context/build/es2019/types/gain-node-constructor-factory.d.ts,924
./node_modules/standardized-audio-context/build/es2019/types/gain-node-constructor-factory.d.ts.map,673
./node_modules/standardized-audio-context/build/es2019/types/gain-node-constructor-factory.js,68
./node_modules/standardized-audio-context/build/es2019/types/gain-node-constructor-factory.js.map,162
./node_modules/standardized-audio-context/build/es2019/types/gain-node-constructor.d.ts,268
./node_modules/standardized-audio-context/build/es2019/types/gain-node-constructor.d.ts.map,376
./node_modules/standardized-audio-context/build/es2019/types/gain-node-constructor.js,60
./node_modules/standardized-audio-context/build/es2019/types/gain-node-constructor.js.map,146
./node_modules/standardized-audio-context/build/es2019/types/gain-node-renderer-factory-factory.d.ts,850
./node_modules/standardized-audio-context/build/es2019/types/gain-node-renderer-factory-factory.d.ts.map,613
./node_modules/standardized-audio-context/build/es2019/types/gain-node-renderer-factory-factory.js,73
./node_modules/standardized-audio-context/build/es2019/types/gain-node-renderer-factory-factory.js.map,172
./node_modules/standardized-audio-context/build/es2019/types/gain-node-renderer-factory.d.ts,314
./node_modules/standardized-audio-context/build/es2019/types/gain-node-renderer-factory.d.ts.map,353
./node_modules/standardized-audio-context/build/es2019/types/gain-node-renderer-factory.js,65
./node_modules/standardized-audio-context/build/es2019/types/gain-node-renderer-factory.js.map,156
./node_modules/standardized-audio-context/build/es2019/types/get-active-audio-worklet-node-inputs-factory.d.ts,561
./node_modules/standardized-audio-context/build/es2019/types/get-active-audio-worklet-node-inputs-factory.d.ts.map,421
./node_modules/standardized-audio-context/build/es2019/types/get-active-audio-worklet-node-inputs-factory.js,83
./node_modules/standardized-audio-context/build/es2019/types/get-active-audio-worklet-node-inputs-factory.js.map,192
./node_modules/standardized-audio-context/build/es2019/types/get-active-audio-worklet-node-inputs-function.d.ts,414
./node_modules/standardized-audio-context/build/es2019/types/get-active-audio-worklet-node-inputs-function.d.ts.map,451
./node_modules/standardized-audio-context/build/es2019/types/get-active-audio-worklet-node-inputs-function.js,84
./node_modules/standardized-audio-context/build/es2019/types/get-active-audio-worklet-node-inputs-function.js.map,194
./node_modules/standardized-audio-context/build/es2019/types/get-audio-node-connections-function.d.ts,336
./node_modules/standardized-audio-context/build/es2019/types/get-audio-node-connections-function.d.ts.map,416
./node_modules/standardized-audio-context/build/es2019/types/get-audio-node-connections-function.js,74
./node_modules/standardized-audio-context/build/es2019/types/get-audio-node-connections-function.js.map,174
./node_modules/standardized-audio-context/build/es2019/types/get-audio-node-renderer-factory.d.ts,372
./node_modules/standardized-audio-context/build/es2019/types/get-audio-node-renderer-factory.d.ts.map,325
./node_modules/standardized-audio-context/build/es2019/types/get-audio-node-renderer-factory.js,70
./node_modules/standardized-audio-context/build/es2019/types/get-audio-node-renderer-factory.js.map,166
./node_modules/standardized-audio-context/build/es2019/types/get-audio-node-renderer-function.d.ts,351
./node_modules/standardized-audio-context/build/es2019/types/get-audio-node-renderer-function.d.ts.map,401
./node_modules/standardized-audio-context/build/es2019/types/get-audio-node-renderer-function.js,71
./node_modules/standardized-audio-context/build/es2019/types/get-audio-node-renderer-function.js.map,168
./node_modules/standardized-audio-context/build/es2019/types/get-audio-node-tail-time-factory.d.ts,346
./node_modules/standardized-audio-context/build/es2019/types/get-audio-node-tail-time-factory.d.ts.map,327
./node_modules/standardized-audio-context/build/es2019/types/get-audio-node-tail-time-factory.js,71
./node_modules/standardized-audio-context/build/es2019/types/get-audio-node-tail-time-factory.js.map,168
./node_modules/standardized-audio-context/build/es2019/types/get-audio-node-tail-time-function.d.ts,247
./node_modules/standardized-audio-context/build/es2019/types/get-audio-node-tail-time-function.d.ts.map,350
./node_modules/standardized-audio-context/build/es2019/types/get-audio-node-tail-time-function.js,72
./node_modules/standardized-audio-context/build/es2019/types/get-audio-node-tail-time-function.js.map,170
./node_modules/standardized-audio-context/build/es2019/types/get-audio-param-connections-function.d.ts,341
./node_modules/standardized-audio-context/build/es2019/types/get-audio-param-connections-function.d.ts.map,403
./node_modules/standardized-audio-context/build/es2019/types/get-audio-param-connections-function.js,75
./node_modules/standardized-audio-context/build/es2019/types/get-audio-param-connections-function.js.map,176
./node_modules/standardized-audio-context/build/es2019/types/get-audio-param-renderer-factory.d.ts,381
./node_modules/standardized-audio-context/build/es2019/types/get-audio-param-renderer-factory.d.ts.map,327
./node_modules/standardized-audio-context/build/es2019/types/get-audio-param-renderer-factory.js,71
./node_modules/standardized-audio-context/build/es2019/types/get-audio-param-renderer-factory.js.map,168
./node_modules/standardized-audio-context/build/es2019/types/get-audio-param-renderer-function.d.ts,224
./node_modules/standardized-audio-context/build/es2019/types/get-audio-param-renderer-function.d.ts.map,288
./node_modules/standardized-audio-context/build/es2019/types/get-audio-param-renderer-function.js,72
./node_modules/standardized-audio-context/build/es2019/types/get-audio-param-renderer-function.js.map,170
./node_modules/standardized-audio-context/build/es2019/types/get-backup-offline-audio-context-factory.d.ts,418
./node_modules/standardized-audio-context/build/es2019/types/get-backup-offline-audio-context-factory.d.ts.map,345
./node_modules/standardized-audio-context/build/es2019/types/get-backup-offline-audio-context-factory.js,79
./node_modules/standardized-audio-context/build/es2019/types/get-backup-offline-audio-context-factory.js.map,184
./node_modules/standardized-audio-context/build/es2019/types/get-backup-offline-audio-context-function.d.ts,342
./node_modules/standardized-audio-context/build/es2019/types/get-backup-offline-audio-context-function.d.ts.map,353
./node_modules/standardized-audio-context/build/es2019/types/get-backup-offline-audio-context-function.js,80
./node_modules/standardized-audio-context/build/es2019/types/get-backup-offline-audio-context-function.js.map,186
./node_modules/standardized-audio-context/build/es2019/types/get-event-listeners-of-audio-node-function.d.ts,369
./node_modules/standardized-audio-context/build/es2019/types/get-event-listeners-of-audio-node-function.d.ts.map,430
./node_modules/standardized-audio-context/build/es2019/types/get-event-listeners-of-audio-node-function.js,81
./node_modules/standardized-audio-context/build/es2019/types/get-event-listeners-of-audio-node-function.js.map,188
./node_modules/standardized-audio-context/build/es2019/types/get-first-sample-function.d.ts,243
./node_modules/standardized-audio-context/build/es2019/types/get-first-sample-function.d.ts.map,304
./node_modules/standardized-audio-context/build/es2019/types/get-first-sample-function.js,64
./node_modules/standardized-audio-context/build/es2019/types/get-first-sample-function.js.map,154
./node_modules/standardized-audio-context/build/es2019/types/get-native-audio-node-function.d.ts,368
./node_modules/standardized-audio-context/build/es2019/types/get-native-audio-node-function.d.ts.map,437
./node_modules/standardized-audio-context/build/es2019/types/get-native-audio-node-function.js,69
./node_modules/standardized-audio-context/build/es2019/types/get-native-audio-node-function.js.map,164
./node_modules/standardized-audio-context/build/es2019/types/get-native-audio-param-function.d.ts,255
./node_modules/standardized-audio-context/build/es2019/types/get-native-audio-param-function.d.ts.map,317
./node_modules/standardized-audio-context/build/es2019/types/get-native-audio-param-function.js,70
./node_modules/standardized-audio-context/build/es2019/types/get-native-audio-param-function.js.map,166
./node_modules/standardized-audio-context/build/es2019/types/get-native-context-factory.d.ts,279
./node_modules/standardized-audio-context/build/es2019/types/get-native-context-factory.d.ts.map,309
./node_modules/standardized-audio-context/build/es2019/types/get-native-context-factory.js,65
./node_modules/standardized-audio-context/build/es2019/types/get-native-context-factory.js.map,156
./node_modules/standardized-audio-context/build/es2019/types/get-native-context-function.d.ts,506
./node_modules/standardized-audio-context/build/es2019/types/get-native-context-function.d.ts.map,476
./node_modules/standardized-audio-context/build/es2019/types/get-native-context-function.js,66
./node_modules/standardized-audio-context/build/es2019/types/get-native-context-function.js.map,158
./node_modules/standardized-audio-context/build/es2019/types/get-or-create-backup-offline-audio-context-factory.d.ts,646
./node_modules/standardized-audio-context/build/es2019/types/get-or-create-backup-offline-audio-context-factory.d.ts.map,445
./node_modules/standardized-audio-context/build/es2019/types/get-or-create-backup-offline-audio-context-factory.js,89
./node_modules/standardized-audio-context/build/es2019/types/get-or-create-backup-offline-audio-context-factory.js.map,204
./node_modules/standardized-audio-context/build/es2019/types/get-or-create-backup-offline-audio-context-function.d.ts,348
./node_modules/standardized-audio-context/build/es2019/types/get-or-create-backup-offline-audio-context-function.d.ts.map,363
./node_modules/standardized-audio-context/build/es2019/types/get-or-create-backup-offline-audio-context-function.js,90
./node_modules/standardized-audio-context/build/es2019/types/get-or-create-backup-offline-audio-context-function.js.map,206
./node_modules/standardized-audio-context/build/es2019/types/get-unrendered-audio-worklet-nodes-factory.d.ts,432
./node_modules/standardized-audio-context/build/es2019/types/get-unrendered-audio-worklet-nodes-factory.d.ts.map,349
./node_modules/standardized-audio-context/build/es2019/types/get-unrendered-audio-worklet-nodes-factory.js,81
./node_modules/standardized-audio-context/build/es2019/types/get-unrendered-audio-worklet-nodes-factory.js.map,188
./node_modules/standardized-audio-context/build/es2019/types/get-unrendered-audio-worklet-nodes-function.d.ts,324
./node_modules/standardized-audio-context/build/es2019/types/get-unrendered-audio-worklet-nodes-function.d.ts.map,343
./node_modules/standardized-audio-context/build/es2019/types/get-unrendered-audio-worklet-nodes-function.js,82
./node_modules/standardized-audio-context/build/es2019/types/get-unrendered-audio-worklet-nodes-function.js.map,190
./node_modules/standardized-audio-context/build/es2019/types/get-value-for-key-function.d.ts,178
./node_modules/standardized-audio-context/build/es2019/types/get-value-for-key-function.d.ts.map,374
./node_modules/standardized-audio-context/build/es2019/types/get-value-for-key-function.js,65
./node_modules/standardized-audio-context/build/es2019/types/get-value-for-key-function.js.map,156
./node_modules/standardized-audio-context/build/es2019/types/iir-filter-node-constructor-factory.d.ts,1033
./node_modules/standardized-audio-context/build/es2019/types/iir-filter-node-constructor-factory.d.ts.map,685
./node_modules/standardized-audio-context/build/es2019/types/iir-filter-node-constructor-factory.js,74
./node_modules/standardized-audio-context/build/es2019/types/iir-filter-node-constructor-factory.js.map,174
./node_modules/standardized-audio-context/build/es2019/types/iir-filter-node-constructor.d.ts,400
./node_modules/standardized-audio-context/build/es2019/types/iir-filter-node-constructor.d.ts.map,483
./node_modules/standardized-audio-context/build/es2019/types/iir-filter-node-constructor.js,66
./node_modules/standardized-audio-context/build/es2019/types/iir-filter-node-constructor.js.map,158
./node_modules/standardized-audio-context/build/es2019/types/iir-filter-node-renderer-factory-factory.d.ts,1054
./node_modules/standardized-audio-context/build/es2019/types/iir-filter-node-renderer-factory-factory.d.ts.map,635
./node_modules/standardized-audio-context/build/es2019/types/iir-filter-node-renderer-factory-factory.js,79
./node_modules/standardized-audio-context/build/es2019/types/iir-filter-node-renderer-factory-factory.js.map,184
./node_modules/standardized-audio-context/build/es2019/types/iir-filter-node-renderer-factory.d.ts,392
./node_modules/standardized-audio-context/build/es2019/types/iir-filter-node-renderer-factory.d.ts.map,437
./node_modules/standardized-audio-context/build/es2019/types/iir-filter-node-renderer-factory.js,71
./node_modules/standardized-audio-context/build/es2019/types/iir-filter-node-renderer-factory.js.map,168
./node_modules/standardized-audio-context/build/es2019/types/increment-cycle-counter-factory-factory.d.ts,1093
./node_modules/standardized-audio-context/build/es2019/types/increment-cycle-counter-factory-factory.d.ts.map,687
./node_modules/standardized-audio-context/build/es2019/types/increment-cycle-counter-factory-factory.js,78
./node_modules/standardized-audio-context/build/es2019/types/increment-cycle-counter-factory-factory.js.map,182
./node_modules/standardized-audio-context/build/es2019/types/increment-cycle-counter-factory.d.ts,246
./node_modules/standardized-audio-context/build/es2019/types/increment-cycle-counter-factory.d.ts.map,276
./node_modules/standardized-audio-context/build/es2019/types/increment-cycle-counter-factory.js,70
./node_modules/standardized-audio-context/build/es2019/types/increment-cycle-counter-factory.js.map,166
./node_modules/standardized-audio-context/build/es2019/types/increment-cycle-counter-function.d.ts,260
./node_modules/standardized-audio-context/build/es2019/types/increment-cycle-counter-function.d.ts.map,368
./node_modules/standardized-audio-context/build/es2019/types/increment-cycle-counter-function.js,71
./node_modules/standardized-audio-context/build/es2019/types/increment-cycle-counter-function.js.map,168
./node_modules/standardized-audio-context/build/es2019/types/index-size-error-factory.d.ts,111
./node_modules/standardized-audio-context/build/es2019/types/index-size-error-factory.d.ts.map,195
./node_modules/standardized-audio-context/build/es2019/types/index-size-error-factory.js,63
./node_modules/standardized-audio-context/build/es2019/types/index-size-error-factory.js.map,152
./node_modules/standardized-audio-context/build/es2019/types/index.d.ts,21464
./node_modules/standardized-audio-context/build/es2019/types/index.d.ts.map,9191
./node_modules/standardized-audio-context/build/es2019/types/index.js,21462
./node_modules/standardized-audio-context/build/es2019/types/index.js.map,9189
./node_modules/standardized-audio-context/build/es2019/types/insert-element-in-set-function.d.ts,206
./node_modules/standardized-audio-context/build/es2019/types/insert-element-in-set-function.d.ts.map,342
./node_modules/standardized-audio-context/build/es2019/types/insert-element-in-set-function.js,69
./node_modules/standardized-audio-context/build/es2019/types/insert-element-in-set-function.js.map,164
./node_modules/standardized-audio-context/build/es2019/types/internal-state-event-listener.d.ts,130
./node_modules/standardized-audio-context/build/es2019/types/internal-state-event-listener.d.ts.map,225
./node_modules/standardized-audio-context/build/es2019/types/internal-state-event-listener.js,68
./node_modules/standardized-audio-context/build/es2019/types/internal-state-event-listener.js.map,162
./node_modules/standardized-audio-context/build/es2019/types/invalid-access-error-factory.d.ts,119
./node_modules/standardized-audio-context/build/es2019/types/invalid-access-error-factory.d.ts.map,203
./node_modules/standardized-audio-context/build/es2019/types/invalid-access-error-factory.js,67
./node_modules/standardized-audio-context/build/es2019/types/invalid-access-error-factory.js.map,160
./node_modules/standardized-audio-context/build/es2019/types/invalid-state-error-factory.d.ts,117
./node_modules/standardized-audio-context/build/es2019/types/invalid-state-error-factory.d.ts.map,201
./node_modules/standardized-audio-context/build/es2019/types/invalid-state-error-factory.js,66
./node_modules/standardized-audio-context/build/es2019/types/invalid-state-error-factory.js.map,158
./node_modules/standardized-audio-context/build/es2019/types/is-active-audio-node-function.d.ts,241
./node_modules/standardized-audio-context/build/es2019/types/is-active-audio-node-function.d.ts.map,342
./node_modules/standardized-audio-context/build/es2019/types/is-active-audio-node-function.js,68
./node_modules/standardized-audio-context/build/es2019/types/is-active-audio-node-function.js.map,162
./node_modules/standardized-audio-context/build/es2019/types/is-any-audio-context-factory.d.ts,423
./node_modules/standardized-audio-context/build/es2019/types/is-any-audio-context-factory.d.ts.map,385
./node_modules/standardized-audio-context/build/es2019/types/is-any-audio-context-factory.js,67
./node_modules/standardized-audio-context/build/es2019/types/is-any-audio-context-factory.js.map,160
./node_modules/standardized-audio-context/build/es2019/types/is-any-audio-context-function.d.ts,326
./node_modules/standardized-audio-context/build/es2019/types/is-any-audio-context-function.d.ts.map,357
./node_modules/standardized-audio-context/build/es2019/types/is-any-audio-context-function.js,68
./node_modules/standardized-audio-context/build/es2019/types/is-any-audio-context-function.js.map,162
./node_modules/standardized-audio-context/build/es2019/types/is-any-audio-node-factory.d.ts,405
./node_modules/standardized-audio-context/build/es2019/types/is-any-audio-node-factory.d.ts.map,379
./node_modules/standardized-audio-context/build/es2019/types/is-any-audio-node-factory.js,64
./node_modules/standardized-audio-context/build/es2019/types/is-any-audio-node-factory.js.map,154
./node_modules/standardized-audio-context/build/es2019/types/is-any-audio-node-function.d.ts,265
./node_modules/standardized-audio-context/build/es2019/types/is-any-audio-node-function.d.ts.map,342
./node_modules/standardized-audio-context/build/es2019/types/is-any-audio-node-function.js,65
./node_modules/standardized-audio-context/build/es2019/types/is-any-audio-node-function.js.map,156
./node_modules/standardized-audio-context/build/es2019/types/is-any-audio-param-factory.d.ts,418
./node_modules/standardized-audio-context/build/es2019/types/is-any-audio-param-factory.d.ts.map,385
./node_modules/standardized-audio-context/build/es2019/types/is-any-audio-param-factory.js,65
./node_modules/standardized-audio-context/build/es2019/types/is-any-audio-param-factory.js.map,156
./node_modules/standardized-audio-context/build/es2019/types/is-any-audio-param-function.d.ts,267
./node_modules/standardized-audio-context/build/es2019/types/is-any-audio-param-function.d.ts.map,329
./node_modules/standardized-audio-context/build/es2019/types/is-any-audio-param-function.js,66
./node_modules/standardized-audio-context/build/es2019/types/is-any-audio-param-function.js.map,158
./node_modules/standardized-audio-context/build/es2019/types/is-any-offline-audio-context-factory.d.ts,489
./node_modules/standardized-audio-context/build/es2019/types/is-any-offline-audio-context-factory.d.ts.map,401
./node_modules/standardized-audio-context/build/es2019/types/is-any-offline-audio-context-factory.js,75
./node_modules/standardized-audio-context/build/es2019/types/is-any-offline-audio-context-factory.js.map,176
./node_modules/standardized-audio-context/build/es2019/types/is-any-offline-audio-context-function.d.ts,391
./node_modules/standardized-audio-context/build/es2019/types/is-any-offline-audio-context-function.d.ts.map,379
./node_modules/standardized-audio-context/build/es2019/types/is-any-offline-audio-context-function.js,76
./node_modules/standardized-audio-context/build/es2019/types/is-any-offline-audio-context-function.js.map,178
./node_modules/standardized-audio-context/build/es2019/types/is-dc-curve-function.d.ts,124
./node_modules/standardized-audio-context/build/es2019/types/is-dc-curve-function.d.ts.map,217
./node_modules/standardized-audio-context/build/es2019/types/is-dc-curve-function.js,59
./node_modules/standardized-audio-context/build/es2019/types/is-dc-curve-function.js.map,144
./node_modules/standardized-audio-context/build/es2019/types/is-native-audio-context-factory.d.ts,378
./node_modules/standardized-audio-context/build/es2019/types/is-native-audio-context-factory.d.ts.map,337
./node_modules/standardized-audio-context/build/es2019/types/is-native-audio-context-factory.js,70
./node_modules/standardized-audio-context/build/es2019/types/is-native-audio-context-factory.js.map,166
./node_modules/standardized-audio-context/build/es2019/types/is-native-audio-context-function.d.ts,224
./node_modules/standardized-audio-context/build/es2019/types/is-native-audio-context-function.d.ts.map,288
./node_modules/standardized-audio-context/build/es2019/types/is-native-audio-context-function.js,71
./node_modules/standardized-audio-context/build/es2019/types/is-native-audio-context-function.js.map,168
./node_modules/standardized-audio-context/build/es2019/types/is-native-audio-node-factory.d.ts,268
./node_modules/standardized-audio-context/build/es2019/types/is-native-audio-node-factory.d.ts.map,321
./node_modules/standardized-audio-context/build/es2019/types/is-native-audio-node-factory.js,67
./node_modules/standardized-audio-context/build/es2019/types/is-native-audio-node-factory.js.map,160
./node_modules/standardized-audio-context/build/es2019/types/is-native-audio-node-function.d.ts,209
./node_modules/standardized-audio-context/build/es2019/types/is-native-audio-node-function.d.ts.map,282
./node_modules/standardized-audio-context/build/es2019/types/is-native-audio-node-function.js,68
./node_modules/standardized-audio-context/build/es2019/types/is-native-audio-node-function.js.map,162
./node_modules/standardized-audio-context/build/es2019/types/is-native-audio-param-factory.d.ts,273
./node_modules/standardized-audio-context/build/es2019/types/is-native-audio-param-factory.d.ts.map,323
./node_modules/standardized-audio-context/build/es2019/types/is-native-audio-param-factory.js,68
./node_modules/standardized-audio-context/build/es2019/types/is-native-audio-param-factory.js.map,162
./node_modules/standardized-audio-context/build/es2019/types/is-native-audio-param-function.d.ts,214
./node_modules/standardized-audio-context/build/es2019/types/is-native-audio-param-function.d.ts.map,284
./node_modules/standardized-audio-context/build/es2019/types/is-native-audio-param-function.js,69
./node_modules/standardized-audio-context/build/es2019/types/is-native-audio-param-function.js.map,164
./node_modules/standardized-audio-context/build/es2019/types/is-native-context-factory.d.ts,499
./node_modules/standardized-audio-context/build/es2019/types/is-native-context-factory.d.ts.map,385
./node_modules/standardized-audio-context/build/es2019/types/is-native-context-factory.js,64
./node_modules/standardized-audio-context/build/es2019/types/is-native-context-factory.js.map,154
./node_modules/standardized-audio-context/build/es2019/types/is-native-context-function.d.ts,197
./node_modules/standardized-audio-context/build/es2019/types/is-native-context-function.d.ts.map,272
./node_modules/standardized-audio-context/build/es2019/types/is-native-context-function.js,65
./node_modules/standardized-audio-context/build/es2019/types/is-native-context-function.js.map,156
./node_modules/standardized-audio-context/build/es2019/types/is-native-offline-audio-context-factory.d.ts,444
./node_modules/standardized-audio-context/build/es2019/types/is-native-offline-audio-context-factory.d.ts.map,353
./node_modules/standardized-audio-context/build/es2019/types/is-native-offline-audio-context-factory.js,78
./node_modules/standardized-audio-context/build/es2019/types/is-native-offline-audio-context-factory.js.map,182
./node_modules/standardized-audio-context/build/es2019/types/is-native-offline-audio-context-function.d.ts,261
./node_modules/standardized-audio-context/build/es2019/types/is-native-offline-audio-context-function.d.ts.map,304
./node_modules/standardized-audio-context/build/es2019/types/is-native-offline-audio-context-function.js,79
./node_modules/standardized-audio-context/build/es2019/types/is-native-offline-audio-context-function.js.map,184
./node_modules/standardized-audio-context/build/es2019/types/is-part-of-a-cycle-function.d.ts,236
./node_modules/standardized-audio-context/build/es2019/types/is-part-of-a-cycle-function.d.ts.map,338
./node_modules/standardized-audio-context/build/es2019/types/is-part-of-a-cycle-function.js,66
./node_modules/standardized-audio-context/build/es2019/types/is-part-of-a-cycle-function.js.map,158
./node_modules/standardized-audio-context/build/es2019/types/is-passive-audio-node-function.d.ts,243
./node_modules/standardized-audio-context/build/es2019/types/is-passive-audio-node-function.d.ts.map,344
./node_modules/standardized-audio-context/build/es2019/types/is-passive-audio-node-function.js,69
./node_modules/standardized-audio-context/build/es2019/types/is-passive-audio-node-function.js.map,164
./node_modules/standardized-audio-context/build/es2019/types/is-secure-context-factory.d.ts,166
./node_modules/standardized-audio-context/build/es2019/types/is-secure-context-factory.d.ts.map,268
./node_modules/standardized-audio-context/build/es2019/types/is-secure-context-factory.js,64
./node_modules/standardized-audio-context/build/es2019/types/is-secure-context-factory.js.map,154
./node_modules/standardized-audio-context/build/es2019/types/is-supported-promise-factory.d.ts,1121
./node_modules/standardized-audio-context/build/es2019/types/is-supported-promise-factory.d.ts.map,767
./node_modules/standardized-audio-context/build/es2019/types/is-supported-promise-factory.js,67
./node_modules/standardized-audio-context/build/es2019/types/is-supported-promise-factory.js.map,160
./node_modules/standardized-audio-context/build/es2019/types/media-element-audio-source-node-constructor-factory.d.ts,883
./node_modules/standardized-audio-context/build/es2019/types/media-element-audio-source-node-constructor-factory.d.ts.map,577
./node_modules/standardized-audio-context/build/es2019/types/media-element-audio-source-node-constructor-factory.js,90
./node_modules/standardized-audio-context/build/es2019/types/media-element-audio-source-node-constructor-factory.js.map,206
./node_modules/standardized-audio-context/build/es2019/types/media-element-audio-source-node-constructor.d.ts,402
./node_modules/standardized-audio-context/build/es2019/types/media-element-audio-source-node-constructor.d.ts.map,403
./node_modules/standardized-audio-context/build/es2019/types/media-element-audio-source-node-constructor.js,82
./node_modules/standardized-audio-context/build/es2019/types/media-element-audio-source-node-constructor.js.map,190
./node_modules/standardized-audio-context/build/es2019/types/media-stream-audio-destination-node-constructor-factory.d.ts,919
./node_modules/standardized-audio-context/build/es2019/types/media-stream-audio-destination-node-constructor-factory.d.ts.map,585
./node_modules/standardized-audio-context/build/es2019/types/media-stream-audio-destination-node-constructor-factory.js,94
./node_modules/standardized-audio-context/build/es2019/types/media-stream-audio-destination-node-constructor-factory.js.map,214
./node_modules/standardized-audio-context/build/es2019/types/media-stream-audio-destination-node-constructor.d.ts,400
./node_modules/standardized-audio-context/build/es2019/types/media-stream-audio-destination-node-constructor.d.ts.map,431
./node_modules/standardized-audio-context/build/es2019/types/media-stream-audio-destination-node-constructor.js,86
./node_modules/standardized-audio-context/build/es2019/types/media-stream-audio-destination-node-constructor.js.map,198
./node_modules/standardized-audio-context/build/es2019/types/media-stream-audio-source-node-constructor-factory.d.ts,874
./node_modules/standardized-audio-context/build/es2019/types/media-stream-audio-source-node-constructor-factory.d.ts.map,575
./node_modules/standardized-audio-context/build/es2019/types/media-stream-audio-source-node-constructor-factory.js,89
./node_modules/standardized-audio-context/build/es2019/types/media-stream-audio-source-node-constructor-factory.js.map,204
./node_modules/standardized-audio-context/build/es2019/types/media-stream-audio-source-node-constructor.d.ts,396
./node_modules/standardized-audio-context/build/es2019/types/media-stream-audio-source-node-constructor.d.ts.map,401
./node_modules/standardized-audio-context/build/es2019/types/media-stream-audio-source-node-constructor.js,81
./node_modules/standardized-audio-context/build/es2019/types/media-stream-audio-source-node-constructor.js.map,188
./node_modules/standardized-audio-context/build/es2019/types/media-stream-track-audio-source-node-constructor-factory.d.ts,756
./node_modules/standardized-audio-context/build/es2019/types/media-stream-track-audio-source-node-constructor-factory.d.ts.map,517
./node_modules/standardized-audio-context/build/es2019/types/media-stream-track-audio-source-node-constructor-factory.js,95
./node_modules/standardized-audio-context/build/es2019/types/media-stream-track-audio-source-node-constructor-factory.js.map,216
./node_modules/standardized-audio-context/build/es2019/types/media-stream-track-audio-source-node-constructor.d.ts,427
./node_modules/standardized-audio-context/build/es2019/types/media-stream-track-audio-source-node-constructor.d.ts.map,413
./node_modules/standardized-audio-context/build/es2019/types/media-stream-track-audio-source-node-constructor.js,87
./node_modules/standardized-audio-context/build/es2019/types/media-stream-track-audio-source-node-constructor.js.map,200
./node_modules/standardized-audio-context/build/es2019/types/minimal-audio-context-constructor-factory.d.ts,932
./node_modules/standardized-audio-context/build/es2019/types/minimal-audio-context-constructor-factory.d.ts.map,637
./node_modules/standardized-audio-context/build/es2019/types/minimal-audio-context-constructor-factory.js,80
./node_modules/standardized-audio-context/build/es2019/types/minimal-audio-context-constructor-factory.js.map,186
./node_modules/standardized-audio-context/build/es2019/types/minimal-audio-context-constructor.d.ts,247
./node_modules/standardized-audio-context/build/es2019/types/minimal-audio-context-constructor.d.ts.map,297
./node_modules/standardized-audio-context/build/es2019/types/minimal-audio-context-constructor.js,72
./node_modules/standardized-audio-context/build/es2019/types/minimal-audio-context-constructor.js.map,170
./node_modules/standardized-audio-context/build/es2019/types/minimal-base-audio-context-constructor-factory.d.ts,1102
./node_modules/standardized-audio-context/build/es2019/types/minimal-base-audio-context-constructor-factory.d.ts.map,707
./node_modules/standardized-audio-context/build/es2019/types/minimal-base-audio-context-constructor-factory.js,85
./node_modules/standardized-audio-context/build/es2019/types/minimal-base-audio-context-constructor-factory.js.map,196
./node_modules/standardized-audio-context/build/es2019/types/minimal-base-audio-context-constructor.d.ts,379
./node_modules/standardized-audio-context/build/es2019/types/minimal-base-audio-context-constructor.d.ts.map,432
./node_modules/standardized-audio-context/build/es2019/types/minimal-base-audio-context-constructor.js,77
./node_modules/standardized-audio-context/build/es2019/types/minimal-base-audio-context-constructor.js.map,180
./node_modules/standardized-audio-context/build/es2019/types/minimal-offline-audio-context-constructor-factory.d.ts,990
./node_modules/standardized-audio-context/build/es2019/types/minimal-offline-audio-context-constructor-factory.d.ts.map,639
./node_modules/standardized-audio-context/build/es2019/types/minimal-offline-audio-context-constructor-factory.js,88
./node_modules/standardized-audio-context/build/es2019/types/minimal-offline-audio-context-constructor-factory.js.map,202
./node_modules/standardized-audio-context/build/es2019/types/minimal-offline-audio-context-constructor.d.ts,289
./node_modules/standardized-audio-context/build/es2019/types/minimal-offline-audio-context-constructor.d.ts.map,308
./node_modules/standardized-audio-context/build/es2019/types/minimal-offline-audio-context-constructor.js,80
./node_modules/standardized-audio-context/build/es2019/types/minimal-offline-audio-context-constructor.js.map,186
./node_modules/standardized-audio-context/build/es2019/types/monitor-connections-factory.d.ts,463
./node_modules/standardized-audio-context/build/es2019/types/monitor-connections-factory.d.ts.map,389
./node_modules/standardized-audio-context/build/es2019/types/monitor-connections-factory.js,66
./node_modules/standardized-audio-context/build/es2019/types/monitor-connections-factory.js.map,158
./node_modules/standardized-audio-context/build/es2019/types/monitor-connections-function.d.ts,268
./node_modules/standardized-audio-context/build/es2019/types/monitor-connections-function.d.ts.map,346
./node_modules/standardized-audio-context/build/es2019/types/monitor-connections-function.js,67
./node_modules/standardized-audio-context/build/es2019/types/monitor-connections-function.js.map,160
./node_modules/standardized-audio-context/build/es2019/types/native-analyser-node-factory-factory.d.ts,454
./node_modules/standardized-audio-context/build/es2019/types/native-analyser-node-factory-factory.d.ts.map,405
./node_modules/standardized-audio-context/build/es2019/types/native-analyser-node-factory-factory.js,75
./node_modules/standardized-audio-context/build/es2019/types/native-analyser-node-factory-factory.js.map,176
./node_modules/standardized-audio-context/build/es2019/types/native-analyser-node-factory.d.ts,345
./node_modules/standardized-audio-context/build/es2019/types/native-analyser-node-factory.d.ts.map,378
./node_modules/standardized-audio-context/build/es2019/types/native-analyser-node-factory.js,67
./node_modules/standardized-audio-context/build/es2019/types/native-analyser-node-factory.js.map,160
./node_modules/standardized-audio-context/build/es2019/types/native-analyser-node.d.ts,98
./node_modules/standardized-audio-context/build/es2019/types/native-analyser-node.d.ts.map,182
./node_modules/standardized-audio-context/build/es2019/types/native-analyser-node.js,59
./node_modules/standardized-audio-context/build/es2019/types/native-analyser-node.js.map,144
./node_modules/standardized-audio-context/build/es2019/types/native-audio-buffer-constructor-factory.d.ts,305
./node_modules/standardized-audio-context/build/es2019/types/native-audio-buffer-constructor-factory.d.ts.map,353
./node_modules/standardized-audio-context/build/es2019/types/native-audio-buffer-constructor-factory.js,78
./node_modules/standardized-audio-context/build/es2019/types/native-audio-buffer-constructor-factory.js.map,182
./node_modules/standardized-audio-context/build/es2019/types/native-audio-buffer-constructor.d.ts,125
./node_modules/standardized-audio-context/build/es2019/types/native-audio-buffer-constructor.d.ts.map,209
./node_modules/standardized-audio-context/build/es2019/types/native-audio-buffer-constructor.js,70
./node_modules/standardized-audio-context/build/es2019/types/native-audio-buffer-constructor.js.map,166
./node_modules/standardized-audio-context/build/es2019/types/native-audio-buffer-source-node-factory-factory.d.ts,2011
./node_modules/standardized-audio-context/build/es2019/types/native-audio-buffer-source-node-factory-factory.d.ts.map,968
./node_modules/standardized-audio-context/build/es2019/types/native-audio-buffer-source-node-factory-factory.js,86
./node_modules/standardized-audio-context/build/es2019/types/native-audio-buffer-source-node-factory-factory.js.map,198
./node_modules/standardized-audio-context/build/es2019/types/native-audio-buffer-source-node-factory.d.ts,412
./node_modules/standardized-audio-context/build/es2019/types/native-audio-buffer-source-node-factory.d.ts.map,403
./node_modules/standardized-audio-context/build/es2019/types/native-audio-buffer-source-node-factory.js,78
./node_modules/standardized-audio-context/build/es2019/types/native-audio-buffer-source-node-factory.js.map,182
./node_modules/standardized-audio-context/build/es2019/types/native-audio-buffer-source-node.d.ts,127
./node_modules/standardized-audio-context/build/es2019/types/native-audio-buffer-source-node.d.ts.map,206
./node_modules/standardized-audio-context/build/es2019/types/native-audio-buffer-source-node.js,70
./node_modules/standardized-audio-context/build/es2019/types/native-audio-buffer-source-node.js.map,166
./node_modules/standardized-audio-context/build/es2019/types/native-audio-buffer.d.ts,95
./node_modules/standardized-audio-context/build/es2019/types/native-audio-buffer.d.ts.map,180
./node_modules/standardized-audio-context/build/es2019/types/native-audio-buffer.js,58
./node_modules/standardized-audio-context/build/es2019/types/native-audio-buffer.js.map,142
./node_modules/standardized-audio-context/build/es2019/types/native-audio-context-constructor-factory.d.ts,310
./node_modules/standardized-audio-context/build/es2019/types/native-audio-context-constructor-factory.d.ts.map,355
./node_modules/standardized-audio-context/build/es2019/types/native-audio-context-constructor-factory.js,79
./node_modules/standardized-audio-context/build/es2019/types/native-audio-context-constructor-factory.js.map,184
./node_modules/standardized-audio-context/build/es2019/types/native-audio-context-constructor.d.ts,229
./node_modules/standardized-audio-context/build/es2019/types/native-audio-context-constructor.d.ts.map,285
./node_modules/standardized-audio-context/build/es2019/types/native-audio-context-constructor.js,71
./node_modules/standardized-audio-context/build/es2019/types/native-audio-context-constructor.js.map,168
./node_modules/standardized-audio-context/build/es2019/types/native-audio-context.d.ts,319
./node_modules/standardized-audio-context/build/es2019/types/native-audio-context.d.ts.map,297
./node_modules/standardized-audio-context/build/es2019/types/native-audio-context.js,59
./node_modules/standardized-audio-context/build/es2019/types/native-audio-context.js.map,144
./node_modules/standardized-audio-context/build/es2019/types/native-audio-destination-node-factory-factory.d.ts,507
./node_modules/standardized-audio-context/build/es2019/types/native-audio-destination-node-factory-factory.d.ts.map,425
./node_modules/standardized-audio-context/build/es2019/types/native-audio-destination-node-factory-factory.js,84
./node_modules/standardized-audio-context/build/es2019/types/native-audio-destination-node-factory-factory.js.map,194
./node_modules/standardized-audio-context/build/es2019/types/native-audio-destination-node-factory.d.ts,376
./node_modules/standardized-audio-context/build/es2019/types/native-audio-destination-node-factory.d.ts.map,377
./node_modules/standardized-audio-context/build/es2019/types/native-audio-destination-node-factory.js,76
./node_modules/standardized-audio-context/build/es2019/types/native-audio-destination-node-factory.js.map,178
./node_modules/standardized-audio-context/build/es2019/types/native-audio-destination-node.d.ts,123
./node_modules/standardized-audio-context/build/es2019/types/native-audio-destination-node.d.ts.map,202
./node_modules/standardized-audio-context/build/es2019/types/native-audio-destination-node.js,68
./node_modules/standardized-audio-context/build/es2019/types/native-audio-destination-node.js.map,162
./node_modules/standardized-audio-context/build/es2019/types/native-audio-listener.d.ts,101
./node_modules/standardized-audio-context/build/es2019/types/native-audio-listener.d.ts.map,184
./node_modules/standardized-audio-context/build/es2019/types/native-audio-listener.js,60
./node_modules/standardized-audio-context/build/es2019/types/native-audio-listener.js.map,146
./node_modules/standardized-audio-context/build/es2019/types/native-audio-node.d.ts,89
./node_modules/standardized-audio-context/build/es2019/types/native-audio-node.d.ts.map,176
./node_modules/standardized-audio-context/build/es2019/types/native-audio-node.js,56
./node_modules/standardized-audio-context/build/es2019/types/native-audio-node.js.map,138
./node_modules/standardized-audio-context/build/es2019/types/native-audio-param-map.d.ts,232
./node_modules/standardized-audio-context/build/es2019/types/native-audio-param-map.d.ts.map,299
./node_modules/standardized-audio-context/build/es2019/types/native-audio-param-map.js,61
./node_modules/standardized-audio-context/build/es2019/types/native-audio-param-map.js.map,148
./node_modules/standardized-audio-context/build/es2019/types/native-audio-param.d.ts,92
./node_modules/standardized-audio-context/build/es2019/types/native-audio-param.d.ts.map,178
./node_modules/standardized-audio-context/build/es2019/types/native-audio-param.js,57
./node_modules/standardized-audio-context/build/es2019/types/native-audio-param.js.map,140
./node_modules/standardized-audio-context/build/es2019/types/native-audio-worklet-node-constructor-factory.d.ts,332
./node_modules/standardized-audio-context/build/es2019/types/native-audio-worklet-node-constructor-factory.d.ts.map,365
./node_modules/standardized-audio-context/build/es2019/types/native-audio-worklet-node-constructor-factory.js,84
./node_modules/standardized-audio-context/build/es2019/types/native-audio-worklet-node-constructor-factory.js.map,194
./node_modules/standardized-audio-context/build/es2019/types/native-audio-worklet-node-constructor.d.ts,141
./node_modules/standardized-audio-context/build/es2019/types/native-audio-worklet-node-constructor.d.ts.map,223
./node_modules/standardized-audio-context/build/es2019/types/native-audio-worklet-node-constructor.js,76
./node_modules/standardized-audio-context/build/es2019/types/native-audio-worklet-node-constructor.js.map,178
./node_modules/standardized-audio-context/build/es2019/types/native-audio-worklet-node-factory-factory.d.ts,910
./node_modules/standardized-audio-context/build/es2019/types/native-audio-worklet-node-factory-factory.d.ts.map,627
./node_modules/standardized-audio-context/build/es2019/types/native-audio-worklet-node-factory-factory.js,80
./node_modules/standardized-audio-context/build/es2019/types/native-audio-worklet-node-factory-factory.js.map,186
./node_modules/standardized-audio-context/build/es2019/types/native-audio-worklet-node-factory.d.ts,701
./node_modules/standardized-audio-context/build/es2019/types/native-audio-worklet-node-factory.d.ts.map,569
./node_modules/standardized-audio-context/build/es2019/types/native-audio-worklet-node-factory.js,72
./node_modules/standardized-audio-context/build/es2019/types/native-audio-worklet-node-factory.js.map,170
./node_modules/standardized-audio-context/build/es2019/types/native-audio-worklet-node-faker-factory-factory.d.ts,2181
./node_modules/standardized-audio-context/build/es2019/types/native-audio-worklet-node-faker-factory-factory.d.ts.map,1199
./node_modules/standardized-audio-context/build/es2019/types/native-audio-worklet-node-faker-factory-factory.js,86
./node_modules/standardized-audio-context/build/es2019/types/native-audio-worklet-node-faker-factory-factory.js.map,198
./node_modules/standardized-audio-context/build/es2019/types/native-audio-worklet-node-faker-factory.d.ts,478
./node_modules/standardized-audio-context/build/es2019/types/native-audio-worklet-node-faker-factory.d.ts.map,438
./node_modules/standardized-audio-context/build/es2019/types/native-audio-worklet-node-faker-factory.js,78
./node_modules/standardized-audio-context/build/es2019/types/native-audio-worklet-node-faker-factory.js.map,182
./node_modules/standardized-audio-context/build/es2019/types/native-audio-worklet-node-options.d.ts,133
./node_modules/standardized-audio-context/build/es2019/types/native-audio-worklet-node-options.d.ts.map,210
./node_modules/standardized-audio-context/build/es2019/types/native-audio-worklet-node-options.js,72
./node_modules/standardized-audio-context/build/es2019/types/native-audio-worklet-node-options.js.map,170
./node_modules/standardized-audio-context/build/es2019/types/native-audio-worklet-node.d.ts,111
./node_modules/standardized-audio-context/build/es2019/types/native-audio-worklet-node.d.ts.map,194
./node_modules/standardized-audio-context/build/es2019/types/native-audio-worklet-node.js,64
./node_modules/standardized-audio-context/build/es2019/types/native-audio-worklet-node.js.map,154
./node_modules/standardized-audio-context/build/es2019/types/native-audio-worklet.d.ts,98
./node_modules/standardized-audio-context/build/es2019/types/native-audio-worklet.d.ts.map,182
./node_modules/standardized-audio-context/build/es2019/types/native-audio-worklet.js,59
./node_modules/standardized-audio-context/build/es2019/types/native-audio-worklet.js.map,144
./node_modules/standardized-audio-context/build/es2019/types/native-biquad-filter-node-factory.d.ts,375
./node_modules/standardized-audio-context/build/es2019/types/native-biquad-filter-node-factory.d.ts.map,388
./node_modules/standardized-audio-context/build/es2019/types/native-biquad-filter-node-factory.js,72
./node_modules/standardized-audio-context/build/es2019/types/native-biquad-filter-node-factory.js.map,170
./node_modules/standardized-audio-context/build/es2019/types/native-biquad-filter-node.d.ts,111
./node_modules/standardized-audio-context/build/es2019/types/native-biquad-filter-node.d.ts.map,194
./node_modules/standardized-audio-context/build/es2019/types/native-biquad-filter-node.js,64
./node_modules/standardized-audio-context/build/es2019/types/native-biquad-filter-node.js.map,154
./node_modules/standardized-audio-context/build/es2019/types/native-channel-merger-node-factory-factory.d.ts,546
./node_modules/standardized-audio-context/build/es2019/types/native-channel-merger-node-factory-factory.d.ts.map,429
./node_modules/standardized-audio-context/build/es2019/types/native-channel-merger-node-factory-factory.js,81
./node_modules/standardized-audio-context/build/es2019/types/native-channel-merger-node-factory-factory.js.map,188
./node_modules/standardized-audio-context/build/es2019/types/native-channel-merger-node-factory.d.ts,382
./node_modules/standardized-audio-context/build/es2019/types/native-channel-merger-node-factory.d.ts.map,390
./node_modules/standardized-audio-context/build/es2019/types/native-channel-merger-node-factory.js,73
./node_modules/standardized-audio-context/build/es2019/types/native-channel-merger-node-factory.js.map,172
./node_modules/standardized-audio-context/build/es2019/types/native-channel-merger-node.d.ts,114
./node_modules/standardized-audio-context/build/es2019/types/native-channel-merger-node.d.ts.map,196
./node_modules/standardized-audio-context/build/es2019/types/native-channel-merger-node.js,65
./node_modules/standardized-audio-context/build/es2019/types/native-channel-merger-node.js.map,156
./node_modules/standardized-audio-context/build/es2019/types/native-channel-splitter-node-factory.d.ts,396
./node_modules/standardized-audio-context/build/es2019/types/native-channel-splitter-node-factory.d.ts.map,397
./node_modules/standardized-audio-context/build/es2019/types/native-channel-splitter-node-factory.js,75
./node_modules/standardized-audio-context/build/es2019/types/native-channel-splitter-node-factory.js.map,176
./node_modules/standardized-audio-context/build/es2019/types/native-channel-splitter-node.d.ts,120
./node_modules/standardized-audio-context/build/es2019/types/native-channel-splitter-node.d.ts.map,200
./node_modules/standardized-audio-context/build/es2019/types/native-channel-splitter-node.js,67
./node_modules/standardized-audio-context/build/es2019/types/native-channel-splitter-node.js.map,160
./node_modules/standardized-audio-context/build/es2019/types/native-constant-source-node-factory-factory.d.ts,950
./node_modules/standardized-audio-context/build/es2019/types/native-constant-source-node-factory-factory.d.ts.map,628
./node_modules/standardized-audio-context/build/es2019/types/native-constant-source-node-factory-factory.js,82
./node_modules/standardized-audio-context/build/es2019/types/native-constant-source-node-factory-factory.js.map,190
./node_modules/standardized-audio-context/build/es2019/types/native-constant-source-node-factory.d.ts,389
./node_modules/standardized-audio-context/build/es2019/types/native-constant-source-node-factory.d.ts.map,395
./node_modules/standardized-audio-context/build/es2019/types/native-constant-source-node-factory.js,74
./node_modules/standardized-audio-context/build/es2019/types/native-constant-source-node-factory.js.map,174
./node_modules/standardized-audio-context/build/es2019/types/native-constant-source-node-faker-factory-factory.d.ts,825
./node_modules/standardized-audio-context/build/es2019/types/native-constant-source-node-faker-factory-factory.d.ts.map,573
./node_modules/standardized-audio-context/build/es2019/types/native-constant-source-node-faker-factory-factory.js,88
./node_modules/standardized-audio-context/build/es2019/types/native-constant-source-node-faker-factory-factory.js.map,202
./node_modules/standardized-audio-context/build/es2019/types/native-constant-source-node-faker-factory.d.ts,362
./node_modules/standardized-audio-context/build/es2019/types/native-constant-source-node-faker-factory.d.ts.map,374
./node_modules/standardized-audio-context/build/es2019/types/native-constant-source-node-faker-factory.js,80
./node_modules/standardized-audio-context/build/es2019/types/native-constant-source-node-faker-factory.js.map,186
./node_modules/standardized-audio-context/build/es2019/types/native-constant-source-node.d.ts,117
./node_modules/standardized-audio-context/build/es2019/types/native-constant-source-node.d.ts.map,198
./node_modules/standardized-audio-context/build/es2019/types/native-constant-source-node.js,66
./node_modules/standardized-audio-context/build/es2019/types/native-constant-source-node.js.map,158
./node_modules/standardized-audio-context/build/es2019/types/native-context.d.ts,262
./node_modules/standardized-audio-context/build/es2019/types/native-context.d.ts.map,272
./node_modules/standardized-audio-context/build/es2019/types/native-context.js,53
./node_modules/standardized-audio-context/build/es2019/types/native-context.js.map,132
./node_modules/standardized-audio-context/build/es2019/types/native-convolver-node-factory-factory.d.ts,482
./node_modules/standardized-audio-context/build/es2019/types/native-convolver-node-factory-factory.d.ts.map,409
./node_modules/standardized-audio-context/build/es2019/types/native-convolver-node-factory-factory.js,76
./node_modules/standardized-audio-context/build/es2019/types/native-convolver-node-factory-factory.js.map,178
./node_modules/standardized-audio-context/build/es2019/types/native-convolver-node-factory.d.ts,352
./node_modules/standardized-audio-context/build/es2019/types/native-convolver-node-factory.d.ts.map,380
./node_modules/standardized-audio-context/build/es2019/types/native-convolver-node-factory.js,68
./node_modules/standardized-audio-context/build/es2019/types/native-convolver-node-factory.js.map,162
./node_modules/standardized-audio-context/build/es2019/types/native-convolver-node.d.ts,101
./node_modules/standardized-audio-context/build/es2019/types/native-convolver-node.d.ts.map,184
./node_modules/standardized-audio-context/build/es2019/types/native-convolver-node.js,60
./node_modules/standardized-audio-context/build/es2019/types/native-convolver-node.js.map,146
./node_modules/standardized-audio-context/build/es2019/types/native-delay-node-factory.d.ts,324
./node_modules/standardized-audio-context/build/es2019/types/native-delay-node-factory.d.ts.map,368
./node_modules/standardized-audio-context/build/es2019/types/native-delay-node-factory.js,64
./node_modules/standardized-audio-context/build/es2019/types/native-delay-node-factory.js.map,154
./node_modules/standardized-audio-context/build/es2019/types/native-delay-node.d.ts,89
./node_modules/standardized-audio-context/build/es2019/types/native-delay-node.d.ts.map,176
./node_modules/standardized-audio-context/build/es2019/types/native-delay-node.js,56
./node_modules/standardized-audio-context/build/es2019/types/native-delay-node.js.map,138
./node_modules/standardized-audio-context/build/es2019/types/native-dynamics-compressor-node-factory-factory.d.ts,402
./node_modules/standardized-audio-context/build/es2019/types/native-dynamics-compressor-node-factory-factory.d.ts.map,359
./node_modules/standardized-audio-context/build/es2019/types/native-dynamics-compressor-node-factory-factory.js,86
./node_modules/standardized-audio-context/build/es2019/types/native-dynamics-compressor-node-factory-factory.js.map,198
./node_modules/standardized-audio-context/build/es2019/types/native-dynamics-compressor-node-factory.d.ts,417
./node_modules/standardized-audio-context/build/es2019/types/native-dynamics-compressor-node-factory.d.ts.map,403
./node_modules/standardized-audio-context/build/es2019/types/native-dynamics-compressor-node-factory.js,78
./node_modules/standardized-audio-context/build/es2019/types/native-dynamics-compressor-node-factory.js.map,182
./node_modules/standardized-audio-context/build/es2019/types/native-dynamics-compressor-node.d.ts,129
./node_modules/standardized-audio-context/build/es2019/types/native-dynamics-compressor-node.d.ts.map,206
./node_modules/standardized-audio-context/build/es2019/types/native-dynamics-compressor-node.js,70
./node_modules/standardized-audio-context/build/es2019/types/native-dynamics-compressor-node.js.map,166
./node_modules/standardized-audio-context/build/es2019/types/native-event-target.d.ts,95
./node_modules/standardized-audio-context/build/es2019/types/native-event-target.d.ts.map,180
./node_modules/standardized-audio-context/build/es2019/types/native-event-target.js,58
./node_modules/standardized-audio-context/build/es2019/types/native-event-target.js.map,142
./node_modules/standardized-audio-context/build/es2019/types/native-gain-node-factory.d.ts,317
./node_modules/standardized-audio-context/build/es2019/types/native-gain-node-factory.d.ts.map,362
./node_modules/standardized-audio-context/build/es2019/types/native-gain-node-factory.js,63
./node_modules/standardized-audio-context/build/es2019/types/native-gain-node-factory.js.map,152
./node_modules/standardized-audio-context/build/es2019/types/native-gain-node.d.ts,86
./node_modules/standardized-audio-context/build/es2019/types/native-gain-node.d.ts.map,172
./node_modules/standardized-audio-context/build/es2019/types/native-gain-node.js,55
./node_modules/standardized-audio-context/build/es2019/types/native-gain-node.js.map,136
./node_modules/standardized-audio-context/build/es2019/types/native-iir-filter-node-factory-factory.d.ts,387
./node_modules/standardized-audio-context/build/es2019/types/native-iir-filter-node-factory-factory.d.ts.map,341
./node_modules/standardized-audio-context/build/es2019/types/native-iir-filter-node-factory-factory.js,77
./node_modules/standardized-audio-context/build/es2019/types/native-iir-filter-node-factory-factory.js.map,180
./node_modules/standardized-audio-context/build/es2019/types/native-iir-filter-node-factory.d.ts,382
./node_modules/standardized-audio-context/build/es2019/types/native-iir-filter-node-factory.d.ts.map,416
./node_modules/standardized-audio-context/build/es2019/types/native-iir-filter-node-factory.js,69
./node_modules/standardized-audio-context/build/es2019/types/native-iir-filter-node-factory.js.map,164
./node_modules/standardized-audio-context/build/es2019/types/native-iir-filter-node-faker-factory-factory.d.ts,802
./node_modules/standardized-audio-context/build/es2019/types/native-iir-filter-node-faker-factory-factory.d.ts.map,563
./node_modules/standardized-audio-context/build/es2019/types/native-iir-filter-node-faker-factory-factory.js,83
./node_modules/standardized-audio-context/build/es2019/types/native-iir-filter-node-faker-factory-factory.js.map,192
./node_modules/standardized-audio-context/build/es2019/types/native-iir-filter-node-faker-factory.d.ts,360
./node_modules/standardized-audio-context/build/es2019/types/native-iir-filter-node-faker-factory.d.ts.map,395
./node_modules/standardized-audio-context/build/es2019/types/native-iir-filter-node-faker-factory.js,75
./node_modules/standardized-audio-context/build/es2019/types/native-iir-filter-node-faker-factory.js.map,176
./node_modules/standardized-audio-context/build/es2019/types/native-iir-filter-node.d.ts,102
./node_modules/standardized-audio-context/build/es2019/types/native-iir-filter-node.d.ts.map,186
./node_modules/standardized-audio-context/build/es2019/types/native-iir-filter-node.js,61
./node_modules/standardized-audio-context/build/es2019/types/native-iir-filter-node.js.map,148
./node_modules/standardized-audio-context/build/es2019/types/native-media-element-audio-source-node-factory.d.ts,477
./node_modules/standardized-audio-context/build/es2019/types/native-media-element-audio-source-node-factory.d.ts.map,423
./node_modules/standardized-audio-context/build/es2019/types/native-media-element-audio-source-node-factory.js,85
./node_modules/standardized-audio-context/build/es2019/types/native-media-element-audio-source-node-factory.js.map,196
./node_modules/standardized-audio-context/build/es2019/types/native-media-element-audio-source-node.d.ts,146
./node_modules/standardized-audio-context/build/es2019/types/native-media-element-audio-source-node.d.ts.map,220
./node_modules/standardized-audio-context/build/es2019/types/native-media-element-audio-source-node.js,77
./node_modules/standardized-audio-context/build/es2019/types/native-media-element-audio-source-node.js.map,180
./node_modules/standardized-audio-context/build/es2019/types/native-media-stream-audio-destination-node-factory.d.ts,469
./node_modules/standardized-audio-context/build/es2019/types/native-media-stream-audio-destination-node-factory.d.ts.map,431
./node_modules/standardized-audio-context/build/es2019/types/native-media-stream-audio-destination-node-factory.js,89
./node_modules/standardized-audio-context/build/es2019/types/native-media-stream-audio-destination-node-factory.js.map,204
./node_modules/standardized-audio-context/build/es2019/types/native-media-stream-audio-destination-node.d.ts,158
./node_modules/standardized-audio-context/build/es2019/types/native-media-stream-audio-destination-node.d.ts.map,228
./node_modules/standardized-audio-context/build/es2019/types/native-media-stream-audio-destination-node.js,81
./node_modules/standardized-audio-context/build/es2019/types/native-media-stream-audio-destination-node.js.map,188
./node_modules/standardized-audio-context/build/es2019/types/native-media-stream-audio-source-node-factory.d.ts,470
./node_modules/standardized-audio-context/build/es2019/types/native-media-stream-audio-source-node-factory.d.ts.map,421
./node_modules/standardized-audio-context/build/es2019/types/native-media-stream-audio-source-node-factory.js,84
./node_modules/standardized-audio-context/build/es2019/types/native-media-stream-audio-source-node-factory.js.map,194
./node_modules/standardized-audio-context/build/es2019/types/native-media-stream-audio-source-node.d.ts,143
./node_modules/standardized-audio-context/build/es2019/types/native-media-stream-audio-source-node.d.ts.map,218
./node_modules/standardized-audio-context/build/es2019/types/native-media-stream-audio-source-node.js,76
./node_modules/standardized-audio-context/build/es2019/types/native-media-stream-audio-source-node.js.map,178
./node_modules/standardized-audio-context/build/es2019/types/native-media-stream-track-audio-source-node-factory-factory.d.ts,619
./node_modules/standardized-audio-context/build/es2019/types/native-media-stream-track-audio-source-node-factory-factory.d.ts.map,453
./node_modules/standardized-audio-context/build/es2019/types/native-media-stream-track-audio-source-node-factory-factory.js,98
./node_modules/standardized-audio-context/build/es2019/types/native-media-stream-track-audio-source-node-factory-factory.js.map,222
./node_modules/standardized-audio-context/build/es2019/types/native-media-stream-track-audio-source-node-factory.d.ts,507
./node_modules/standardized-audio-context/build/es2019/types/native-media-stream-track-audio-source-node-factory.d.ts.map,433
./node_modules/standardized-audio-context/build/es2019/types/native-media-stream-track-audio-source-node-factory.js,90
./node_modules/standardized-audio-context/build/es2019/types/native-media-stream-track-audio-source-node-factory.js.map,206
./node_modules/standardized-audio-context/build/es2019/types/native-media-stream-track-audio-source-node.d.ts,200
./node_modules/standardized-audio-context/build/es2019/types/native-media-stream-track-audio-source-node.d.ts.map,275
./node_modules/standardized-audio-context/build/es2019/types/native-media-stream-track-audio-source-node.js,82
./node_modules/standardized-audio-context/build/es2019/types/native-media-stream-track-audio-source-node.js.map,190
./node_modules/standardized-audio-context/build/es2019/types/native-offline-audio-context-constructor-factory.d.ts,347
./node_modules/standardized-audio-context/build/es2019/types/native-offline-audio-context-constructor-factory.d.ts.map,371
./node_modules/standardized-audio-context/build/es2019/types/native-offline-audio-context-constructor-factory.js,87
./node_modules/standardized-audio-context/build/es2019/types/native-offline-audio-context-constructor-factory.js.map,200
./node_modules/standardized-audio-context/build/es2019/types/native-offline-audio-context-constructor.d.ts,150
./node_modules/standardized-audio-context/build/es2019/types/native-offline-audio-context-constructor.d.ts.map,229
./node_modules/standardized-audio-context/build/es2019/types/native-offline-audio-context-constructor.js,79
./node_modules/standardized-audio-context/build/es2019/types/native-offline-audio-context-constructor.js.map,184
./node_modules/standardized-audio-context/build/es2019/types/native-offline-audio-context.d.ts,120
./node_modules/standardized-audio-context/build/es2019/types/native-offline-audio-context.d.ts.map,200
./node_modules/standardized-audio-context/build/es2019/types/native-offline-audio-context.js,67
./node_modules/standardized-audio-context/build/es2019/types/native-offline-audio-context.js.map,160
./node_modules/standardized-audio-context/build/es2019/types/native-oscillator-node-factory-factory.d.ts,1136
./node_modules/standardized-audio-context/build/es2019/types/native-oscillator-node-factory-factory.d.ts.map,666
./node_modules/standardized-audio-context/build/es2019/types/native-oscillator-node-factory-factory.js,77
./node_modules/standardized-audio-context/build/es2019/types/native-oscillator-node-factory-factory.js.map,180
./node_modules/standardized-audio-context/build/es2019/types/native-oscillator-node-factory.d.ts,359
./node_modules/standardized-audio-context/build/es2019/types/native-oscillator-node-factory.d.ts.map,382
./node_modules/standardized-audio-context/build/es2019/types/native-oscillator-node-factory.js,69
./node_modules/standardized-audio-context/build/es2019/types/native-oscillator-node-factory.js.map,164
./node_modules/standardized-audio-context/build/es2019/types/native-oscillator-node.d.ts,104
./node_modules/standardized-audio-context/build/es2019/types/native-oscillator-node.d.ts.map,186
./node_modules/standardized-audio-context/build/es2019/types/native-oscillator-node.js,61
./node_modules/standardized-audio-context/build/es2019/types/native-oscillator-node.js.map,148
./node_modules/standardized-audio-context/build/es2019/types/native-panner-node-factory-factory.d.ts,357
./node_modules/standardized-audio-context/build/es2019/types/native-panner-node-factory-factory.d.ts.map,331
./node_modules/standardized-audio-context/build/es2019/types/native-panner-node-factory-factory.js,73
./node_modules/standardized-audio-context/build/es2019/types/native-panner-node-factory-factory.js.map,172
./node_modules/standardized-audio-context/build/es2019/types/native-panner-node-factory.d.ts,331
./node_modules/standardized-audio-context/build/es2019/types/native-panner-node-factory.d.ts.map,370
./node_modules/standardized-audio-context/build/es2019/types/native-panner-node-factory.js,65
./node_modules/standardized-audio-context/build/es2019/types/native-panner-node-factory.js.map,156
./node_modules/standardized-audio-context/build/es2019/types/native-panner-node-faker-factory-factory.d.ts,1752
./node_modules/standardized-audio-context/build/es2019/types/native-panner-node-faker-factory-factory.d.ts.map,973
./node_modules/standardized-audio-context/build/es2019/types/native-panner-node-faker-factory-factory.js,79
./node_modules/standardized-audio-context/build/es2019/types/native-panner-node-faker-factory-factory.js.map,184
./node_modules/standardized-audio-context/build/es2019/types/native-panner-node-faker-factory.d.ts,313
./node_modules/standardized-audio-context/build/es2019/types/native-panner-node-faker-factory.d.ts.map,349
./node_modules/standardized-audio-context/build/es2019/types/native-panner-node-faker-factory.js,71
./node_modules/standardized-audio-context/build/es2019/types/native-panner-node-faker-factory.js.map,168
./node_modules/standardized-audio-context/build/es2019/types/native-panner-node.d.ts,132
./node_modules/standardized-audio-context/build/es2019/types/native-panner-node.d.ts.map,215
./node_modules/standardized-audio-context/build/es2019/types/native-panner-node.js,57
./node_modules/standardized-audio-context/build/es2019/types/native-panner-node.js.map,140
./node_modules/standardized-audio-context/build/es2019/types/native-periodic-wave-factory-factory.d.ts,338
./node_modules/standardized-audio-context/build/es2019/types/native-periodic-wave-factory-factory.d.ts.map,335
./node_modules/standardized-audio-context/build/es2019/types/native-periodic-wave-factory-factory.js,75
./node_modules/standardized-audio-context/build/es2019/types/native-periodic-wave-factory-factory.js.map,176
./node_modules/standardized-audio-context/build/es2019/types/native-periodic-wave-factory.d.ts,353
./node_modules/standardized-audio-context/build/es2019/types/native-periodic-wave-factory.d.ts.map,378
./node_modules/standardized-audio-context/build/es2019/types/native-periodic-wave-factory.js,67
./node_modules/standardized-audio-context/build/es2019/types/native-periodic-wave-factory.js.map,160
./node_modules/standardized-audio-context/build/es2019/types/native-periodic-wave.d.ts,98
./node_modules/standardized-audio-context/build/es2019/types/native-periodic-wave.d.ts.map,182
./node_modules/standardized-audio-context/build/es2019/types/native-periodic-wave.js,59
./node_modules/standardized-audio-context/build/es2019/types/native-periodic-wave.js.map,144
./node_modules/standardized-audio-context/build/es2019/types/native-script-processor-node-factory.d.ts,388
./node_modules/standardized-audio-context/build/es2019/types/native-script-processor-node-factory.d.ts.map,398
./node_modules/standardized-audio-context/build/es2019/types/native-script-processor-node-factory.js,75
./node_modules/standardized-audio-context/build/es2019/types/native-script-processor-node-factory.js.map,176
./node_modules/standardized-audio-context/build/es2019/types/native-script-processor-node.d.ts,120
./node_modules/standardized-audio-context/build/es2019/types/native-script-processor-node.d.ts.map,200
./node_modules/standardized-audio-context/build/es2019/types/native-script-processor-node.js,67
./node_modules/standardized-audio-context/build/es2019/types/native-script-processor-node.js.map,160
./node_modules/standardized-audio-context/build/es2019/types/native-stereo-panner-node-factory-factory.d.ts,541
./node_modules/standardized-audio-context/build/es2019/types/native-stereo-panner-node-factory-factory.d.ts.map,417
./node_modules/standardized-audio-context/build/es2019/types/native-stereo-panner-node-factory-factory.js,80
./node_modules/standardized-audio-context/build/es2019/types/native-stereo-panner-node-factory-factory.js.map,186
./node_modules/standardized-audio-context/build/es2019/types/native-stereo-panner-node-factory.d.ts,375
./node_modules/standardized-audio-context/build/es2019/types/native-stereo-panner-node-factory.d.ts.map,388
./node_modules/standardized-audio-context/build/es2019/types/native-stereo-panner-node-factory.js,72
./node_modules/standardized-audio-context/build/es2019/types/native-stereo-panner-node-factory.js.map,170
./node_modules/standardized-audio-context/build/es2019/types/native-stereo-panner-node-faker-factory-factory.d.ts,1093
./node_modules/standardized-audio-context/build/es2019/types/native-stereo-panner-node-faker-factory-factory.d.ts.map,709
./node_modules/standardized-audio-context/build/es2019/types/native-stereo-panner-node-faker-factory-factory.js,86
./node_modules/standardized-audio-context/build/es2019/types/native-stereo-panner-node-faker-factory-factory.js.map,198
./node_modules/standardized-audio-context/build/es2019/types/native-stereo-panner-node-faker-factory.d.ts,350
./node_modules/standardized-audio-context/build/es2019/types/native-stereo-panner-node-faker-factory.d.ts.map,370
./node_modules/standardized-audio-context/build/es2019/types/native-stereo-panner-node-faker-factory.js,78
./node_modules/standardized-audio-context/build/es2019/types/native-stereo-panner-node-faker-factory.js.map,182
./node_modules/standardized-audio-context/build/es2019/types/native-stereo-panner-node.d.ts,111
./node_modules/standardized-audio-context/build/es2019/types/native-stereo-panner-node.d.ts.map,194
./node_modules/standardized-audio-context/build/es2019/types/native-stereo-panner-node.js,64
./node_modules/standardized-audio-context/build/es2019/types/native-stereo-panner-node.js.map,154
./node_modules/standardized-audio-context/build/es2019/types/native-wave-shaper-node-factory-factory.d.ts,1230
./node_modules/standardized-audio-context/build/es2019/types/native-wave-shaper-node-factory-factory.d.ts.map,771
./node_modules/standardized-audio-context/build/es2019/types/native-wave-shaper-node-factory-factory.js,78
./node_modules/standardized-audio-context/build/es2019/types/native-wave-shaper-node-factory-factory.js.map,182
./node_modules/standardized-audio-context/build/es2019/types/native-wave-shaper-node-factory.d.ts,361
./node_modules/standardized-audio-context/build/es2019/types/native-wave-shaper-node-factory.d.ts.map,384
./node_modules/standardized-audio-context/build/es2019/types/native-wave-shaper-node-factory.js,70
./node_modules/standardized-audio-context/build/es2019/types/native-wave-shaper-node-factory.js.map,166
./node_modules/standardized-audio-context/build/es2019/types/native-wave-shaper-node-faker-factory-factory.d.ts,929
./node_modules/standardized-audio-context/build/es2019/types/native-wave-shaper-node-faker-factory-factory.d.ts.map,633
./node_modules/standardized-audio-context/build/es2019/types/native-wave-shaper-node-faker-factory-factory.js,84
./node_modules/standardized-audio-context/build/es2019/types/native-wave-shaper-node-faker-factory-factory.js.map,194
./node_modules/standardized-audio-context/build/es2019/types/native-wave-shaper-node-faker-factory.d.ts,338
./node_modules/standardized-audio-context/build/es2019/types/native-wave-shaper-node-faker-factory.d.ts.map,363
./node_modules/standardized-audio-context/build/es2019/types/native-wave-shaper-node-faker-factory.js,76
./node_modules/standardized-audio-context/build/es2019/types/native-wave-shaper-node-faker-factory.js.map,178
./node_modules/standardized-audio-context/build/es2019/types/native-wave-shaper-node.d.ts,105
./node_modules/standardized-audio-context/build/es2019/types/native-wave-shaper-node.d.ts.map,188
./node_modules/standardized-audio-context/build/es2019/types/native-wave-shaper-node.js,62
./node_modules/standardized-audio-context/build/es2019/types/native-wave-shaper-node.js.map,150
./node_modules/standardized-audio-context/build/es2019/types/not-supported-error-factory.d.ts,117
./node_modules/standardized-audio-context/build/es2019/types/not-supported-error-factory.d.ts.map,201
./node_modules/standardized-audio-context/build/es2019/types/not-supported-error-factory.js,66
./node_modules/standardized-audio-context/build/es2019/types/not-supported-error-factory.js.map,158
./node_modules/standardized-audio-context/build/es2019/types/offline-audio-context-constructor-factory.d.ts,902
./node_modules/standardized-audio-context/build/es2019/types/offline-audio-context-constructor-factory.d.ts.map,621
./node_modules/standardized-audio-context/build/es2019/types/offline-audio-context-constructor-factory.js,80
./node_modules/standardized-audio-context/build/es2019/types/offline-audio-context-constructor-factory.js.map,186
./node_modules/standardized-audio-context/build/es2019/types/oscillator-node-constructor-factory.d.ts,1126
./node_modules/standardized-audio-context/build/es2019/types/oscillator-node-constructor-factory.d.ts.map,755
./node_modules/standardized-audio-context/build/es2019/types/oscillator-node-constructor-factory.js,74
./node_modules/standardized-audio-context/build/es2019/types/oscillator-node-constructor-factory.js.map,174
./node_modules/standardized-audio-context/build/es2019/types/oscillator-node-constructor.d.ts,304
./node_modules/standardized-audio-context/build/es2019/types/oscillator-node-constructor.d.ts.map,392
./node_modules/standardized-audio-context/build/es2019/types/oscillator-node-constructor.js,66
./node_modules/standardized-audio-context/build/es2019/types/oscillator-node-constructor.js.map,158
./node_modules/standardized-audio-context/build/es2019/types/oscillator-node-renderer-factory-factory.d.ts,904
./node_modules/standardized-audio-context/build/es2019/types/oscillator-node-renderer-factory-factory.d.ts.map,625
./node_modules/standardized-audio-context/build/es2019/types/oscillator-node-renderer-factory-factory.js,79
./node_modules/standardized-audio-context/build/es2019/types/oscillator-node-renderer-factory-factory.js.map,184
./node_modules/standardized-audio-context/build/es2019/types/oscillator-node-renderer-factory.d.ts,311
./node_modules/standardized-audio-context/build/es2019/types/oscillator-node-renderer-factory.d.ts.map,329
./node_modules/standardized-audio-context/build/es2019/types/oscillator-node-renderer-factory.js,71
./node_modules/standardized-audio-context/build/es2019/types/oscillator-node-renderer-factory.js.map,168
./node_modules/standardized-audio-context/build/es2019/types/oscillator-node-renderer.d.ts,356
./node_modules/standardized-audio-context/build/es2019/types/oscillator-node-renderer.d.ts.map,381
./node_modules/standardized-audio-context/build/es2019/types/oscillator-node-renderer.js,63
./node_modules/standardized-audio-context/build/es2019/types/oscillator-node-renderer.js.map,152
./node_modules/standardized-audio-context/build/es2019/types/oscillator-type.d.ts,131
./node_modules/standardized-audio-context/build/es2019/types/oscillator-type.d.ts.map,210
./node_modules/standardized-audio-context/build/es2019/types/oscillator-type.js,54
./node_modules/standardized-audio-context/build/es2019/types/oscillator-type.js.map,134
./node_modules/standardized-audio-context/build/es2019/types/output-connection.d.ts,354
./node_modules/standardized-audio-context/build/es2019/types/output-connection.d.ts.map,356
./node_modules/standardized-audio-context/build/es2019/types/output-connection.js,56
./node_modules/standardized-audio-context/build/es2019/types/output-connection.js.map,138
./node_modules/standardized-audio-context/build/es2019/types/over-sample-type.d.ts,98
./node_modules/standardized-audio-context/build/es2019/types/over-sample-type.d.ts.map,192
./node_modules/standardized-audio-context/build/es2019/types/over-sample-type.js,55
./node_modules/standardized-audio-context/build/es2019/types/over-sample-type.js.map,136
./node_modules/standardized-audio-context/build/es2019/types/overwrite-accessors-function.d.ts,338
./node_modules/standardized-audio-context/build/es2019/types/overwrite-accessors-function.d.ts.map,465
./node_modules/standardized-audio-context/build/es2019/types/overwrite-accessors-function.js,67
./node_modules/standardized-audio-context/build/es2019/types/overwrite-accessors-function.js.map,160
./node_modules/standardized-audio-context/build/es2019/types/panner-node-constructor-factory.d.ts,1088
./node_modules/standardized-audio-context/build/es2019/types/panner-node-constructor-factory.d.ts.map,747
./node_modules/standardized-audio-context/build/es2019/types/panner-node-constructor-factory.js,70
./node_modules/standardized-audio-context/build/es2019/types/panner-node-constructor-factory.js.map,166
./node_modules/standardized-audio-context/build/es2019/types/panner-node-constructor.d.ts,280
./node_modules/standardized-audio-context/build/es2019/types/panner-node-constructor.d.ts.map,380
./node_modules/standardized-audio-context/build/es2019/types/panner-node-constructor.js,62
./node_modules/standardized-audio-context/build/es2019/types/panner-node-constructor.js.map,150
./node_modules/standardized-audio-context/build/es2019/types/panner-node-renderer-factory-factory.d.ts,1657
./node_modules/standardized-audio-context/build/es2019/types/panner-node-renderer-factory-factory.d.ts.map,977
./node_modules/standardized-audio-context/build/es2019/types/panner-node-renderer-factory-factory.js,75
./node_modules/standardized-audio-context/build/es2019/types/panner-node-renderer-factory-factory.js.map,176
./node_modules/standardized-audio-context/build/es2019/types/panner-node-renderer-factory.d.ts,322
./node_modules/standardized-audio-context/build/es2019/types/panner-node-renderer-factory.d.ts.map,358
./node_modules/standardized-audio-context/build/es2019/types/panner-node-renderer-factory.js,67
./node_modules/standardized-audio-context/build/es2019/types/panner-node-renderer-factory.js.map,160
./node_modules/standardized-audio-context/build/es2019/types/panning-model-type.d.ts,103
./node_modules/standardized-audio-context/build/es2019/types/panning-model-type.d.ts.map,188
./node_modules/standardized-audio-context/build/es2019/types/panning-model-type.js,57
./node_modules/standardized-audio-context/build/es2019/types/panning-model-type.js.map,140
./node_modules/standardized-audio-context/build/es2019/types/passive-audio-node-input-connection.d.ts,238
./node_modules/standardized-audio-context/build/es2019/types/passive-audio-node-input-connection.d.ts.map,289
./node_modules/standardized-audio-context/build/es2019/types/passive-audio-node-input-connection.js,74
./node_modules/standardized-audio-context/build/es2019/types/passive-audio-node-input-connection.js.map,174
./node_modules/standardized-audio-context/build/es2019/types/passive-audio-param-input-connection.d.ts,232
./node_modules/standardized-audio-context/build/es2019/types/passive-audio-param-input-connection.d.ts.map,281
./node_modules/standardized-audio-context/build/es2019/types/passive-audio-param-input-connection.js,75
./node_modules/standardized-audio-context/build/es2019/types/passive-audio-param-input-connection.js.map,176
./node_modules/standardized-audio-context/build/es2019/types/periodic-wave-constructor-factory.d.ts,717
./node_modules/standardized-audio-context/build/es2019/types/periodic-wave-constructor-factory.d.ts.map,550
./node_modules/standardized-audio-context/build/es2019/types/periodic-wave-constructor-factory.js,72
./node_modules/standardized-audio-context/build/es2019/types/periodic-wave-constructor-factory.js.map,170
./node_modules/standardized-audio-context/build/es2019/types/periodic-wave-constructor.d.ts,297
./node_modules/standardized-audio-context/build/es2019/types/periodic-wave-constructor.d.ts.map,373
./node_modules/standardized-audio-context/build/es2019/types/periodic-wave-constructor.js,64
./node_modules/standardized-audio-context/build/es2019/types/periodic-wave-constructor.js.map,154
./node_modules/standardized-audio-context/build/es2019/types/pick-element-from-set-function.d.ts,161
./node_modules/standardized-audio-context/build/es2019/types/pick-element-from-set-function.d.ts.map,297
./node_modules/standardized-audio-context/build/es2019/types/pick-element-from-set-function.js,69
./node_modules/standardized-audio-context/build/es2019/types/pick-element-from-set-function.js.map,164
./node_modules/standardized-audio-context/build/es2019/types/render-automation-factory.d.ts,494
./node_modules/standardized-audio-context/build/es2019/types/render-automation-factory.d.ts.map,385
./node_modules/standardized-audio-context/build/es2019/types/render-automation-factory.js,64
./node_modules/standardized-audio-context/build/es2019/types/render-automation-factory.js.map,154
./node_modules/standardized-audio-context/build/es2019/types/render-automation-function.d.ts,412
./node_modules/standardized-audio-context/build/es2019/types/render-automation-function.d.ts.map,417
./node_modules/standardized-audio-context/build/es2019/types/render-automation-function.js,65
./node_modules/standardized-audio-context/build/es2019/types/render-automation-function.js.map,156
./node_modules/standardized-audio-context/build/es2019/types/render-inputs-of-audio-node-factory.d.ts,640
./node_modules/standardized-audio-context/build/es2019/types/render-inputs-of-audio-node-factory.d.ts.map,473
./node_modules/standardized-audio-context/build/es2019/types/render-inputs-of-audio-node-factory.js,74
./node_modules/standardized-audio-context/build/es2019/types/render-inputs-of-audio-node-factory.js.map,174
./node_modules/standardized-audio-context/build/es2019/types/render-inputs-of-audio-node-function.d.ts,538
./node_modules/standardized-audio-context/build/es2019/types/render-inputs-of-audio-node-function.d.ts.map,508
./node_modules/standardized-audio-context/build/es2019/types/render-inputs-of-audio-node-function.js,75
./node_modules/standardized-audio-context/build/es2019/types/render-inputs-of-audio-node-function.js.map,176
./node_modules/standardized-audio-context/build/es2019/types/render-inputs-of-audio-param-factory.d.ts,649
./node_modules/standardized-audio-context/build/es2019/types/render-inputs-of-audio-param-factory.d.ts.map,475
./node_modules/standardized-audio-context/build/es2019/types/render-inputs-of-audio-param-factory.js,75
./node_modules/standardized-audio-context/build/es2019/types/render-inputs-of-audio-param-factory.js.map,176
./node_modules/standardized-audio-context/build/es2019/types/render-inputs-of-audio-param-function.d.ts,431
./node_modules/standardized-audio-context/build/es2019/types/render-inputs-of-audio-param-function.d.ts.map,439
./node_modules/standardized-audio-context/build/es2019/types/render-inputs-of-audio-param-function.js,76
./node_modules/standardized-audio-context/build/es2019/types/render-inputs-of-audio-param-function.js.map,178
./node_modules/standardized-audio-context/build/es2019/types/render-native-offline-audio-context-factory.d.ts,738
./node_modules/standardized-audio-context/build/es2019/types/render-native-offline-audio-context-factory.d.ts.map,532
./node_modules/standardized-audio-context/build/es2019/types/render-native-offline-audio-context-factory.js,82
./node_modules/standardized-audio-context/build/es2019/types/render-native-offline-audio-context-factory.js.map,190
./node_modules/standardized-audio-context/build/es2019/types/render-native-offline-audio-context-function.d.ts,354
./node_modules/standardized-audio-context/build/es2019/types/render-native-offline-audio-context-function.d.ts.map,368
./node_modules/standardized-audio-context/build/es2019/types/render-native-offline-audio-context-function.js,83
./node_modules/standardized-audio-context/build/es2019/types/render-native-offline-audio-context-function.js.map,192
./node_modules/standardized-audio-context/build/es2019/types/sanitize-audio-worklet-node-options-function.d.ts,344
./node_modules/standardized-audio-context/build/es2019/types/sanitize-audio-worklet-node-options-function.d.ts.map,385
./node_modules/standardized-audio-context/build/es2019/types/sanitize-audio-worklet-node-options-function.js,83
./node_modules/standardized-audio-context/build/es2019/types/sanitize-audio-worklet-node-options-function.js.map,192
./node_modules/standardized-audio-context/build/es2019/types/sanitize-channel-splitter-options-function.d.ts,246
./node_modules/standardized-audio-context/build/es2019/types/sanitize-channel-splitter-options-function.d.ts.map,298
./node_modules/standardized-audio-context/build/es2019/types/sanitize-channel-splitter-options-function.js,81
./node_modules/standardized-audio-context/build/es2019/types/sanitize-channel-splitter-options-function.js.map,188
./node_modules/standardized-audio-context/build/es2019/types/sanitize-periodic-wave-options-function.d.ts,281
./node_modules/standardized-audio-context/build/es2019/types/sanitize-periodic-wave-options-function.d.ts.map,346
./node_modules/standardized-audio-context/build/es2019/types/sanitize-periodic-wave-options-function.js,78
./node_modules/standardized-audio-context/build/es2019/types/sanitize-periodic-wave-options-function.js.map,182
./node_modules/standardized-audio-context/build/es2019/types/set-active-audio-worklet-node-inputs-factory.d.ts,448
./node_modules/standardized-audio-context/build/es2019/types/set-active-audio-worklet-node-inputs-factory.d.ts.map,353
./node_modules/standardized-audio-context/build/es2019/types/set-active-audio-worklet-node-inputs-factory.js,83
./node_modules/standardized-audio-context/build/es2019/types/set-active-audio-worklet-node-inputs-factory.js.map,192
./node_modules/standardized-audio-context/build/es2019/types/set-active-audio-worklet-node-inputs-function.d.ts,434
./node_modules/standardized-audio-context/build/es2019/types/set-active-audio-worklet-node-inputs-function.d.ts.map,472
./node_modules/standardized-audio-context/build/es2019/types/set-active-audio-worklet-node-inputs-function.js,84
./node_modules/standardized-audio-context/build/es2019/types/set-active-audio-worklet-node-inputs-function.js.map,194
./node_modules/standardized-audio-context/build/es2019/types/set-audio-node-tail-time-factory.d.ts,346
./node_modules/standardized-audio-context/build/es2019/types/set-audio-node-tail-time-factory.d.ts.map,327
./node_modules/standardized-audio-context/build/es2019/types/set-audio-node-tail-time-factory.js,71
./node_modules/standardized-audio-context/build/es2019/types/set-audio-node-tail-time-factory.js.map,168
./node_modules/standardized-audio-context/build/es2019/types/set-audio-node-tail-time-function.d.ts,263
./node_modules/standardized-audio-context/build/es2019/types/set-audio-node-tail-time-function.d.ts.map,370
./node_modules/standardized-audio-context/build/es2019/types/set-audio-node-tail-time-function.js,72
./node_modules/standardized-audio-context/build/es2019/types/set-audio-node-tail-time-function.js.map,170
./node_modules/standardized-audio-context/build/es2019/types/set-value-at-time-until-possible-function.d.ts,236
./node_modules/standardized-audio-context/build/es2019/types/set-value-at-time-until-possible-function.d.ts.map,330
./node_modules/standardized-audio-context/build/es2019/types/set-value-at-time-until-possible-function.js,80
./node_modules/standardized-audio-context/build/es2019/types/set-value-at-time-until-possible-function.js.map,186
./node_modules/standardized-audio-context/build/es2019/types/start-rendering-factory.d.ts,1491
./node_modules/standardized-audio-context/build/es2019/types/start-rendering-factory.d.ts.map,826
./node_modules/standardized-audio-context/build/es2019/types/start-rendering-factory.js,62
./node_modules/standardized-audio-context/build/es2019/types/start-rendering-factory.js.map,150
./node_modules/standardized-audio-context/build/es2019/types/start-rendering-function.d.ts,524
./node_modules/standardized-audio-context/build/es2019/types/start-rendering-function.d.ts.map,467
./node_modules/standardized-audio-context/build/es2019/types/start-rendering-function.js,63
./node_modules/standardized-audio-context/build/es2019/types/start-rendering-function.js.map,152
./node_modules/standardized-audio-context/build/es2019/types/stereo-panner-node-constructor-factory.d.ts,1032
./node_modules/standardized-audio-context/build/es2019/types/stereo-panner-node-constructor-factory.d.ts.map,691
./node_modules/standardized-audio-context/build/es2019/types/stereo-panner-node-constructor-factory.js,77
./node_modules/standardized-audio-context/build/es2019/types/stereo-panner-node-constructor-factory.js.map,180
./node_modules/standardized-audio-context/build/es2019/types/stereo-panner-node-constructor.d.ts,317
./node_modules/standardized-audio-context/build/es2019/types/stereo-panner-node-constructor.d.ts.map,404
./node_modules/standardized-audio-context/build/es2019/types/stereo-panner-node-constructor.js,69
./node_modules/standardized-audio-context/build/es2019/types/stereo-panner-node-constructor.js.map,164
./node_modules/standardized-audio-context/build/es2019/types/stereo-panner-node-renderer-factory-factory.d.ts,925
./node_modules/standardized-audio-context/build/es2019/types/stereo-panner-node-renderer-factory-factory.d.ts.map,631
./node_modules/standardized-audio-context/build/es2019/types/stereo-panner-node-renderer-factory-factory.js,82
./node_modules/standardized-audio-context/build/es2019/types/stereo-panner-node-renderer-factory-factory.js.map,190
./node_modules/standardized-audio-context/build/es2019/types/stereo-panner-node-renderer-factory.d.ts,347
./node_modules/standardized-audio-context/build/es2019/types/stereo-panner-node-renderer-factory.d.ts.map,376
./node_modules/standardized-audio-context/build/es2019/types/stereo-panner-node-renderer-factory.js,74
./node_modules/standardized-audio-context/build/es2019/types/stereo-panner-node-renderer-factory.js.map,174
./node_modules/standardized-audio-context/build/es2019/types/test-audio-buffer-constructor-support-factory.d.ts,301
./node_modules/standardized-audio-context/build/es2019/types/test-audio-buffer-constructor-support-factory.d.ts.map,323
./node_modules/standardized-audio-context/build/es2019/types/test-audio-buffer-constructor-support-factory.js,84
./node_modules/standardized-audio-context/build/es2019/types/test-audio-buffer-constructor-support-factory.js.map,194
./node_modules/standardized-audio-context/build/es2019/types/test-audio-buffer-copy-channel-methods-subarray-support-factory.d.ts,367
./node_modules/standardized-audio-context/build/es2019/types/test-audio-buffer-copy-channel-methods-subarray-support-factory.d.ts.map,359
./node_modules/standardized-audio-context/build/es2019/types/test-audio-buffer-copy-channel-methods-subarray-support-factory.js,102
./node_modules/standardized-audio-context/build/es2019/types/test-audio-buffer-copy-channel-methods-subarray-support-factory.js.map,230
./node_modules/standardized-audio-context/build/es2019/types/test-audio-context-close-method-support-factory.d.ts,308
./node_modules/standardized-audio-context/build/es2019/types/test-audio-context-close-method-support-factory.d.ts.map,327
./node_modules/standardized-audio-context/build/es2019/types/test-audio-context-close-method-support-factory.js,86
./node_modules/standardized-audio-context/build/es2019/types/test-audio-context-close-method-support-factory.js.map,198
./node_modules/standardized-audio-context/build/es2019/types/test-audio-context-decode-audio-data-method-type-error-support-factory.d.ts,388
./node_modules/standardized-audio-context/build/es2019/types/test-audio-context-decode-audio-data-method-type-error-support-factory.d.ts.map,388
./node_modules/standardized-audio-context/build/es2019/types/test-audio-context-decode-audio-data-method-type-error-support-factory.js,109
./node_modules/standardized-audio-context/build/es2019/types/test-audio-context-decode-audio-data-method-type-error-support-factory.js.map,244
./node_modules/standardized-audio-context/build/es2019/types/test-audio-context-options-support-factory.d.ts,299
./node_modules/standardized-audio-context/build/es2019/types/test-audio-context-options-support-factory.d.ts.map,317
./node_modules/standardized-audio-context/build/es2019/types/test-audio-context-options-support-factory.js,81
./node_modules/standardized-audio-context/build/es2019/types/test-audio-context-options-support-factory.js.map,188
./node_modules/standardized-audio-context/build/es2019/types/test-audio-node-connect-method-support-factory.d.ts,335
./node_modules/standardized-audio-context/build/es2019/types/test-audio-node-connect-method-support-factory.d.ts.map,325
./node_modules/standardized-audio-context/build/es2019/types/test-audio-node-connect-method-support-factory.js,85
./node_modules/standardized-audio-context/build/es2019/types/test-audio-node-connect-method-support-factory.js.map,196
./node_modules/standardized-audio-context/build/es2019/types/test-audio-worklet-node-options-clonability-function.d.ts,263
./node_modules/standardized-audio-context/build/es2019/types/test-audio-worklet-node-options-clonability-function.d.ts.map,318
./node_modules/standardized-audio-context/build/es2019/types/test-audio-worklet-node-options-clonability-function.js,91
./node_modules/standardized-audio-context/build/es2019/types/test-audio-worklet-node-options-clonability-function.js.map,208
./node_modules/standardized-audio-context/build/es2019/types/test-audio-worklet-processor-no-outputs-support-factory.d.ts,533
./node_modules/standardized-audio-context/build/es2019/types/test-audio-worklet-processor-no-outputs-support-factory.d.ts.map,438
./node_modules/standardized-audio-context/build/es2019/types/test-audio-worklet-processor-no-outputs-support-factory.js,94
./node_modules/standardized-audio-context/build/es2019/types/test-audio-worklet-processor-no-outputs-support-factory.js.map,214
./node_modules/standardized-audio-context/build/es2019/types/test-audio-worklet-processor-post-message-support-factory.d.ts,537
./node_modules/standardized-audio-context/build/es2019/types/test-audio-worklet-processor-post-message-support-factory.d.ts.map,442
./node_modules/standardized-audio-context/build/es2019/types/test-audio-worklet-processor-post-message-support-factory.js,96
./node_modules/standardized-audio-context/build/es2019/types/test-audio-worklet-processor-post-message-support-factory.js.map,218
./node_modules/standardized-audio-context/build/es2019/types/test-channel-merger-node-channel-count-support-factory.d.ts,350
./node_modules/standardized-audio-context/build/es2019/types/test-channel-merger-node-channel-count-support-factory.d.ts.map,341
./node_modules/standardized-audio-context/build/es2019/types/test-channel-merger-node-channel-count-support-factory.js,93
./node_modules/standardized-audio-context/build/es2019/types/test-channel-merger-node-channel-count-support-factory.js.map,212
./node_modules/standardized-audio-context/build/es2019/types/test-constant-source-node-accurate-scheduling-support-factory.d.ts,364
./node_modules/standardized-audio-context/build/es2019/types/test-constant-source-node-accurate-scheduling-support-factory.d.ts.map,355
./node_modules/standardized-audio-context/build/es2019/types/test-constant-source-node-accurate-scheduling-support-factory.js,100
./node_modules/standardized-audio-context/build/es2019/types/test-constant-source-node-accurate-scheduling-support-factory.js.map,226
./node_modules/standardized-audio-context/build/es2019/types/test-convolver-node-buffer-reassignability-support-factory.d.ts,359
./node_modules/standardized-audio-context/build/es2019/types/test-convolver-node-buffer-reassignability-support-factory.d.ts.map,349
./node_modules/standardized-audio-context/build/es2019/types/test-convolver-node-buffer-reassignability-support-factory.js,97
./node_modules/standardized-audio-context/build/es2019/types/test-convolver-node-buffer-reassignability-support-factory.js.map,220
./node_modules/standardized-audio-context/build/es2019/types/test-convolver-node-channel-count-support-factory.d.ts,341
./node_modules/standardized-audio-context/build/es2019/types/test-convolver-node-channel-count-support-factory.d.ts.map,331
./node_modules/standardized-audio-context/build/es2019/types/test-convolver-node-channel-count-support-factory.js,88
./node_modules/standardized-audio-context/build/es2019/types/test-convolver-node-channel-count-support-factory.js.map,202
./node_modules/standardized-audio-context/build/es2019/types/test-is-secure-context-support-factory.d.ts,196
./node_modules/standardized-audio-context/build/es2019/types/test-is-secure-context-support-factory.d.ts.map,299
./node_modules/standardized-audio-context/build/es2019/types/test-is-secure-context-support-factory.js,77
./node_modules/standardized-audio-context/build/es2019/types/test-is-secure-context-support-factory.js.map,180
./node_modules/standardized-audio-context/build/es2019/types/test-media-stream-audio-source-node-media-stream-without-audio-track-support.d.ts,368
./node_modules/standardized-audio-context/build/es2019/types/test-media-stream-audio-source-node-media-stream-without-audio-track-support.d.ts.map,385
./node_modules/standardized-audio-context/build/es2019/types/test-media-stream-audio-source-node-media-stream-without-audio-track-support.js,115
./node_modules/standardized-audio-context/build/es2019/types/test-media-stream-audio-source-node-media-stream-without-audio-track-support.js.map,256
./node_modules/standardized-audio-context/build/es2019/types/test-offline-audio-context-current-time-support-factory.d.ts,476
./node_modules/standardized-audio-context/build/es2019/types/test-offline-audio-context-current-time-support-factory.d.ts.map,428
./node_modules/standardized-audio-context/build/es2019/types/test-offline-audio-context-current-time-support-factory.js,94
./node_modules/standardized-audio-context/build/es2019/types/test-offline-audio-context-current-time-support-factory.js.map,214
./node_modules/standardized-audio-context/build/es2019/types/test-stereo-panner-node-default-value-support-factory.d.ts,357
./node_modules/standardized-audio-context/build/es2019/types/test-stereo-panner-node-default-value-support-factory.d.ts.map,354
./node_modules/standardized-audio-context/build/es2019/types/test-stereo-panner-node-default-value-support-factory.js,92
./node_modules/standardized-audio-context/build/es2019/types/test-stereo-panner-node-default-value-support-factory.js.map,210
./node_modules/standardized-audio-context/build/es2019/types/unknown-error-factory.d.ts,106
./node_modules/standardized-audio-context/build/es2019/types/unknown-error-factory.d.ts.map,189
./node_modules/standardized-audio-context/build/es2019/types/unknown-error-factory.js,60
./node_modules/standardized-audio-context/build/es2019/types/unknown-error-factory.js.map,146
./node_modules/standardized-audio-context/build/es2019/types/unrendered-audio-worklet-node-store.d.ts,299
./node_modules/standardized-audio-context/build/es2019/types/unrendered-audio-worklet-node-store.d.ts.map,327
./node_modules/standardized-audio-context/build/es2019/types/unrendered-audio-worklet-node-store.js,74
./node_modules/standardized-audio-context/build/es2019/types/unrendered-audio-worklet-node-store.js.map,174
./node_modules/standardized-audio-context/build/es2019/types/unrendered-audio-worklet-nodes.d.ts,281
./node_modules/standardized-audio-context/build/es2019/types/unrendered-audio-worklet-nodes.d.ts.map,315
./node_modules/standardized-audio-context/build/es2019/types/unrendered-audio-worklet-nodes.js,69
./node_modules/standardized-audio-context/build/es2019/types/unrendered-audio-worklet-nodes.js.map,164
./node_modules/standardized-audio-context/build/es2019/types/wave-shaper-node-constructor-factory.d.ts,1173
./node_modules/standardized-audio-context/build/es2019/types/wave-shaper-node-constructor-factory.d.ts.map,757
./node_modules/standardized-audio-context/build/es2019/types/wave-shaper-node-constructor-factory.js,75
./node_modules/standardized-audio-context/build/es2019/types/wave-shaper-node-constructor-factory.js.map,176
./node_modules/standardized-audio-context/build/es2019/types/wave-shaper-node-constructor.d.ts,305
./node_modules/standardized-audio-context/build/es2019/types/wave-shaper-node-constructor.d.ts.map,394
./node_modules/standardized-audio-context/build/es2019/types/wave-shaper-node-constructor.js,67
./node_modules/standardized-audio-context/build/es2019/types/wave-shaper-node-constructor.js.map,160
./node_modules/standardized-audio-context/build/es2019/types/wave-shaper-node-renderer-factory-factory.d.ts,664
./node_modules/standardized-audio-context/build/es2019/types/wave-shaper-node-renderer-factory-factory.d.ts.map,487
./node_modules/standardized-audio-context/build/es2019/types/wave-shaper-node-renderer-factory-factory.js,80
./node_modules/standardized-audio-context/build/es2019/types/wave-shaper-node-renderer-factory-factory.js.map,186
./node_modules/standardized-audio-context/build/es2019/types/wave-shaper-node-renderer-factory.d.ts,339
./node_modules/standardized-audio-context/build/es2019/types/wave-shaper-node-renderer-factory.d.ts.map,368
./node_modules/standardized-audio-context/build/es2019/types/wave-shaper-node-renderer-factory.js,72
./node_modules/standardized-audio-context/build/es2019/types/wave-shaper-node-renderer-factory.js.map,170
./node_modules/standardized-audio-context/build/es2019/types/window-factory.d.ts,131
./node_modules/standardized-audio-context/build/es2019/types/window-factory.d.ts.map,224
./node_modules/standardized-audio-context/build/es2019/types/window-factory.js,53
./node_modules/standardized-audio-context/build/es2019/types/window-factory.js.map,132
./node_modules/standardized-audio-context/build/es2019/types/window.d.ts,86
./node_modules/standardized-audio-context/build/es2019/types/window.d.ts.map,167
./node_modules/standardized-audio-context/build/es2019/types/window.js,45
./node_modules/standardized-audio-context/build/es2019/types/window.js.map,116
./node_modules/standardized-audio-context/build/es2019/types/wrap-audio-buffer-copy-channel-methods-factory.d.ts,573
./node_modules/standardized-audio-context/build/es2019/types/wrap-audio-buffer-copy-channel-methods-factory.d.ts.map,427
./node_modules/standardized-audio-context/build/es2019/types/wrap-audio-buffer-copy-channel-methods-factory.js,85
./node_modules/standardized-audio-context/build/es2019/types/wrap-audio-buffer-copy-channel-methods-factory.js.map,196
./node_modules/standardized-audio-context/build/es2019/types/wrap-audio-buffer-copy-channel-methods-function.d.ts,243
./node_modules/standardized-audio-context/build/es2019/types/wrap-audio-buffer-copy-channel-methods-function.d.ts.map,310
./node_modules/standardized-audio-context/build/es2019/types/wrap-audio-buffer-copy-channel-methods-function.js,86
./node_modules/standardized-audio-context/build/es2019/types/wrap-audio-buffer-copy-channel-methods-function.js.map,198
./node_modules/standardized-audio-context/build/es2019/types/wrap-audio-buffer-copy-channel-methods-out-of-bounds-factory.d.ts,519
./node_modules/standardized-audio-context/build/es2019/types/wrap-audio-buffer-copy-channel-methods-out-of-bounds-factory.d.ts.map,385
./node_modules/standardized-audio-context/build/es2019/types/wrap-audio-buffer-copy-channel-methods-out-of-bounds-factory.js,99
./node_modules/standardized-audio-context/build/es2019/types/wrap-audio-buffer-copy-channel-methods-out-of-bounds-factory.js.map,224
./node_modules/standardized-audio-context/build/es2019/types/wrap-audio-buffer-copy-channel-methods-out-of-bounds-function.d.ts,268
./node_modules/standardized-audio-context/build/es2019/types/wrap-audio-buffer-copy-channel-methods-out-of-bounds-function.d.ts.map,338
./node_modules/standardized-audio-context/build/es2019/types/wrap-audio-buffer-copy-channel-methods-out-of-bounds-function.js,100
./node_modules/standardized-audio-context/build/es2019/types/wrap-audio-buffer-copy-channel-methods-out-of-bounds-function.js.map,226
./node_modules/standardized-audio-context/build/es2019/types/wrap-audio-buffer-source-node-start-method-offset-clamping-function.d.ts,322
./node_modules/standardized-audio-context/build/es2019/types/wrap-audio-buffer-source-node-start-method-offset-clamping-function.d.ts.map,352
./node_modules/standardized-audio-context/build/es2019/types/wrap-audio-buffer-source-node-start-method-offset-clamping-function.js,106
./node_modules/standardized-audio-context/build/es2019/types/wrap-audio-buffer-source-node-start-method-offset-clamping-function.js.map,238
./node_modules/standardized-audio-context/build/es2019/types/wrap-audio-buffer-source-node-stop-method-nullified-buffer-factory.d.ts,510
./node_modules/standardized-audio-context/build/es2019/types/wrap-audio-buffer-source-node-stop-method-nullified-buffer-factory.d.ts.map,397
./node_modules/standardized-audio-context/build/es2019/types/wrap-audio-buffer-source-node-stop-method-nullified-buffer-factory.js,105
./node_modules/standardized-audio-context/build/es2019/types/wrap-audio-buffer-source-node-stop-method-nullified-buffer-factory.js.map,236
./node_modules/standardized-audio-context/build/es2019/types/wrap-audio-buffer-source-node-stop-method-nullified-buffer-function.d.ts,404
./node_modules/standardized-audio-context/build/es2019/types/wrap-audio-buffer-source-node-stop-method-nullified-buffer-function.d.ts.map,416
./node_modules/standardized-audio-context/build/es2019/types/wrap-audio-buffer-source-node-stop-method-nullified-buffer-function.js,106
./node_modules/standardized-audio-context/build/es2019/types/wrap-audio-buffer-source-node-stop-method-nullified-buffer-function.js.map,238
./node_modules/standardized-audio-context/build/es2019/types/wrap-audio-scheduled-source-node-stop-method-consecutive-calls-function.d.ts,608
./node_modules/standardized-audio-context/build/es2019/types/wrap-audio-scheduled-source-node-stop-method-consecutive-calls-function.d.ts.map,538
./node_modules/standardized-audio-context/build/es2019/types/wrap-audio-scheduled-source-node-stop-method-consecutive-calls-function.js,110
./node_modules/standardized-audio-context/build/es2019/types/wrap-audio-scheduled-source-node-stop-method-consecutive-calls-function.js.map,246
./node_modules/standardized-audio-context/build/es2019/types/wrap-channel-merger-node-factory.d.ts,490
./node_modules/standardized-audio-context/build/es2019/types/wrap-channel-merger-node-factory.d.ts.map,399
./node_modules/standardized-audio-context/build/es2019/types/wrap-channel-merger-node-factory.js,71
./node_modules/standardized-audio-context/build/es2019/types/wrap-channel-merger-node-factory.js.map,168
./node_modules/standardized-audio-context/build/es2019/types/wrap-channel-merger-node-function.d.ts,318
./node_modules/standardized-audio-context/build/es2019/types/wrap-channel-merger-node-function.d.ts.map,345
./node_modules/standardized-audio-context/build/es2019/types/wrap-channel-merger-node-function.js,72
./node_modules/standardized-audio-context/build/es2019/types/wrap-channel-merger-node-function.js.map,170
./node_modules/standardized-audio-context/build/es2019/types/wrap-event-listener-function.d.ts,183
./node_modules/standardized-audio-context/build/es2019/types/wrap-event-listener-function.d.ts.map,255
./node_modules/standardized-audio-context/build/es2019/types/wrap-event-listener-function.js,67
./node_modules/standardized-audio-context/build/es2019/types/wrap-event-listener-function.js.map,160
./node_modules/standardized-audio-context/build/es5/bundle.js,573743
./node_modules/standardized-audio-context/package.json,3661
./node_modules/standardized-audio-context/src/constants.ts,138
./node_modules/standardized-audio-context/src/factories/abort-error.ts,142
./node_modules/standardized-audio-context/src/factories/add-active-input-connection-to-audio-node.ts,611
./node_modules/standardized-audio-context/src/factories/add-audio-node-connections.ts,991
./node_modules/standardized-audio-context/src/factories/add-audio-param-connections.ts,649
./node_modules/standardized-audio-context/src/factories/add-audio-worklet-module.ts,14482
./node_modules/standardized-audio-context/src/factories/add-connection-to-audio-node.ts,4310
./node_modules/standardized-audio-context/src/factories/add-passive-input-connection-to-audio-node.ts,824
./node_modules/standardized-audio-context/src/factories/add-silent-connection.ts,871
./node_modules/standardized-audio-context/src/factories/add-unrendered-audio-worklet-node.ts,332
./node_modules/standardized-audio-context/src/factories/analyser-node-constructor.ts,3743
./node_modules/standardized-audio-context/src/factories/analyser-node-renderer-factory.ts,2611
./node_modules/standardized-audio-context/src/factories/audio-buffer-constructor.ts,4948
./node_modules/standardized-audio-context/src/factories/audio-buffer-source-node-constructor.ts,6133
./node_modules/standardized-audio-context/src/factories/audio-buffer-source-node-renderer-factory.ts,4305
./node_modules/standardized-audio-context/src/factories/audio-context-constructor.ts,8814
./node_modules/standardized-audio-context/src/factories/audio-destination-node-constructor.ts,2898
./node_modules/standardized-audio-context/src/factories/audio-destination-node-renderer-factory.ts,1681
./node_modules/standardized-audio-context/src/factories/audio-listener-factory.ts,12034
./node_modules/standardized-audio-context/src/factories/audio-node-constructor.ts,19329
./node_modules/standardized-audio-context/src/factories/audio-param-factory.ts,11487
./node_modules/standardized-audio-context/src/factories/audio-param-renderer.ts,1539
./node_modules/standardized-audio-context/src/factories/audio-worklet-node-constructor.ts,5972
./node_modules/standardized-audio-context/src/factories/audio-worklet-node-renderer-factory.ts,18157
./node_modules/standardized-audio-context/src/factories/base-audio-context-constructor.ts,5707
./node_modules/standardized-audio-context/src/factories/biquad-filter-node-constructor.ts,4470
./node_modules/standardized-audio-context/src/factories/biquad-filter-node-renderer-factory.ts,3844
./node_modules/standardized-audio-context/src/factories/cache-test-result.ts,1215
./node_modules/standardized-audio-context/src/factories/channel-merger-node-constructor.ts,1260
./node_modules/standardized-audio-context/src/factories/channel-merger-node-renderer-factory.ts,2351
./node_modules/standardized-audio-context/src/factories/channel-splitter-node-constructor.ts,1357
./node_modules/standardized-audio-context/src/factories/channel-splitter-node-renderer-factory.ts,2363
./node_modules/standardized-audio-context/src/factories/connect-audio-param.ts,335
./node_modules/standardized-audio-context/src/factories/connect-multiple-outputs.ts,647
./node_modules/standardized-audio-context/src/factories/connected-native-audio-buffer-source-node-factory.ts,1103
./node_modules/standardized-audio-context/src/factories/constant-source-node-constructor.ts,4396
./node_modules/standardized-audio-context/src/factories/constant-source-node-renderer-factory.ts,3540
./node_modules/standardized-audio-context/src/factories/convert-number-to-unsigned-long.ts,268
./node_modules/standardized-audio-context/src/factories/convolver-node-constructor.ts,2854
./node_modules/standardized-audio-context/src/factories/convolver-node-renderer-factory.ts,2791
./node_modules/standardized-audio-context/src/factories/create-native-offline-audio-context.ts,866
./node_modules/standardized-audio-context/src/factories/data-clone-error.ts,158
./node_modules/standardized-audio-context/src/factories/decode-audio-data.ts,4050
./node_modules/standardized-audio-context/src/factories/decrement-cycle-counter.ts,1807
./node_modules/standardized-audio-context/src/factories/delay-node-constructor.ts,1582
./node_modules/standardized-audio-context/src/factories/delay-node-renderer-factory.ts,2717
./node_modules/standardized-audio-context/src/factories/delete-active-input-connection-to-audio-node.ts,467
./node_modules/standardized-audio-context/src/factories/delete-unrendered-audio-worklet-node.ts,344
./node_modules/standardized-audio-context/src/factories/detect-cycles.ts,1139
./node_modules/standardized-audio-context/src/factories/disconnect-multiple-outputs.ts,1925
./node_modules/standardized-audio-context/src/factories/dynamics-compressor-node-constructor.ts,4741
./node_modules/standardized-audio-context/src/factories/dynamics-compressor-node-renderer-factory.ts,4477
./node_modules/standardized-audio-context/src/factories/encoding-error.ts,154
./node_modules/standardized-audio-context/src/factories/evaluate-source.ts,2450
./node_modules/standardized-audio-context/src/factories/event-target-constructor.ts,1961
./node_modules/standardized-audio-context/src/factories/expose-current-frame-and-current-time.ts,871
./node_modules/standardized-audio-context/src/factories/fetch-source.ts,459
./node_modules/standardized-audio-context/src/factories/gain-node-constructor.ts,1629
./node_modules/standardized-audio-context/src/factories/gain-node-renderer-factory.ts,2597
./node_modules/standardized-audio-context/src/factories/get-active-audio-worklet-node-inputs.ts,493
./node_modules/standardized-audio-context/src/factories/get-audio-node-renderer.ts,762
./node_modules/standardized-audio-context/src/factories/get-audio-node-tail-time.ts,233
./node_modules/standardized-audio-context/src/factories/get-audio-param-renderer.ts,581
./node_modules/standardized-audio-context/src/factories/get-backup-offline-audio-context.ts,300
./node_modules/standardized-audio-context/src/factories/get-native-context.ts,855
./node_modules/standardized-audio-context/src/factories/get-or-create-backup-offline-audio-context.ts,989
./node_modules/standardized-audio-context/src/factories/get-unrendered-audio-worklet-nodes.ts,527
./node_modules/standardized-audio-context/src/factories/iir-filter-node-constructor.ts,2513
./node_modules/standardized-audio-context/src/factories/iir-filter-node-renderer-factory.ts,6756
./node_modules/standardized-audio-context/src/factories/increment-cycle-counter-factory.ts,1814
./node_modules/standardized-audio-context/src/factories/index-size-error.ts,158
./node_modules/standardized-audio-context/src/factories/invalid-access-error.ts,174
./node_modules/standardized-audio-context/src/factories/invalid-state-error.ts,170
./node_modules/standardized-audio-context/src/factories/is-any-audio-context.ts,512
./node_modules/standardized-audio-context/src/factories/is-any-audio-node.ts,357
./node_modules/standardized-audio-context/src/factories/is-any-audio-param.ts,363
./node_modules/standardized-audio-context/src/factories/is-any-offline-audio-context.ts,596
./node_modules/standardized-audio-context/src/factories/is-native-audio-context.ts,366
./node_modules/standardized-audio-context/src/factories/is-native-audio-node.ts,334
./node_modules/standardized-audio-context/src/factories/is-native-audio-param.ts,341
./node_modules/standardized-audio-context/src/factories/is-native-context.ts,351
./node_modules/standardized-audio-context/src/factories/is-native-offline-audio-context.ts,422
./node_modules/standardized-audio-context/src/factories/is-secure-context.ts,170
./node_modules/standardized-audio-context/src/factories/is-supported-promise.ts,2683
./node_modules/standardized-audio-context/src/factories/media-element-audio-source-node-constructor.ts,1589
./node_modules/standardized-audio-context/src/factories/media-stream-audio-destination-node-constructor.ts,1836
./node_modules/standardized-audio-context/src/factories/media-stream-audio-source-node-constructor.ts,1567
./node_modules/standardized-audio-context/src/factories/media-stream-track-audio-source-node-constructor.ts,1038
./node_modules/standardized-audio-context/src/factories/minimal-audio-context-constructor.ts,7757
./node_modules/standardized-audio-context/src/factories/minimal-base-audio-context-constructor.ts,2570
./node_modules/standardized-audio-context/src/factories/minimal-offline-audio-context-constructor.ts,4094
./node_modules/standardized-audio-context/src/factories/monitor-connections.ts,4713
./node_modules/standardized-audio-context/src/factories/native-analyser-node-factory.ts,1873
./node_modules/standardized-audio-context/src/factories/native-audio-buffer-constructor.ts,333
./node_modules/standardized-audio-context/src/factories/native-audio-buffer-source-node-factory.ts,5117
./node_modules/standardized-audio-context/src/factories/native-audio-context-constructor.ts,419
./node_modules/standardized-audio-context/src/factories/native-audio-destination-node.ts,3361
./node_modules/standardized-audio-context/src/factories/native-audio-worklet-node-constructor.ts,328
./node_modules/standardized-audio-context/src/factories/native-audio-worklet-node-factory.ts,7904
./node_modules/standardized-audio-context/src/factories/native-audio-worklet-node-faker-factory.ts,23254
./node_modules/standardized-audio-context/src/factories/native-biquad-filter-node.ts,1048
./node_modules/standardized-audio-context/src/factories/native-channel-merger-node-factory.ts,1114
./node_modules/standardized-audio-context/src/factories/native-channel-splitter-node.ts,922
./node_modules/standardized-audio-context/src/factories/native-constant-source-node-factory.ts,2444
./node_modules/standardized-audio-context/src/factories/native-constant-source-node-faker-factory.ts,4321
./node_modules/standardized-audio-context/src/factories/native-convolver-node-factory.ts,2046
./node_modules/standardized-audio-context/src/factories/native-delay-node.ts,599
./node_modules/standardized-audio-context/src/factories/native-dynamics-compressor-node-factory.ts,1502
./node_modules/standardized-audio-context/src/factories/native-gain-node.ts,566
./node_modules/standardized-audio-context/src/factories/native-iir-filter-node-factory.ts,885
./node_modules/standardized-audio-context/src/factories/native-iir-filter-node-faker-factory.ts,7518
./node_modules/standardized-audio-context/src/factories/native-media-element-audio-source-node.ts,285
./node_modules/standardized-audio-context/src/factories/native-media-stream-audio-destination-node.ts,792
./node_modules/standardized-audio-context/src/factories/native-media-stream-audio-source-node.ts,1184
./node_modules/standardized-audio-context/src/factories/native-media-stream-track-audio-source-node-factory.ts,1241
./node_modules/standardized-audio-context/src/factories/native-offline-audio-context-constructor.ts,468
./node_modules/standardized-audio-context/src/factories/native-oscillator-node-factory.ts,3125
./node_modules/standardized-audio-context/src/factories/native-panner-node-factory.ts,2100
./node_modules/standardized-audio-context/src/factories/native-panner-node-faker-factory.ts,15030
./node_modules/standardized-audio-context/src/factories/native-periodic-wave-factory.ts,877
./node_modules/standardized-audio-context/src/factories/native-script-processor-node.ts,388
./node_modules/standardized-audio-context/src/factories/native-stereo-panner-node-factory.ts,1907
./node_modules/standardized-audio-context/src/factories/native-stereo-panner-node-faker-factory.ts,18144
./node_modules/standardized-audio-context/src/factories/native-wave-shaper-node-factory.ts,3789
./node_modules/standardized-audio-context/src/factories/native-wave-shaper-node-faker-factory.ts,9192
./node_modules/standardized-audio-context/src/factories/not-supported-error.ts,170
./node_modules/standardized-audio-context/src/factories/offline-audio-context-constructor.ts,4588
./node_modules/standardized-audio-context/src/factories/oscillator-node-constructor.ts,5453
./node_modules/standardized-audio-context/src/factories/oscillator-node-renderer-factory.ts,3918
./node_modules/standardized-audio-context/src/factories/panner-node-constructor.ts,6035
./node_modules/standardized-audio-context/src/factories/panner-node-renderer-factory.ts,12030
./node_modules/standardized-audio-context/src/factories/periodic-wave-constructor.ts,1331
./node_modules/standardized-audio-context/src/factories/render-automation.ts,480
./node_modules/standardized-audio-context/src/factories/render-inputs-of-audio-node.ts,1372
./node_modules/standardized-audio-context/src/factories/render-inputs-of-audio-param.ts,1184
./node_modules/standardized-audio-context/src/factories/render-native-offline-audio-context.ts,2529
./node_modules/standardized-audio-context/src/factories/set-active-audio-worklet-node-inputs.ts,354
./node_modules/standardized-audio-context/src/factories/set-audio-node-tail-time.ts,248
./node_modules/standardized-audio-context/src/factories/start-rendering.ts,2310
./node_modules/standardized-audio-context/src/factories/stereo-panner-node-constructor.ts,1691
./node_modules/standardized-audio-context/src/factories/stereo-panner-node-renderer-factory.ts,3221
./node_modules/standardized-audio-context/src/factories/test-audio-buffer-constructor-support.ts,619
./node_modules/standardized-audio-context/src/factories/test-audio-buffer-copy-channel-methods-subarray-support.ts,1157
./node_modules/standardized-audio-context/src/factories/test-audio-context-close-method-support.ts,860
./node_modules/standardized-audio-context/src/factories/test-audio-context-decode-audio-data-method-type-error-support.ts,1905
./node_modules/standardized-audio-context/src/factories/test-audio-context-options-support.ts,556
./node_modules/standardized-audio-context/src/factories/test-audio-node-connect-method-support.ts,786
./node_modules/standardized-audio-context/src/factories/test-audio-worklet-processor-no-outputs-support.ts,2692
./node_modules/standardized-audio-context/src/factories/test-audio-worklet-processor-post-message-support.ts,2352
./node_modules/standardized-audio-context/src/factories/test-channel-merger-node-channel-count-support.ts,1099
./node_modules/standardized-audio-context/src/factories/test-constant-source-node-accurate-scheduling-support.ts,1065
./node_modules/standardized-audio-context/src/factories/test-convolver-node-buffer-reassignability-support.ts,945
./node_modules/standardized-audio-context/src/factories/test-convolver-node-channel-count-support.ts,881
./node_modules/standardized-audio-context/src/factories/test-is-secure-context-support.ts,243
./node_modules/standardized-audio-context/src/factories/test-media-stream-audio-source-node-media-stream-without-audio-track-support.ts,914
./node_modules/standardized-audio-context/src/factories/test-offline-audio-context-current-time-support.ts,1183
./node_modules/standardized-audio-context/src/factories/test-stereo-panner-node-default-value-support.ts,1666
./node_modules/standardized-audio-context/src/factories/unknown-error.ts,150
./node_modules/standardized-audio-context/src/factories/wave-shaper-node-constructor.ts,2995
./node_modules/standardized-audio-context/src/factories/wave-shaper-node-renderer-factory.ts,2815
./node_modules/standardized-audio-context/src/factories/window.ts,161
./node_modules/standardized-audio-context/src/factories/wrap-audio-buffer-copy-channel-methods-out-of-bounds.ts,1482
./node_modules/standardized-audio-context/src/factories/wrap-audio-buffer-copy-channel-methods.ts,1936
./node_modules/standardized-audio-context/src/factories/wrap-audio-buffer-source-node-stop-method-nullified-buffer.ts,966
./node_modules/standardized-audio-context/src/factories/wrap-channel-merger-node.ts,1518
./node_modules/standardized-audio-context/src/globals.ts,1362
./node_modules/standardized-audio-context/src/guards/audio-buffer-source-node.ts,280
./node_modules/standardized-audio-context/src/guards/audio-node-output-connection.ts,343
./node_modules/standardized-audio-context/src/guards/audio-node.ts,296
./node_modules/standardized-audio-context/src/guards/audio-worklet-node.ts,257
./node_modules/standardized-audio-context/src/guards/biquad-filter-node.ts,285
./node_modules/standardized-audio-context/src/guards/constant-source-node.ts,265
./node_modules/standardized-audio-context/src/guards/delay-node.ts,241
./node_modules/standardized-audio-context/src/guards/gain-node.ts,264
./node_modules/standardized-audio-context/src/guards/native-audio-node-faker.ts,361
./node_modules/standardized-audio-context/src/guards/native-audio-node.ts,282
./node_modules/standardized-audio-context/src/guards/oscillator-node.ts,307
./node_modules/standardized-audio-context/src/guards/stereo-panner-node.ts,256
./node_modules/standardized-audio-context/src/helpers/add-active-input-connection-to-audio-param.ts,688
./node_modules/standardized-audio-context/src/helpers/add-passive-input-connection-to-audio-param.ts,888
./node_modules/standardized-audio-context/src/helpers/assign-native-audio-node-audio-param-value.ts,381
./node_modules/standardized-audio-context/src/helpers/assign-native-audio-node-option.ts,318
./node_modules/standardized-audio-context/src/helpers/assign-native-audio-node-options.ts,538
./node_modules/standardized-audio-context/src/helpers/clone-audio-worklet-node-options.ts,720
./node_modules/standardized-audio-context/src/helpers/compute-buffer-size.ts,254
./node_modules/standardized-audio-context/src/helpers/connect-native-audio-node-to-native-audio-node.ts,998
./node_modules/standardized-audio-context/src/helpers/copy-from-channel.ts,1579
./node_modules/standardized-audio-context/src/helpers/copy-to-channel.ts,808
./node_modules/standardized-audio-context/src/helpers/create-audio-worklet-processor-promise.ts,589
./node_modules/standardized-audio-context/src/helpers/create-audio-worklet-processor.ts,1114
./node_modules/standardized-audio-context/src/helpers/create-nested-arrays.ts,416
./node_modules/standardized-audio-context/src/helpers/deactivate-active-audio-node-input-connections.ts,2423
./node_modules/standardized-audio-context/src/helpers/deactivate-audio-graph.ts,384
./node_modules/standardized-audio-context/src/helpers/delete-active-input-connection-to-audio-param.ts,521
./node_modules/standardized-audio-context/src/helpers/delete-active-input-connection.ts,620
./node_modules/standardized-audio-context/src/helpers/delete-event-listeners-of-audio-node.ts,539
./node_modules/standardized-audio-context/src/helpers/delete-passive-input-connection-to-audio-node.ts,867
./node_modules/standardized-audio-context/src/helpers/delete-passive-input-connection-to-audio-param.ts,812
./node_modules/standardized-audio-context/src/helpers/detach-array-buffer.ts,582
./node_modules/standardized-audio-context/src/helpers/disconnect-native-audio-node-from-native-audio-node.ts,628
./node_modules/standardized-audio-context/src/helpers/filter-buffer.ts,1522
./node_modules/standardized-audio-context/src/helpers/get-audio-node-connections.ts,506
./node_modules/standardized-audio-context/src/helpers/get-audio-param-connections.ts,515
./node_modules/standardized-audio-context/src/helpers/get-audio-worklet-processor.ts,777
./node_modules/standardized-audio-context/src/helpers/get-event-listeners-of-audio-node.ts,325
./node_modules/standardized-audio-context/src/helpers/get-first-sample.ts,431
./node_modules/standardized-audio-context/src/helpers/get-native-audio-node.ts,491
./node_modules/standardized-audio-context/src/helpers/get-native-audio-param.ts,340
./node_modules/standardized-audio-context/src/helpers/get-value-for-key.ts,291
./node_modules/standardized-audio-context/src/helpers/insert-element-in-set.ts,446
./node_modules/standardized-audio-context/src/helpers/intercept-connections.ts,598
./node_modules/standardized-audio-context/src/helpers/is-active-audio-node.ts,226
./node_modules/standardized-audio-context/src/helpers/is-constructible.ts,388
./node_modules/standardized-audio-context/src/helpers/is-dc-curve.ts,345
./node_modules/standardized-audio-context/src/helpers/is-owned-by-context.ts,232
./node_modules/standardized-audio-context/src/helpers/is-part-of-a-cycle.ts,215
./node_modules/standardized-audio-context/src/helpers/is-passive-audio-node.ts,246
./node_modules/standardized-audio-context/src/helpers/is-valid-latency-hint.ts,385
./node_modules/standardized-audio-context/src/helpers/overwrite-accessors.ts,522
./node_modules/standardized-audio-context/src/helpers/pick-element-from-set.ts,518
./node_modules/standardized-audio-context/src/helpers/sanitize-audio-worklet-node-options.ts,997
./node_modules/standardized-audio-context/src/helpers/sanitize-channel-splitter-options.ts,240
./node_modules/standardized-audio-context/src/helpers/sanitize-periodic-wave-options.ts,563
./node_modules/standardized-audio-context/src/helpers/set-internal-state-to-active.ts,571
./node_modules/standardized-audio-context/src/helpers/set-internal-state-to-passive-when-necessary.ts,707
./node_modules/standardized-audio-context/src/helpers/set-internal-state-to-passive.ts,573
./node_modules/standardized-audio-context/src/helpers/set-value-at-time-until-possible.ts,413
./node_modules/standardized-audio-context/src/helpers/split-import-statements.ts,1660
./node_modules/standardized-audio-context/src/helpers/test-analyser-node-get-float-time-domain-data-method-support.ts,251
./node_modules/standardized-audio-context/src/helpers/test-audio-buffer-copy-channel-methods-out-of-bounds-support.ts,311
./node_modules/standardized-audio-context/src/helpers/test-audio-buffer-source-node-start-method-consecutive-calls-support.ts,393
./node_modules/standardized-audio-context/src/helpers/test-audio-buffer-source-node-start-method-offset-clamping-support.ts,485
./node_modules/standardized-audio-context/src/helpers/test-audio-buffer-source-node-stop-method-nullified-buffer-support.ts,390
./node_modules/standardized-audio-context/src/helpers/test-audio-node-disconnect-method-support.ts,2104
./node_modules/standardized-audio-context/src/helpers/test-audio-scheduled-source-node-start-method-negative-parameters-support.ts,383
./node_modules/standardized-audio-context/src/helpers/test-audio-scheduled-source-node-stop-method-consecutive-calls-support.ts,569
./node_modules/standardized-audio-context/src/helpers/test-audio-scheduled-source-node-stop-method-negative-parameters-support.ts,381
./node_modules/standardized-audio-context/src/helpers/test-audio-worklet-node-options-clonability.ts,481
./node_modules/standardized-audio-context/src/helpers/test-clonability-of-audio-worklet-node-options.ts,418
./node_modules/standardized-audio-context/src/helpers/test-dom-exception-constructor-support.ts,1923
./node_modules/standardized-audio-context/src/helpers/test-promise-support.ts,812
./node_modules/standardized-audio-context/src/helpers/test-transferables-support.ts,372
./node_modules/standardized-audio-context/src/helpers/visit-each-audio-node-once.ts,589
./node_modules/standardized-audio-context/src/helpers/wrap-analyser-node-get-float-time-domain-data-method.ts,618
./node_modules/standardized-audio-context/src/helpers/wrap-audio-buffer-get-channel-data-method.ts,619
./node_modules/standardized-audio-context/src/helpers/wrap-audio-buffer-source-node-start-method-consecutive-calls.ts,685
./node_modules/standardized-audio-context/src/helpers/wrap-audio-buffer-source-node-start-method-offset-clamping.ts,1091
./node_modules/standardized-audio-context/src/helpers/wrap-audio-node-disconnect-method.ts,3709
./node_modules/standardized-audio-context/src/helpers/wrap-audio-scheduled-source-node-start-method-negative-parameters.ts,907
./node_modules/standardized-audio-context/src/helpers/wrap-audio-scheduled-source-node-stop-method-consecutive-calls.ts,1628
./node_modules/standardized-audio-context/src/helpers/wrap-audio-scheduled-source-node-stop-method-negative-parameters.ts,635
./node_modules/standardized-audio-context/src/helpers/wrap-channel-splitter-node.ts,1440
./node_modules/standardized-audio-context/src/helpers/wrap-event-listener.ts,529
./node_modules/standardized-audio-context/src/helpers/wrap-iir-filter-node-get-frequency-response-method.ts,767
./node_modules/standardized-audio-context/src/interfaces/analyser-node.ts,524
./node_modules/standardized-audio-context/src/interfaces/analyser-options.ts,232
./node_modules/standardized-audio-context/src/interfaces/audio-buffer-options.ts,118
./node_modules/standardized-audio-context/src/interfaces/audio-buffer-source-node-renderer.ts,523
./node_modules/standardized-audio-context/src/interfaces/audio-buffer-source-node.ts,616
./node_modules/standardized-audio-context/src/interfaces/audio-buffer-source-options.ts,419
./node_modules/standardized-audio-context/src/interfaces/audio-buffer.ts,416
./node_modules/standardized-audio-context/src/interfaces/audio-context-options.ts,183
./node_modules/standardized-audio-context/src/interfaces/audio-context.ts,938
./node_modules/standardized-audio-context/src/interfaces/audio-destination-node.ts,204
./node_modules/standardized-audio-context/src/interfaces/audio-listener.ts,402
./node_modules/standardized-audio-context/src/interfaces/audio-node-options.ts,230
./node_modules/standardized-audio-context/src/interfaces/audio-node-renderer.ts,491
./node_modules/standardized-audio-context/src/interfaces/audio-node.ts,1103
./node_modules/standardized-audio-context/src/interfaces/audio-param-descriptor.ts,137
./node_modules/standardized-audio-context/src/interfaces/audio-param-renderer.ts,137
./node_modules/standardized-audio-context/src/interfaces/audio-param.ts,689
./node_modules/standardized-audio-context/src/interfaces/audio-scheduled-source-node-event-map.ts,103
./node_modules/standardized-audio-context/src/interfaces/audio-scheduled-source-node.ts,419
./node_modules/standardized-audio-context/src/interfaces/audio-worklet-node-event-map.ts,109
./node_modules/standardized-audio-context/src/interfaces/audio-worklet-node-options.ts,311
./node_modules/standardized-audio-context/src/interfaces/audio-worklet-node.ts,431
./node_modules/standardized-audio-context/src/interfaces/audio-worklet-processor-constructor.ts,385
./node_modules/standardized-audio-context/src/interfaces/audio-worklet-processor.ts,165
./node_modules/standardized-audio-context/src/interfaces/audio-worklet.ts,165
./node_modules/standardized-audio-context/src/interfaces/automation.ts,51
./node_modules/standardized-audio-context/src/interfaces/base-audio-context.ts,2542
./node_modules/standardized-audio-context/src/interfaces/biquad-filter-node.ts,507
./node_modules/standardized-audio-context/src/interfaces/biquad-filter-options.ts,282
./node_modules/standardized-audio-context/src/interfaces/channel-merger-options.ts,156
./node_modules/standardized-audio-context/src/interfaces/channel-splitter-options.ts,159
./node_modules/standardized-audio-context/src/interfaces/common-audio-context.ts,231
./node_modules/standardized-audio-context/src/interfaces/common-offline-audio-context.ts,122
./node_modules/standardized-audio-context/src/interfaces/constant-source-node-renderer.ts,473
./node_modules/standardized-audio-context/src/interfaces/constant-source-node.ts,290
./node_modules/standardized-audio-context/src/interfaces/constant-source-options.ts,149
./node_modules/standardized-audio-context/src/interfaces/convolver-node.ts,237
./node_modules/standardized-audio-context/src/interfaces/convolver-options.ts,240
./node_modules/standardized-audio-context/src/interfaces/delay-node.ts,237
./node_modules/standardized-audio-context/src/interfaces/delay-options.ts,170
./node_modules/standardized-audio-context/src/interfaces/dynamics-compressor-node.ts,421
./node_modules/standardized-audio-context/src/interfaces/dynamics-compressor-options.ts,238
./node_modules/standardized-audio-context/src/interfaces/event-target.ts,828
./node_modules/standardized-audio-context/src/interfaces/gain-node.ts,231
./node_modules/standardized-audio-context/src/interfaces/gain-options.ts,137
./node_modules/standardized-audio-context/src/interfaces/iir-filter-node.ts,274
./node_modules/standardized-audio-context/src/interfaces/iir-filter-options.ts,192
./node_modules/standardized-audio-context/src/interfaces/index.ts,3538
./node_modules/standardized-audio-context/src/interfaces/media-element-audio-source-node.ts,322
./node_modules/standardized-audio-context/src/interfaces/media-element-audio-source-options.ts,89
./node_modules/standardized-audio-context/src/interfaces/media-stream-audio-destination-node.ts,315
./node_modules/standardized-audio-context/src/interfaces/media-stream-audio-source-node.ts,315
./node_modules/standardized-audio-context/src/interfaces/media-stream-audio-source-options.ts,82
./node_modules/standardized-audio-context/src/interfaces/media-stream-track-audio-source-node.ts,280
./node_modules/standardized-audio-context/src/interfaces/media-stream-track-audio-source-options.ts,97
./node_modules/standardized-audio-context/src/interfaces/minimal-audio-context.ts,253
./node_modules/standardized-audio-context/src/interfaces/minimal-base-audio-context-event-map.ts,108
./node_modules/standardized-audio-context/src/interfaces/minimal-base-audio-context.ts,696
./node_modules/standardized-audio-context/src/interfaces/minimal-offline-audio-context.ts,289
./node_modules/standardized-audio-context/src/interfaces/native-audio-node-faker.ts,172
./node_modules/standardized-audio-context/src/interfaces/native-audio-worklet-node-faker.ts,284
./node_modules/standardized-audio-context/src/interfaces/native-constant-source-node-faker.ts,293
./node_modules/standardized-audio-context/src/interfaces/native-convolver-node-faker.ts,278
./node_modules/standardized-audio-context/src/interfaces/native-iir-filter-node-faker.ts,275
./node_modules/standardized-audio-context/src/interfaces/native-panner-node-faker.ts,269
./node_modules/standardized-audio-context/src/interfaces/native-stereo-panner-node-faker.ts,287
./node_modules/standardized-audio-context/src/interfaces/native-wave-shaper-node-faker.ts,281
./node_modules/standardized-audio-context/src/interfaces/offline-audio-completion-event.ts,155
./node_modules/standardized-audio-context/src/interfaces/offline-audio-context-constructor.ts,361
./node_modules/standardized-audio-context/src/interfaces/offline-audio-context-options.ts,126
./node_modules/standardized-audio-context/src/interfaces/offline-audio-context.ts,278
./node_modules/standardized-audio-context/src/interfaces/oscillator-node-renderer.ts,546
./node_modules/standardized-audio-context/src/interfaces/oscillator-node.ts,425
./node_modules/standardized-audio-context/src/interfaces/oscillator-options.ts,325
./node_modules/standardized-audio-context/src/interfaces/panner-node.ts,720
./node_modules/standardized-audio-context/src/interfaces/panner-options.ts,583
./node_modules/standardized-audio-context/src/interfaces/periodic-wave-constraints.ts,81
./node_modules/standardized-audio-context/src/interfaces/periodic-wave-options.ts,205
./node_modules/standardized-audio-context/src/interfaces/periodic-wave.ts,76
./node_modules/standardized-audio-context/src/interfaces/read-only-map.ts,579
./node_modules/standardized-audio-context/src/interfaces/stereo-panner-node.ts,238
./node_modules/standardized-audio-context/src/interfaces/stereo-panner-options.ts,144
./node_modules/standardized-audio-context/src/interfaces/wave-shaper-node.ts,243
./node_modules/standardized-audio-context/src/interfaces/wave-shaper-options.ts,239
./node_modules/standardized-audio-context/src/interfaces/worklet-options.ts,222
./node_modules/standardized-audio-context/src/message-port.d.ts,254
./node_modules/standardized-audio-context/src/module.ts,54211
./node_modules/standardized-audio-context/src/read-only-map.ts,932
./node_modules/standardized-audio-context/src/tsconfig.json,126
./node_modules/standardized-audio-context/src/types/abort-error-factory.ts,53
./node_modules/standardized-audio-context/src/types/active-audio-worklet-node-inputs-store.ts,302
./node_modules/standardized-audio-context/src/types/active-input-connection.ts,273
./node_modules/standardized-audio-context/src/types/add-active-input-connection-to-audio-node-factory.ts,361
./node_modules/standardized-audio-context/src/types/add-active-input-connection-to-audio-node-function.ts,512
./node_modules/standardized-audio-context/src/types/add-audio-node-connections-factory.ts,307
./node_modules/standardized-audio-context/src/types/add-audio-node-connections-function.ts,489
./node_modules/standardized-audio-context/src/types/add-audio-param-connections-factory.ts,321
./node_modules/standardized-audio-context/src/types/add-audio-param-connections-function.ts,380
./node_modules/standardized-audio-context/src/types/add-audio-worklet-module-factory.ts,1797
./node_modules/standardized-audio-context/src/types/add-audio-worklet-module-function.ts,217
./node_modules/standardized-audio-context/src/types/add-connection-to-audio-node-factory.ts,2388
./node_modules/standardized-audio-context/src/types/add-connection-to-audio-node-function.ts,288
./node_modules/standardized-audio-context/src/types/add-passive-input-connection-to-audio-node-factory.ts,365
./node_modules/standardized-audio-context/src/types/add-passive-input-connection-to-audio-node-function.ts,529
./node_modules/standardized-audio-context/src/types/add-silent-connection-factory.ts,273
./node_modules/standardized-audio-context/src/types/add-silent-connection-function.ts,483
./node_modules/standardized-audio-context/src/types/add-unrendered-audio-worklet-node-factory.ts,384
./node_modules/standardized-audio-context/src/types/add-unrendered-audio-worklet-node-function.ts,360
./node_modules/standardized-audio-context/src/types/analyser-node-constructor-factory.ts,957
./node_modules/standardized-audio-context/src/types/analyser-node-constructor.ts,238
./node_modules/standardized-audio-context/src/types/analyser-node-renderer-factory-factory.ts,590
./node_modules/standardized-audio-context/src/types/analyser-node-renderer-factory.ts,281
./node_modules/standardized-audio-context/src/types/any-audio-buffer.ts,172
./node_modules/standardized-audio-context/src/types/any-context.ts,143
./node_modules/standardized-audio-context/src/types/audio-buffer-constructor-factory.ts,1337
./node_modules/standardized-audio-context/src/types/audio-buffer-constructor.ts,158
./node_modules/standardized-audio-context/src/types/audio-buffer-source-node-constructor-factory.ts,1313
./node_modules/standardized-audio-context/src/types/audio-buffer-source-node-constructor.ts,293
./node_modules/standardized-audio-context/src/types/audio-buffer-source-node-renderer-factory-factory.ts,917
./node_modules/standardized-audio-context/src/types/audio-buffer-source-node-renderer-factory.ts,277
./node_modules/standardized-audio-context/src/types/audio-buffer-source-node-renderer.ts,332
./node_modules/standardized-audio-context/src/types/audio-buffer-store.ts,102
./node_modules/standardized-audio-context/src/types/audio-context-constructor-factory.ts,1615
./node_modules/standardized-audio-context/src/types/audio-context-constructor.ts,164
./node_modules/standardized-audio-context/src/types/audio-context-latency-category.ts,84
./node_modules/standardized-audio-context/src/types/audio-context-state.ts,69
./node_modules/standardized-audio-context/src/types/audio-destination-node-constructor-factory.ts,1341
./node_modules/standardized-audio-context/src/types/audio-destination-node-constructor.ts,229
./node_modules/standardized-audio-context/src/types/audio-destination-node-renderer-factory.ts,449
./node_modules/standardized-audio-context/src/types/audio-listener-factory-factory.ts,1269
./node_modules/standardized-audio-context/src/types/audio-listener-factory.ts,257
./node_modules/standardized-audio-context/src/types/audio-node-connections-store.ts,254
./node_modules/standardized-audio-context/src/types/audio-node-connections.ts,739
./node_modules/standardized-audio-context/src/types/audio-node-constructor-factory.ts,2349
./node_modules/standardized-audio-context/src/types/audio-node-constructor.ts,565
./node_modules/standardized-audio-context/src/types/audio-node-output-connection.ts,177
./node_modules/standardized-audio-context/src/types/audio-node-renderer.ts,362
./node_modules/standardized-audio-context/src/types/audio-node-store.ts,265
./node_modules/standardized-audio-context/src/types/audio-node-tail-time-store.ts,160
./node_modules/standardized-audio-context/src/types/audio-param-audio-node-store.ts,180
./node_modules/standardized-audio-context/src/types/audio-param-connections-store.ts,250
./node_modules/standardized-audio-context/src/types/audio-param-connections.ts,627
./node_modules/standardized-audio-context/src/types/audio-param-factory-factory.ts,2400
./node_modules/standardized-audio-context/src/types/audio-param-factory.ts,405
./node_modules/standardized-audio-context/src/types/audio-param-map.ts,124
./node_modules/standardized-audio-context/src/types/audio-param-output-connection.ts,111
./node_modules/standardized-audio-context/src/types/audio-param-renderer-factory.ts,219
./node_modules/standardized-audio-context/src/types/audio-param-store.ts,176
./node_modules/standardized-audio-context/src/types/audio-worklet-node-constructor-factory.ts,2388
./node_modules/standardized-audio-context/src/types/audio-worklet-node-constructor.ts,294
./node_modules/standardized-audio-context/src/types/audio-worklet-node-renderer-factory-factory.ts,2734
./node_modules/standardized-audio-context/src/types/audio-worklet-node-renderer-factory.ts,498
./node_modules/standardized-audio-context/src/types/backup-offline-audio-context-store.ts,244
./node_modules/standardized-audio-context/src/types/base-audio-context-constructor-factory.ts,2951
./node_modules/standardized-audio-context/src/types/base-audio-context-constructor.ts,301
./node_modules/standardized-audio-context/src/types/biquad-filter-node-constructor-factory.ts,1268
./node_modules/standardized-audio-context/src/types/biquad-filter-node-constructor.ts,268
./node_modules/standardized-audio-context/src/types/biquad-filter-node-renderer-factory-factory.ts,875
./node_modules/standardized-audio-context/src/types/biquad-filter-node-renderer-factory.ts,293
./node_modules/standardized-audio-context/src/types/biquad-filter-type.ts,130
./node_modules/standardized-audio-context/src/types/cache-test-result-factory.ts,236
./node_modules/standardized-audio-context/src/types/cache-test-result-function.ts,127
./node_modules/standardized-audio-context/src/types/channel-count-mode.ts,68
./node_modules/standardized-audio-context/src/types/channel-interpretation.ts,62
./node_modules/standardized-audio-context/src/types/channel-merger-node-constructor-factory.ts,901
./node_modules/standardized-audio-context/src/types/channel-merger-node-constructor.ts,247
./node_modules/standardized-audio-context/src/types/channel-merger-node-renderer-factory-factory.ts,632
./node_modules/standardized-audio-context/src/types/channel-merger-node-renderer-factory.ts,280
./node_modules/standardized-audio-context/src/types/channel-splitter-node-constructor-factory.ts,1106
./node_modules/standardized-audio-context/src/types/channel-splitter-node-constructor.ts,263
./node_modules/standardized-audio-context/src/types/channel-splitter-node-renderer-factory-factory.ts,648
./node_modules/standardized-audio-context/src/types/channel-splitter-node-renderer-factory.ts,282
./node_modules/standardized-audio-context/src/types/connect-audio-param-factory.ts,304
./node_modules/standardized-audio-context/src/types/connect-audio-param-function.ts,372
./node_modules/standardized-audio-context/src/types/connect-multiple-outputs-factory.ts,285
./node_modules/standardized-audio-context/src/types/connect-multiple-outputs-function.ts,366
./node_modules/standardized-audio-context/src/types/connect-native-audio-node-to-native-audio-node-function.ts,399
./node_modules/standardized-audio-context/src/types/connected-native-audio-buffer-source-node-factory-factory.ts,408
./node_modules/standardized-audio-context/src/types/connected-native-audio-buffer-source-node-factory.ts,249
./node_modules/standardized-audio-context/src/types/constant-source-node-constructor-factory.ts,1143
./node_modules/standardized-audio-context/src/types/constant-source-node-constructor.ts,278
./node_modules/standardized-audio-context/src/types/constant-source-node-renderer-factory-factory.ts,891
./node_modules/standardized-audio-context/src/types/constant-source-node-renderer-factory.ts,268
./node_modules/standardized-audio-context/src/types/constant-source-node-renderer.ts,323
./node_modules/standardized-audio-context/src/types/constructor.ts,75
./node_modules/standardized-audio-context/src/types/context-store.ts,153
./node_modules/standardized-audio-context/src/types/context.ts,235
./node_modules/standardized-audio-context/src/types/convert-number-to-unsigned-long-factory.ts,218
./node_modules/standardized-audio-context/src/types/convert-number-to-unsigned-long-function.ts,78
./node_modules/standardized-audio-context/src/types/convolver-node-constructor-factory.ts,992
./node_modules/standardized-audio-context/src/types/convolver-node-constructor.ts,243
./node_modules/standardized-audio-context/src/types/convolver-node-renderer-factory-factory.ts,598
./node_modules/standardized-audio-context/src/types/convolver-node-renderer-factory.ts,284
./node_modules/standardized-audio-context/src/types/create-native-offline-audio-context-factory.ts,529
./node_modules/standardized-audio-context/src/types/create-native-offline-audio-context-function.ts,241
./node_modules/standardized-audio-context/src/types/cycle-counters.ts,151
./node_modules/standardized-audio-context/src/types/data-clone-error-factory.ts,57
./node_modules/standardized-audio-context/src/types/decode-audio-data-factory.ts,1613
./node_modules/standardized-audio-context/src/types/decode-audio-data-function.ts,207
./node_modules/standardized-audio-context/src/types/decode-error-callback.ts,78
./node_modules/standardized-audio-context/src/types/decode-success-callback.ts,121
./node_modules/standardized-audio-context/src/types/decrement-cycle-counter-factory.ts,1321
./node_modules/standardized-audio-context/src/types/decrement-cycle-counter-function.ts,199
./node_modules/standardized-audio-context/src/types/delay-node-constructor-factory.ts,1046
./node_modules/standardized-audio-context/src/types/delay-node-constructor.ts,223
./node_modules/standardized-audio-context/src/types/delay-node-renderer-factory-factory.ts,817
./node_modules/standardized-audio-context/src/types/delay-node-renderer-factory.ts,288
./node_modules/standardized-audio-context/src/types/delete-active-input-connection-to-audio-node-factory.ts,373
./node_modules/standardized-audio-context/src/types/delete-active-input-connection-to-audio-node-function.ts,384
./node_modules/standardized-audio-context/src/types/delete-unrendered-audio-worklet-node-factory.ts,396
./node_modules/standardized-audio-context/src/types/delete-unrendered-audio-worklet-node-function.ts,363
./node_modules/standardized-audio-context/src/types/detect-cycles-factory.ts,534
./node_modules/standardized-audio-context/src/types/detect-cycles-function.ts,248
./node_modules/standardized-audio-context/src/types/disconnect-multiple-outputs-factory.ts,297
./node_modules/standardized-audio-context/src/types/disconnect-multiple-outputs-function.ts,330
./node_modules/standardized-audio-context/src/types/disconnect-native-audio-node-from-native-audio-node-function.ts,374
./node_modules/standardized-audio-context/src/types/distance-model-type.ts,71
./node_modules/standardized-audio-context/src/types/dynamics-compressor-node-constructor-factory.ts,1336
./node_modules/standardized-audio-context/src/types/dynamics-compressor-node-constructor.ts,298
./node_modules/standardized-audio-context/src/types/dynamics-compressor-node-renderer-factory-factory.ts,923
./node_modules/standardized-audio-context/src/types/dynamics-compressor-node-renderer-factory.ts,311
./node_modules/standardized-audio-context/src/types/encoding-error-factory.ts,56
./node_modules/standardized-audio-context/src/types/error-event-handler.ts,116
./node_modules/standardized-audio-context/src/types/evaluate-audio-worklet-global-scope-function.ts,408
./node_modules/standardized-audio-context/src/types/evaluate-source-factory.ts,197
./node_modules/standardized-audio-context/src/types/evaluate-source-function.ts,73
./node_modules/standardized-audio-context/src/types/event-handler.ts,112
./node_modules/standardized-audio-context/src/types/event-target-constructor-factory.ts,269
./node_modules/standardized-audio-context/src/types/event-target-constructor.ts,262
./node_modules/standardized-audio-context/src/types/expose-current-frame-and-current-time-factory.ts,273
./node_modules/standardized-audio-context/src/types/expose-current-frame-and-current-time-function.ts,120
./node_modules/standardized-audio-context/src/types/fetch-source-factory.ts,223
./node_modules/standardized-audio-context/src/types/fetch-source-function.ts,79
./node_modules/standardized-audio-context/src/types/gain-node-constructor-factory.ts,892
./node_modules/standardized-audio-context/src/types/gain-node-constructor.ts,218
./node_modules/standardized-audio-context/src/types/gain-node-renderer-factory-factory.ts,809
./node_modules/standardized-audio-context/src/types/gain-node-renderer-factory.ts,269
./node_modules/standardized-audio-context/src/types/get-active-audio-worklet-node-inputs-factory.ts,498
./node_modules/standardized-audio-context/src/types/get-active-audio-worklet-node-inputs-function.ts,346
./node_modules/standardized-audio-context/src/types/get-audio-node-connections-function.ts,272
./node_modules/standardized-audio-context/src/types/get-audio-node-renderer-factory.ts,312
./node_modules/standardized-audio-context/src/types/get-audio-node-renderer-function.ts,296
./node_modules/standardized-audio-context/src/types/get-audio-node-tail-time-factory.ts,285
./node_modules/standardized-audio-context/src/types/get-audio-node-tail-time-function.ts,185
./node_modules/standardized-audio-context/src/types/get-audio-param-connections-function.ts,276
./node_modules/standardized-audio-context/src/types/get-audio-param-renderer-factory.ts,320
./node_modules/standardized-audio-context/src/types/get-audio-param-renderer-function.ts,162
./node_modules/standardized-audio-context/src/types/get-backup-offline-audio-context-factory.ts,355
./node_modules/standardized-audio-context/src/types/get-backup-offline-audio-context-function.ts,272
./node_modules/standardized-audio-context/src/types/get-event-listeners-of-audio-node-function.ts,298
./node_modules/standardized-audio-context/src/types/get-first-sample-function.ts,189
./node_modules/standardized-audio-context/src/types/get-native-audio-node-function.ts,315
./node_modules/standardized-audio-context/src/types/get-native-audio-param-function.ts,195
./node_modules/standardized-audio-context/src/types/get-native-context-factory.ts,224
./node_modules/standardized-audio-context/src/types/get-native-context-function.ts,456
./node_modules/standardized-audio-context/src/types/get-or-create-backup-offline-audio-context-factory.ts,577
./node_modules/standardized-audio-context/src/types/get-or-create-backup-offline-audio-context-function.ts,268
./node_modules/standardized-audio-context/src/types/get-unrendered-audio-worklet-nodes-factory.ts,367
./node_modules/standardized-audio-context/src/types/get-unrendered-audio-worklet-nodes-function.ts,252
./node_modules/standardized-audio-context/src/types/get-value-for-key-function.ts,122
./node_modules/standardized-audio-context/src/types/iir-filter-node-constructor-factory.ts,995
./node_modules/standardized-audio-context/src/types/iir-filter-node-constructor.ts,345
./node_modules/standardized-audio-context/src/types/iir-filter-node-renderer-factory-factory.ts,1007
./node_modules/standardized-audio-context/src/types/iir-filter-node-renderer-factory.ts,341
./node_modules/standardized-audio-context/src/types/increment-cycle-counter-factory-factory.ts,1051
./node_modules/standardized-audio-context/src/types/increment-cycle-counter-factory.ts,186
./node_modules/standardized-audio-context/src/types/increment-cycle-counter-function.ts,199
./node_modules/standardized-audio-context/src/types/index-size-error-factory.ts,57
./node_modules/standardized-audio-context/src/types/index.ts,21429
./node_modules/standardized-audio-context/src/types/insert-element-in-set-function.ts,164
./node_modules/standardized-audio-context/src/types/internal-state-event-listener.ts,71
./node_modules/standardized-audio-context/src/types/invalid-access-error-factory.ts,61
./node_modules/standardized-audio-context/src/types/invalid-state-error-factory.ts,60
./node_modules/standardized-audio-context/src/types/is-active-audio-node-function.ts,183
./node_modules/standardized-audio-context/src/types/is-any-audio-context-factory.ts,376
./node_modules/standardized-audio-context/src/types/is-any-audio-context-function.ts,268
./node_modules/standardized-audio-context/src/types/is-any-audio-node-factory.ts,361
./node_modules/standardized-audio-context/src/types/is-any-audio-node-function.ts,210
./node_modules/standardized-audio-context/src/types/is-any-audio-param-factory.ts,373
./node_modules/standardized-audio-context/src/types/is-any-audio-param-function.ts,211
./node_modules/standardized-audio-context/src/types/is-any-offline-audio-context-factory.ts,434
./node_modules/standardized-audio-context/src/types/is-any-offline-audio-context-function.ts,331
./node_modules/standardized-audio-context/src/types/is-dc-curve-function.ts,74
./node_modules/standardized-audio-context/src/types/is-native-audio-context-factory.ts,324
./node_modules/standardized-audio-context/src/types/is-native-audio-context-function.ts,163
./node_modules/standardized-audio-context/src/types/is-native-audio-node-factory.ts,211
./node_modules/standardized-audio-context/src/types/is-native-audio-node-function.ts,151
./node_modules/standardized-audio-context/src/types/is-native-audio-param-factory.ts,215
./node_modules/standardized-audio-context/src/types/is-native-audio-param-function.ts,155
./node_modules/standardized-audio-context/src/types/is-native-context-factory.ts,455
./node_modules/standardized-audio-context/src/types/is-native-context-function.ts,142
./node_modules/standardized-audio-context/src/types/is-native-offline-audio-context-factory.ts,382
./node_modules/standardized-audio-context/src/types/is-native-offline-audio-context-function.ts,192
./node_modules/standardized-audio-context/src/types/is-part-of-a-cycle-function.ts,180
./node_modules/standardized-audio-context/src/types/is-passive-audio-node-function.ts,184
./node_modules/standardized-audio-context/src/types/is-secure-context-factory.ts,112
./node_modules/standardized-audio-context/src/types/is-supported-promise-factory.ts,1130
./node_modules/standardized-audio-context/src/types/media-element-audio-source-node-constructor-factory.ts,821
./node_modules/standardized-audio-context/src/types/media-element-audio-source-node-constructor.ts,340
./node_modules/standardized-audio-context/src/types/media-stream-audio-destination-node-constructor-factory.ts,853
./node_modules/standardized-audio-context/src/types/media-stream-audio-destination-node-constructor.ts,334
./node_modules/standardized-audio-context/src/types/media-stream-audio-source-node-constructor-factory.ts,813
./node_modules/standardized-audio-context/src/types/media-stream-audio-source-node-constructor.ts,335
./node_modules/standardized-audio-context/src/types/media-stream-track-audio-source-node-constructor-factory.ts,685
./node_modules/standardized-audio-context/src/types/media-stream-track-audio-source-node-constructor.ts,360
./node_modules/standardized-audio-context/src/types/minimal-audio-context-constructor-factory.ts,884
./node_modules/standardized-audio-context/src/types/minimal-audio-context-constructor.ts,185
./node_modules/standardized-audio-context/src/types/minimal-base-audio-context-constructor-factory.ts,1053
./node_modules/standardized-audio-context/src/types/minimal-base-audio-context-constructor.ts,322
./node_modules/standardized-audio-context/src/types/minimal-offline-audio-context-constructor-factory.ts,934
./node_modules/standardized-audio-context/src/types/minimal-offline-audio-context-constructor.ts,219
./node_modules/standardized-audio-context/src/types/monitor-connections-factory.ts,417
./node_modules/standardized-audio-context/src/types/monitor-connections-function.ts,225
./node_modules/standardized-audio-context/src/types/native-analyser-node-factory-factory.ts,399
./node_modules/standardized-audio-context/src/types/native-analyser-node-factory.ts,288
./node_modules/standardized-audio-context/src/types/native-analyser-node.ts,48
./node_modules/standardized-audio-context/src/types/native-audio-buffer-constructor-factory.ts,237
./node_modules/standardized-audio-context/src/types/native-audio-buffer-constructor.ts,64
./node_modules/standardized-audio-context/src/types/native-audio-buffer-source-node-factory-factory.ts,1981
./node_modules/standardized-audio-context/src/types/native-audio-buffer-source-node-factory.ts,354
./node_modules/standardized-audio-context/src/types/native-audio-buffer-source-node.ts,66
./node_modules/standardized-audio-context/src/types/native-audio-buffer.ts,46
./node_modules/standardized-audio-context/src/types/native-audio-context-constructor-factory.ts,241
./node_modules/standardized-audio-context/src/types/native-audio-context-constructor.ts,272
./node_modules/standardized-audio-context/src/types/native-audio-context.ts,354
./node_modules/standardized-audio-context/src/types/native-audio-destination-node-factory-factory.ts,443
./node_modules/standardized-audio-context/src/types/native-audio-destination-node-factory.ts,324
./node_modules/standardized-audio-context/src/types/native-audio-destination-node.ts,64
./node_modules/standardized-audio-context/src/types/native-audio-listener.ts,50
./node_modules/standardized-audio-context/src/types/native-audio-node.ts,42
./node_modules/standardized-audio-context/src/types/native-audio-param-map.ts,251
./node_modules/standardized-audio-context/src/types/native-audio-param.ts,44
./node_modules/standardized-audio-context/src/types/native-audio-worklet-node-constructor-factory.ts,258
./node_modules/standardized-audio-context/src/types/native-audio-worklet-node-constructor.ts,74
./node_modules/standardized-audio-context/src/types/native-audio-worklet-node-factory-factory.ts,862
./node_modules/standardized-audio-context/src/types/native-audio-worklet-node-factory.ts,665
./node_modules/standardized-audio-context/src/types/native-audio-worklet-node-faker-factory-factory.ts,2159
./node_modules/standardized-audio-context/src/types/native-audio-worklet-node-faker-factory.ts,428
./node_modules/standardized-audio-context/src/types/native-audio-worklet-node-options.ts,70
./node_modules/standardized-audio-context/src/types/native-audio-worklet-node.ts,56
./node_modules/standardized-audio-context/src/types/native-audio-worklet.ts,48
./node_modules/standardized-audio-context/src/types/native-biquad-filter-node-factory.ts,313
./node_modules/standardized-audio-context/src/types/native-biquad-filter-node.ts,56
./node_modules/standardized-audio-context/src/types/native-channel-merger-node-factory-factory.ts,485
./node_modules/standardized-audio-context/src/types/native-channel-merger-node-factory.ts,319
./node_modules/standardized-audio-context/src/types/native-channel-merger-node.ts,58
./node_modules/standardized-audio-context/src/types/native-channel-splitter-node-factory.ts,341
./node_modules/standardized-audio-context/src/types/native-channel-splitter-node.ts,62
./node_modules/standardized-audio-context/src/types/native-constant-source-node-factory-factory.ts,900
./node_modules/standardized-audio-context/src/types/native-constant-source-node-factory.ts,335
./node_modules/standardized-audio-context/src/types/native-constant-source-node-faker-factory-factory.ts,765
./node_modules/standardized-audio-context/src/types/native-constant-source-node-faker-factory.ts,302
./node_modules/standardized-audio-context/src/types/native-constant-source-node.ts,60
./node_modules/standardized-audio-context/src/types/native-context.ts,219
./node_modules/standardized-audio-context/src/types/native-convolver-node-factory-factory.ts,426
./node_modules/standardized-audio-context/src/types/native-convolver-node-factory.ts,294
./node_modules/standardized-audio-context/src/types/native-convolver-node.ts,50
./node_modules/standardized-audio-context/src/types/native-delay-node-factory.ts,270
./node_modules/standardized-audio-context/src/types/native-delay-node.ts,42
./node_modules/standardized-audio-context/src/types/native-dynamics-compressor-node-factory-factory.ts,332
./node_modules/standardized-audio-context/src/types/native-dynamics-compressor-node-factory.ts,359
./node_modules/standardized-audio-context/src/types/native-dynamics-compressor-node.ts,68
./node_modules/standardized-audio-context/src/types/native-event-target.ts,46
./node_modules/standardized-audio-context/src/types/native-gain-node-factory.ts,264
./node_modules/standardized-audio-context/src/types/native-gain-node.ts,40
./node_modules/standardized-audio-context/src/types/native-iir-filter-node-factory-factory.ts,326
./node_modules/standardized-audio-context/src/types/native-iir-filter-node-factory.ts,337
./node_modules/standardized-audio-context/src/types/native-iir-filter-node-faker-factory-factory.ts,747
./node_modules/standardized-audio-context/src/types/native-iir-filter-node-faker-factory.ts,309
./node_modules/standardized-audio-context/src/types/native-iir-filter-node.ts,50
./node_modules/standardized-audio-context/src/types/native-media-element-audio-source-node-factory.ts,412
./node_modules/standardized-audio-context/src/types/native-media-element-audio-source-node.ts,78
./node_modules/standardized-audio-context/src/types/native-media-stream-audio-destination-node-factory.ts,400
./node_modules/standardized-audio-context/src/types/native-media-stream-audio-destination-node.ts,86
./node_modules/standardized-audio-context/src/types/native-media-stream-audio-source-node-factory.ts,406
./node_modules/standardized-audio-context/src/types/native-media-stream-audio-source-node.ts,76
./node_modules/standardized-audio-context/src/types/native-media-stream-track-audio-source-node-factory-factory.ts,541
./node_modules/standardized-audio-context/src/types/native-media-stream-track-audio-source-node-factory.ts,437
./node_modules/standardized-audio-context/src/types/native-media-stream-track-audio-source-node.ts,232
./node_modules/standardized-audio-context/src/types/native-offline-audio-context-constructor-factory.ts,270
./node_modules/standardized-audio-context/src/types/native-offline-audio-context-constructor.ts,80
./node_modules/standardized-audio-context/src/types/native-offline-audio-context.ts,62
./node_modules/standardized-audio-context/src/types/native-oscillator-node-factory-factory.ts,1095
./node_modules/standardized-audio-context/src/types/native-oscillator-node-factory.ts,300
./node_modules/standardized-audio-context/src/types/native-oscillator-node.ts,52
./node_modules/standardized-audio-context/src/types/native-panner-node-factory-factory.ts,294
./node_modules/standardized-audio-context/src/types/native-panner-node-factory.ts,276
./node_modules/standardized-audio-context/src/types/native-panner-node-faker-factory-factory.ts,1725
./node_modules/standardized-audio-context/src/types/native-panner-node-faker-factory.ts,252
./node_modules/standardized-audio-context/src/types/native-panner-node.ts,203
./node_modules/standardized-audio-context/src/types/native-periodic-wave-factory-factory.ts,273
./node_modules/standardized-audio-context/src/types/native-periodic-wave-factory.ts,296
./node_modules/standardized-audio-context/src/types/native-periodic-wave.ts,48
./node_modules/standardized-audio-context/src/types/native-script-processor-node-factory.ts,341
./node_modules/standardized-audio-context/src/types/native-script-processor-node.ts,97
./node_modules/standardized-audio-context/src/types/native-stereo-panner-node-factory-factory.ts,481
./node_modules/standardized-audio-context/src/types/native-stereo-panner-node-factory.ts,313
./node_modules/standardized-audio-context/src/types/native-stereo-panner-node-faker-factory-factory.ts,1043
./node_modules/standardized-audio-context/src/types/native-stereo-panner-node-faker-factory.ts,292
./node_modules/standardized-audio-context/src/types/native-stereo-panner-node.ts,56
./node_modules/standardized-audio-context/src/types/native-wave-shaper-node-factory-factory.ts,1192
./node_modules/standardized-audio-context/src/types/native-wave-shaper-node-factory.ts,301
./node_modules/standardized-audio-context/src/types/native-wave-shaper-node-faker-factory-factory.ts,877
./node_modules/standardized-audio-context/src/types/native-wave-shaper-node-faker-factory.ts,272
./node_modules/standardized-audio-context/src/types/native-wave-shaper-node.ts,52
./node_modules/standardized-audio-context/src/types/not-supported-error-factory.ts,60
./node_modules/standardized-audio-context/src/types/offline-audio-context-constructor-factory.ts,854
./node_modules/standardized-audio-context/src/types/oscillator-node-constructor-factory.ts,1092
./node_modules/standardized-audio-context/src/types/oscillator-node-constructor.ts,248
./node_modules/standardized-audio-context/src/types/oscillator-node-renderer-factory-factory.ts,857
./node_modules/standardized-audio-context/src/types/oscillator-node-renderer-factory.ts,250
./node_modules/standardized-audio-context/src/types/oscillator-node-renderer.ts,311
./node_modules/standardized-audio-context/src/types/oscillator-type.ts,86
./node_modules/standardized-audio-context/src/types/output-connection.ts,308
./node_modules/standardized-audio-context/src/types/over-sample-type.ts,52
./node_modules/standardized-audio-context/src/types/overwrite-accessors-function.ts,298
./node_modules/standardized-audio-context/src/types/panner-node-constructor-factory.ts,1058
./node_modules/standardized-audio-context/src/types/panner-node-constructor.ts,228
./node_modules/standardized-audio-context/src/types/panner-node-renderer-factory-factory.ts,1634
./node_modules/standardized-audio-context/src/types/panner-node-renderer-factory.ts,275
./node_modules/standardized-audio-context/src/types/panning-model-type.ts,55
./node_modules/standardized-audio-context/src/types/passive-audio-node-input-connection.ts,174
./node_modules/standardized-audio-context/src/types/passive-audio-param-input-connection.ts,167
./node_modules/standardized-audio-context/src/types/periodic-wave-constructor-factory.ts,673
./node_modules/standardized-audio-context/src/types/periodic-wave-constructor.ts,243
./node_modules/standardized-audio-context/src/types/pick-element-from-set-function.ts,101
./node_modules/standardized-audio-context/src/types/render-automation-factory.ts,450
./node_modules/standardized-audio-context/src/types/render-automation-function.ts,371
./node_modules/standardized-audio-context/src/types/render-inputs-of-audio-node-factory.ts,590
./node_modules/standardized-audio-context/src/types/render-inputs-of-audio-node-function.ts,487
./node_modules/standardized-audio-context/src/types/render-inputs-of-audio-param-factory.ts,598
./node_modules/standardized-audio-context/src/types/render-inputs-of-audio-param-function.ts,379
./node_modules/standardized-audio-context/src/types/render-native-offline-audio-context-factory.ts,684
./node_modules/standardized-audio-context/src/types/render-native-offline-audio-context-function.ts,287
./node_modules/standardized-audio-context/src/types/sanitize-audio-worklet-node-options-function.ts,277
./node_modules/standardized-audio-context/src/types/sanitize-channel-splitter-options-function.ts,175
./node_modules/standardized-audio-context/src/types/sanitize-periodic-wave-options-function.ts,214
./node_modules/standardized-audio-context/src/types/set-active-audio-worklet-node-inputs-factory.ts,381
./node_modules/standardized-audio-context/src/types/set-active-audio-worklet-node-inputs-function.ts,370
./node_modules/standardized-audio-context/src/types/set-audio-node-tail-time-factory.ts,285
./node_modules/standardized-audio-context/src/types/set-audio-node-tail-time-function.ts,201
./node_modules/standardized-audio-context/src/types/set-value-at-time-until-possible-function.ts,166
./node_modules/standardized-audio-context/src/types/start-rendering-factory.ts,1473
./node_modules/standardized-audio-context/src/types/start-rendering-function.ts,481
./node_modules/standardized-audio-context/src/types/stereo-panner-node-constructor-factory.ts,991
./node_modules/standardized-audio-context/src/types/stereo-panner-node-constructor.ts,268
./node_modules/standardized-audio-context/src/types/stereo-panner-node-renderer-factory-factory.ts,875
./node_modules/standardized-audio-context/src/types/stereo-panner-node-renderer-factory.ts,293
./node_modules/standardized-audio-context/src/types/test-audio-buffer-constructor-support-factory.ts,233
./node_modules/standardized-audio-context/src/types/test-audio-buffer-copy-channel-methods-subarray-support-factory.ts,281
./node_modules/standardized-audio-context/src/types/test-audio-context-close-method-support-factory.ts,238
./node_modules/standardized-audio-context/src/types/test-audio-context-decode-audio-data-method-type-error-support-factory.ts,295
./node_modules/standardized-audio-context/src/types/test-audio-context-options-support-factory.ts,234
./node_modules/standardized-audio-context/src/types/test-audio-node-connect-method-support-factory.ts,266
./node_modules/standardized-audio-context/src/types/test-audio-worklet-node-options-clonability-function.ts,182
./node_modules/standardized-audio-context/src/types/test-audio-worklet-processor-no-outputs-support-factory.ts,459
./node_modules/standardized-audio-context/src/types/test-audio-worklet-processor-post-message-support-factory.ts,461
./node_modules/standardized-audio-context/src/types/test-channel-merger-node-channel-count-support-factory.ts,273
./node_modules/standardized-audio-context/src/types/test-constant-source-node-accurate-scheduling-support-factory.ts,280
./node_modules/standardized-audio-context/src/types/test-convolver-node-buffer-reassignability-support-factory.ts,278
./node_modules/standardized-audio-context/src/types/test-convolver-node-channel-count-support-factory.ts,269
./node_modules/standardized-audio-context/src/types/test-is-secure-context-support-factory.ts,129
./node_modules/standardized-audio-context/src/types/test-media-stream-audio-source-node-media-stream-without-audio-track-support.ts,269
./node_modules/standardized-audio-context/src/types/test-offline-audio-context-current-time-support-factory.ts,402
./node_modules/standardized-audio-context/src/types/test-stereo-panner-node-default-value-support-factory.ts,281
./node_modules/standardized-audio-context/src/types/unknown-error-factory.ts,55
./node_modules/standardized-audio-context/src/types/unrendered-audio-worklet-node-store.ts,235
./node_modules/standardized-audio-context/src/types/unrendered-audio-worklet-nodes.ts,222
./node_modules/standardized-audio-context/src/types/wave-shaper-node-constructor-factory.ts,1138
./node_modules/standardized-audio-context/src/types/wave-shaper-node-constructor.ts,248
./node_modules/standardized-audio-context/src/types/wave-shaper-node-renderer-factory-factory.ts,608
./node_modules/standardized-audio-context/src/types/wave-shaper-node-renderer-factory.ts,287
./node_modules/standardized-audio-context/src/types/window-factory.ts,88
./node_modules/standardized-audio-context/src/types/window.ts,50
./node_modules/standardized-audio-context/src/types/wrap-audio-buffer-copy-channel-methods-factory.ts,508
./node_modules/standardized-audio-context/src/types/wrap-audio-buffer-copy-channel-methods-function.ts,167
./node_modules/standardized-audio-context/src/types/wrap-audio-buffer-copy-channel-methods-out-of-bounds-factory.ts,436
./node_modules/standardized-audio-context/src/types/wrap-audio-buffer-copy-channel-methods-out-of-bounds-function.ts,178
./node_modules/standardized-audio-context/src/types/wrap-audio-buffer-source-node-start-method-offset-clamping-function.ts,232
./node_modules/standardized-audio-context/src/types/wrap-audio-buffer-source-node-stop-method-nullified-buffer-factory.ts,421
./node_modules/standardized-audio-context/src/types/wrap-audio-buffer-source-node-stop-method-nullified-buffer-function.ts,318
./node_modules/standardized-audio-context/src/types/wrap-audio-scheduled-source-node-stop-method-consecutive-calls-function.ts,518
./node_modules/standardized-audio-context/src/types/wrap-channel-merger-node-factory.ts,439
./node_modules/standardized-audio-context/src/types/wrap-channel-merger-node-function.ts,256
./node_modules/standardized-audio-context/src/types/wrap-event-listener-function.ts,125
./node_modules/streamx/LICENSE,1079
./node_modules/streamx/README.md,16179
./node_modules/streamx/index.js,33350
./node_modules/streamx/package.json,836
./node_modules/string-width-cjs/index.d.ts,792
./node_modules/string-width-cjs/index.js,923
./node_modules/string-width-cjs/license,1109
./node_modules/string-width-cjs/node_modules/ansi-regex/index.d.ts,744
./node_modules/string-width-cjs/node_modules/ansi-regex/index.js,350
./node_modules/string-width-cjs/node_modules/ansi-regex/license,1109
./node_modules/string-width-cjs/node_modules/ansi-regex/package.json,841
./node_modules/string-width-cjs/node_modules/ansi-regex/readme.md,2565
./node_modules/string-width-cjs/node_modules/emoji-regex/LICENSE-MIT.txt,1077
./node_modules/string-width-cjs/node_modules/emoji-regex/README.md,2691
./node_modules/string-width-cjs/node_modules/emoji-regex/es2015/index.js,11104
./node_modules/string-width-cjs/node_modules/emoji-regex/es2015/text.js,11105
./node_modules/string-width-cjs/node_modules/emoji-regex/index.d.ts,427
./node_modules/string-width-cjs/node_modules/emoji-regex/index.js,10286
./node_modules/string-width-cjs/node_modules/emoji-regex/package.json,1278
./node_modules/string-width-cjs/node_modules/emoji-regex/text.js,10287
./node_modules/string-width-cjs/node_modules/strip-ansi/index.d.ts,369
./node_modules/string-width-cjs/node_modules/strip-ansi/index.js,154
./node_modules/string-width-cjs/node_modules/strip-ansi/license,1109
./node_modules/string-width-cjs/node_modules/strip-ansi/package.json,798
./node_modules/string-width-cjs/node_modules/strip-ansi/readme.md,1599
./node_modules/string-width-cjs/package.json,941
./node_modules/string-width-cjs/readme.md,1396
./node_modules/string-width/index.d.ts,823
./node_modules/string-width/index.js,1064
./node_modules/string-width/license,1117
./node_modules/string-width/package.json,1044
./node_modules/string-width/readme.md,1733
./node_modules/strip-ansi-cjs/index.d.ts,369
./node_modules/strip-ansi-cjs/index.js,154
./node_modules/strip-ansi-cjs/license,1109
./node_modules/strip-ansi-cjs/node_modules/ansi-regex/index.d.ts,744
./node_modules/strip-ansi-cjs/node_modules/ansi-regex/index.js,350
./node_modules/strip-ansi-cjs/node_modules/ansi-regex/license,1109
./node_modules/strip-ansi-cjs/node_modules/ansi-regex/package.json,841
./node_modules/strip-ansi-cjs/node_modules/ansi-regex/readme.md,2565
./node_modules/strip-ansi-cjs/package.json,798
./node_modules/strip-ansi-cjs/readme.md,1599
./node_modules/strip-ansi/index.d.ts,349
./node_modules/strip-ansi/index.js,468
./node_modules/strip-ansi/license,1117
./node_modules/strip-ansi/package.json,963
./node_modules/strip-ansi/readme.md,1223
./node_modules/supports-color/browser.js,67
./node_modules/supports-color/index.js,2748
./node_modules/supports-color/license,1109
./node_modules/supports-color/package.json,817
./node_modules/supports-color/readme.md,2294
./node_modules/tar-fs/LICENSE,1078
./node_modules/tar-fs/README.md,4427
./node_modules/tar-fs/index.js,10909
./node_modules/tar-fs/package.json,1120
./node_modules/tar-stream/LICENSE,1078
./node_modules/tar-stream/README.md,5554
./node_modules/tar-stream/constants.js,258
./node_modules/tar-stream/extract.js,9214
./node_modules/tar-stream/headers.js,8602
./node_modules/tar-stream/index.js,72
./node_modules/tar-stream/pack.js,6291
./node_modules/tar-stream/package.json,927
./node_modules/text-decoder/LICENSE,11357
./node_modules/text-decoder/README.md,715
./node_modules/text-decoder/index.js,1378
./node_modules/text-decoder/lib/browser-decoder.js,342
./node_modules/text-decoder/lib/pass-through-decoder.js,273
./node_modules/text-decoder/lib/utf8-decoder.js,2529
./node_modules/text-decoder/package.json,987
./node_modules/three/LICENSE,1081
./node_modules/three/README.md,2898
./node_modules/three/build/three.cjs,2006834
./node_modules/three/build/three.core.js,1403455
./node_modules/three/build/three.core.min.js,381124
./node_modules/three/build/three.module.js,603113
./node_modules/three/build/three.module.min.js,338908
./node_modules/three/build/three.tsl.js,32271
./node_modules/three/build/three.tsl.min.js,22331
./node_modules/three/build/three.webgpu.js,1875505
./node_modules/three/build/three.webgpu.min.js,579780
./node_modules/three/build/three.webgpu.nodes.js,1868520
./node_modules/three/build/three.webgpu.nodes.min.js,578388
./node_modules/three/examples/fonts/LICENSE,2006
./node_modules/three/examples/fonts/README.md,334
./node_modules/three/examples/fonts/droid/NOTICE,10695
./node_modules/three/examples/fonts/droid/README.txt,692
./node_modules/three/examples/fonts/droid/droid_sans_bold.typeface.json,329885
./node_modules/three/examples/fonts/droid/droid_sans_mono_regular.typeface.json,190569
./node_modules/three/examples/fonts/droid/droid_sans_regular.typeface.json,319895
./node_modules/three/examples/fonts/droid/droid_serif_bold.typeface.json,485403
./node_modules/three/examples/fonts/droid/droid_serif_regular.typeface.json,477058
./node_modules/three/examples/fonts/gentilis_bold.typeface.json,649318
./node_modules/three/examples/fonts/gentilis_regular.typeface.json,627529
./node_modules/three/examples/fonts/helvetiker_bold.typeface.json,61632
./node_modules/three/examples/fonts/helvetiker_regular.typeface.json,63182
./node_modules/three/examples/fonts/optimer_bold.typeface.json,112249
./node_modules/three/examples/fonts/optimer_regular.typeface.json,110666
./node_modules/three/examples/fonts/ttf/README.md,188
./node_modules/three/examples/fonts/ttf/kenpixel.ttf,18068
./node_modules/three/examples/jsm/Addons.js,11810
./node_modules/three/examples/jsm/animation/AnimationClipCreator.js,4543
./node_modules/three/examples/jsm/animation/CCDIKSolver.js,13341
./node_modules/three/examples/jsm/capabilities/WebGL.js,2555
./node_modules/three/examples/jsm/capabilities/WebGPU.js,1485
./node_modules/three/examples/jsm/controls/ArcballControls.js,86910
./node_modules/three/examples/jsm/controls/DragControls.js,9493
./node_modules/three/examples/jsm/controls/FirstPersonControls.js,9320
./node_modules/three/examples/jsm/controls/FlyControls.js,8890
./node_modules/three/examples/jsm/controls/MapControls.js,1694
./node_modules/three/examples/jsm/controls/OrbitControls.js,38703
./node_modules/three/examples/jsm/controls/PointerLockControls.js,5899
./node_modules/three/examples/jsm/controls/TrackballControls.js,21662
./node_modules/three/examples/jsm/controls/TransformControls.js,49397
./node_modules/three/examples/jsm/csm/CSM.js,13838
./node_modules/three/examples/jsm/csm/CSMFrustum.js,4673
./node_modules/three/examples/jsm/csm/CSMHelper.js,6896
./node_modules/three/examples/jsm/csm/CSMShader.js,11034
./node_modules/three/examples/jsm/csm/CSMShadowNode.js,13839
./node_modules/three/examples/jsm/curves/CurveExtras.js,15979
./node_modules/three/examples/jsm/curves/NURBSCurve.js,3888
./node_modules/three/examples/jsm/curves/NURBSSurface.js,2687
./node_modules/three/examples/jsm/curves/NURBSUtils.js,10802
./node_modules/three/examples/jsm/curves/NURBSVolume.js,2945
./node_modules/three/examples/jsm/effects/AnaglyphEffect.js,4440
./node_modules/three/examples/jsm/effects/AsciiEffect.js,7638
./node_modules/three/examples/jsm/effects/OutlineEffect.js,12661
./node_modules/three/examples/jsm/effects/ParallaxBarrierEffect.js,3502
./node_modules/three/examples/jsm/effects/StereoEffect.js,2180
./node_modules/three/examples/jsm/environments/DebugEnvironment.js,2621
./node_modules/three/examples/jsm/environments/RoomEnvironment.js,4899
./node_modules/three/examples/jsm/exporters/DRACOExporter.js,8453
./node_modules/three/examples/jsm/exporters/EXRExporter.js,14639
./node_modules/three/examples/jsm/exporters/GLTFExporter.js,86392
./node_modules/three/examples/jsm/exporters/KTX2Exporter.js,8408
./node_modules/three/examples/jsm/exporters/OBJExporter.js,6070
./node_modules/three/examples/jsm/exporters/PLYExporter.js,13523
./node_modules/three/examples/jsm/exporters/STLExporter.js,4884
./node_modules/three/examples/jsm/exporters/USDZExporter.js,27840
./node_modules/three/examples/jsm/geometries/BoxLineGeometry.js,3088
./node_modules/three/examples/jsm/geometries/ConvexGeometry.js,1710
./node_modules/three/examples/jsm/geometries/DecalGeometry.js,10112
./node_modules/three/examples/jsm/geometries/ParametricFunctions.js,2938
./node_modules/three/examples/jsm/geometries/ParametricGeometry.js,3820
./node_modules/three/examples/jsm/geometries/RoundedBoxGeometry.js,6476
./node_modules/three/examples/jsm/geometries/TeapotGeometry.js,18855
./node_modules/three/examples/jsm/geometries/TextGeometry.js,2901
./node_modules/three/examples/jsm/helpers/LightProbeHelper.js,3613
./node_modules/three/examples/jsm/helpers/LightProbeHelperGPU.js,2216
./node_modules/three/examples/jsm/helpers/OctreeHelper.js,2804
./node_modules/three/examples/jsm/helpers/PositionalAudioHelper.js,4384
./node_modules/three/examples/jsm/helpers/RapierHelper.js,1298
./node_modules/three/examples/jsm/helpers/RectAreaLightHelper.js,2971
./node_modules/three/examples/jsm/helpers/TextureHelper.js,5355
./node_modules/three/examples/jsm/helpers/TextureHelperGPU.js,4753
./node_modules/three/examples/jsm/helpers/VertexNormalsHelper.js,3458
./node_modules/three/examples/jsm/helpers/VertexTangentsHelper.js,2955
./node_modules/three/examples/jsm/helpers/ViewHelper.js,10999
./node_modules/three/examples/jsm/interactive/HTMLMesh.js,14092
./node_modules/three/examples/jsm/interactive/InteractiveGroup.js,5809
./node_modules/three/examples/jsm/interactive/SelectionBox.js,7756
./node_modules/three/examples/jsm/interactive/SelectionHelper.js,3623
./node_modules/three/examples/jsm/libs/ammo.wasm.js,393768
./node_modules/three/examples/jsm/libs/ammo.wasm.wasm,651386
./node_modules/three/examples/jsm/libs/basis/README.md,1448
./node_modules/three/examples/jsm/libs/basis/basis_transcoder.js,57529
./node_modules/three/examples/jsm/libs/basis/basis_transcoder.wasm,527333
./node_modules/three/examples/jsm/libs/chevrotain.module.min.js,157440
./node_modules/three/examples/jsm/libs/demuxer_mp4.js,3527
./node_modules/three/examples/jsm/libs/draco/README.md,1489
./node_modules/three/examples/jsm/libs/draco/draco_decoder.js,719410
./node_modules/three/examples/jsm/libs/draco/draco_decoder.wasm,285747
./node_modules/three/examples/jsm/libs/draco/draco_encoder.js,928718
./node_modules/three/examples/jsm/libs/draco/draco_wasm_wrapper.js,58763
./node_modules/three/examples/jsm/libs/draco/gltf/draco_decoder.js,512465
./node_modules/three/examples/jsm/libs/draco/gltf/draco_decoder.wasm,192420
./node_modules/three/examples/jsm/libs/draco/gltf/draco_encoder.js,954360
./node_modules/three/examples/jsm/libs/draco/gltf/draco_wasm_wrapper.js,58456
./node_modules/three/examples/jsm/libs/ecsy.module.js,45516
./node_modules/three/examples/jsm/libs/fflate.module.js,89384
./node_modules/three/examples/jsm/libs/ktx-parse.module.js,19932
./node_modules/three/examples/jsm/libs/lil-gui.module.min.js,29526
./node_modules/three/examples/jsm/libs/lottie_canvas.module.js,476971
./node_modules/three/examples/jsm/libs/meshopt_decoder.module.js,24848
./node_modules/three/examples/jsm/libs/mikktspace.module.js,48525
./node_modules/three/examples/jsm/libs/motion-controllers.module.js,13492
./node_modules/three/examples/jsm/libs/opentype.module.js,467478
./node_modules/three/examples/jsm/libs/potpack.module.js,3951
./node_modules/three/examples/jsm/libs/rhino3dm/rhino3dm.js,142554
./node_modules/three/examples/jsm/libs/rhino3dm/rhino3dm.module.js,142396
./node_modules/three/examples/jsm/libs/rhino3dm/rhino3dm.wasm,2545991
./node_modules/three/examples/jsm/libs/stats.module.js,3514
./node_modules/three/examples/jsm/libs/surfaceNet.js,5545
./node_modules/three/examples/jsm/libs/tween.module.js,32316
./node_modules/three/examples/jsm/libs/utif.module.js,100835
./node_modules/three/examples/jsm/libs/zstddec.module.js,39754
./node_modules/three/examples/jsm/lighting/TiledLighting.js,1002
./node_modules/three/examples/jsm/lights/LightProbeGenerator.js,7728
./node_modules/three/examples/jsm/lights/RectAreaLightTexturesLib.js,314770
./node_modules/three/examples/jsm/lights/RectAreaLightUniformsLib.js,1014
./node_modules/three/examples/jsm/lines/Line2.js,1486
./node_modules/three/examples/jsm/lines/LineGeometry.js,3479
./node_modules/three/examples/jsm/lines/LineMaterial.js,13228
./node_modules/three/examples/jsm/lines/LineSegments2.js,11277
./node_modules/three/examples/jsm/lines/LineSegmentsGeometry.js,6893
./node_modules/three/examples/jsm/lines/Wireframe.js,2981
./node_modules/three/examples/jsm/lines/WireframeGeometry2.js,1081
./node_modules/three/examples/jsm/lines/webgpu/Line2.js,1212
./node_modules/three/examples/jsm/lines/webgpu/LineSegments2.js,10833
./node_modules/three/examples/jsm/lines/webgpu/Wireframe.js,2455
./node_modules/three/examples/jsm/loaders/3DMLoader.js,40107
./node_modules/three/examples/jsm/loaders/3MFLoader.js,38685
./node_modules/three/examples/jsm/loaders/AMFLoader.js,11440
./node_modules/three/examples/jsm/loaders/BVHLoader.js,10649
./node_modules/three/examples/jsm/loaders/ColladaLoader.js,85542
./node_modules/three/examples/jsm/loaders/DDSLoader.js,9070
./node_modules/three/examples/jsm/loaders/DRACOLoader.js,16781
./node_modules/three/examples/jsm/loaders/EXRLoader.js,66746
./node_modules/three/examples/jsm/loaders/FBXLoader.js,104876
./node_modules/three/examples/jsm/loaders/FontLoader.js,4960
./node_modules/three/examples/jsm/loaders/GCodeLoader.js,6375
./node_modules/three/examples/jsm/loaders/GLTFLoader.js,114739
./node_modules/three/examples/jsm/loaders/HDRCubeTextureLoader.js,3731
./node_modules/three/examples/jsm/loaders/HDRLoader.js,12456
./node_modules/three/examples/jsm/loaders/IESLoader.js,8373
./node_modules/three/examples/jsm/loaders/KMZLoader.js,3279
./node_modules/three/examples/jsm/loaders/KTX2Loader.js,34635
./node_modules/three/examples/jsm/loaders/KTXLoader.js,7199
./node_modules/three/examples/jsm/loaders/LDrawLoader.js,60968
./node_modules/three/examples/jsm/loaders/LUT3dlLoader.js,5077
./node_modules/three/examples/jsm/loaders/LUTCubeLoader.js,4629
./node_modules/three/examples/jsm/loaders/LUTImageLoader.js,4184
./node_modules/three/examples/jsm/loaders/LWOLoader.js,24674
./node_modules/three/examples/jsm/loaders/LottieLoader.js,3479
./node_modules/three/examples/jsm/loaders/MD2Loader.js,13625
./node_modules/three/examples/jsm/loaders/MDDLoader.js,3936
./node_modules/three/examples/jsm/loaders/MTLLoader.js,11356
./node_modules/three/examples/jsm/loaders/MaterialXLoader.js,25738
./node_modules/three/examples/jsm/loaders/NRRDLoader.js,14553
./node_modules/three/examples/jsm/loaders/OBJLoader.js,22922
./node_modules/three/examples/jsm/loaders/PCDLoader.js,16287
./node_modules/three/examples/jsm/loaders/PDBLoader.js,8261
./node_modules/three/examples/jsm/loaders/PLYLoader.js,17700
./node_modules/three/examples/jsm/loaders/PVRLoader.js,5411
./node_modules/three/examples/jsm/loaders/RGBELoader.js,268
./node_modules/three/examples/jsm/loaders/STLLoader.js,10715
./node_modules/three/examples/jsm/loaders/SVGLoader.js,72749
./node_modules/three/examples/jsm/loaders/TDSLoader.js,25190
./node_modules/three/examples/jsm/loaders/TGALoader.js,11818
./node_modules/three/examples/jsm/loaders/TIFFLoader.js,1221
./node_modules/three/examples/jsm/loaders/TTFLoader.js,5553
./node_modules/three/examples/jsm/loaders/USDLoader.js,4502
./node_modules/three/examples/jsm/loaders/USDZLoader.js,266
./node_modules/three/examples/jsm/loaders/UltraHDRLoader.js,15009
./node_modules/three/examples/jsm/loaders/VOXLoader.js,10540
./node_modules/three/examples/jsm/loaders/VRMLLoader.js,74449
./node_modules/three/examples/jsm/loaders/VTKLoader.js,30369
./node_modules/three/examples/jsm/loaders/XYZLoader.js,3280
./node_modules/three/examples/jsm/loaders/lwo/IFFParser.js,26740
./node_modules/three/examples/jsm/loaders/lwo/LWO2Parser.js,10137
./node_modules/three/examples/jsm/loaders/lwo/LWO3Parser.js,9269
./node_modules/three/examples/jsm/loaders/usd/USDAParser.js,15954
./node_modules/three/examples/jsm/loaders/usd/USDCParser.js,137
./node_modules/three/examples/jsm/materials/LDrawConditionalLineMaterial.js,4472
./node_modules/three/examples/jsm/materials/LDrawConditionalLineNodeMaterial.js,3985
./node_modules/three/examples/jsm/materials/MeshGouraudMaterial.js,10106
./node_modules/three/examples/jsm/materials/MeshPostProcessingMaterial.js,4810
./node_modules/three/examples/jsm/materials/WoodNodeMaterial.js,19407
./node_modules/three/examples/jsm/math/Capsule.js,3543
./node_modules/three/examples/jsm/math/ColorConverter.js,1487
./node_modules/three/examples/jsm/math/ColorSpaces.js,4290
./node_modules/three/examples/jsm/math/ConvexHull.js,32980
./node_modules/three/examples/jsm/math/ImprovedNoise.js,3040
./node_modules/three/examples/jsm/math/Lut.js,6688
./node_modules/three/examples/jsm/math/MeshSurfaceSampler.js,8161
./node_modules/three/examples/jsm/math/OBB.js,13862
./node_modules/three/examples/jsm/math/Octree.js,14863
./node_modules/three/examples/jsm/math/SimplexNoise.js,15154
./node_modules/three/examples/jsm/misc/ConvexObjectBreaker.js,14856
./node_modules/three/examples/jsm/misc/GPUComputationRenderer.js,14123
./node_modules/three/examples/jsm/misc/Gyroscope.js,1617
./node_modules/three/examples/jsm/misc/MD2Character.js,7389
./node_modules/three/examples/jsm/misc/MD2CharacterComplex.js,15251
./node_modules/three/examples/jsm/misc/MorphAnimMesh.js,2349
./node_modules/three/examples/jsm/misc/MorphBlendMesh.js,8091
./node_modules/three/examples/jsm/misc/ProgressiveLightMap.js,11897
./node_modules/three/examples/jsm/misc/ProgressiveLightMapGPU.js,9915
./node_modules/three/examples/jsm/misc/RollerCoaster.js,15506
./node_modules/three/examples/jsm/misc/TubePainter.js,5784
./node_modules/three/examples/jsm/misc/Volume.js,13338
./node_modules/three/examples/jsm/misc/VolumeSlice.js,6525
./node_modules/three/examples/jsm/modifiers/CurveModifier.js,10538
./node_modules/three/examples/jsm/modifiers/CurveModifierGPU.js,7284
./node_modules/three/examples/jsm/modifiers/EdgeSplitModifier.js,6131
./node_modules/three/examples/jsm/modifiers/SimplifyModifier.js,12918
./node_modules/three/examples/jsm/modifiers/TessellateModifier.js,7079
./node_modules/three/examples/jsm/objects/GroundedSkybox.js,1973
./node_modules/three/examples/jsm/objects/Lensflare.js,11110
./node_modules/three/examples/jsm/objects/LensflareMesh.js,9714
./node_modules/three/examples/jsm/objects/MarchingCubes.js,40408
./node_modules/three/examples/jsm/objects/Reflector.js,9476
./node_modules/three/examples/jsm/objects/ReflectorForSSRPass.js,11960
./node_modules/three/examples/jsm/objects/Refractor.js,10176
./node_modules/three/examples/jsm/objects/ShadowMesh.js,3288
./node_modules/three/examples/jsm/objects/Sky.js,7257
./node_modules/three/examples/jsm/objects/SkyMesh.js,7588
./node_modules/three/examples/jsm/objects/Water.js,12912
./node_modules/three/examples/jsm/objects/Water2.js,10439
./node_modules/three/examples/jsm/objects/Water2Mesh.js,5947
./node_modules/three/examples/jsm/objects/WaterMesh.js,6008
./node_modules/three/examples/jsm/offscreen/jank.js,645
./node_modules/three/examples/jsm/offscreen/offscreen.js,188
./node_modules/three/examples/jsm/offscreen/scene.js,2078
./node_modules/three/examples/jsm/physics/AmmoPhysics.js,8534
./node_modules/three/examples/jsm/physics/JoltPhysics.js,8387
./node_modules/three/examples/jsm/physics/RapierPhysics.js,10551
./node_modules/three/examples/jsm/postprocessing/AfterimagePass.js,4342
./node_modules/three/examples/jsm/postprocessing/BloomPass.js,6405
./node_modules/three/examples/jsm/postprocessing/BokehPass.js,5531
./node_modules/three/examples/jsm/postprocessing/ClearPass.js,2167
./node_modules/three/examples/jsm/postprocessing/CubeTexturePass.js,3519
./node_modules/three/examples/jsm/postprocessing/DotScreenPass.js,2941
./node_modules/three/examples/jsm/postprocessing/EffectComposer.js,8477
./node_modules/three/examples/jsm/postprocessing/FXAAPass.js,738
./node_modules/three/examples/jsm/postprocessing/FilmPass.js,2684
./node_modules/three/examples/jsm/postprocessing/GTAOPass.js,19890
./node_modules/three/examples/jsm/postprocessing/GlitchPass.js,4303
./node_modules/three/examples/jsm/postprocessing/HalftonePass.js,2882
./node_modules/three/examples/jsm/postprocessing/LUTPass.js,2230
./node_modules/three/examples/jsm/postprocessing/MaskPass.js,4694
./node_modules/three/examples/jsm/postprocessing/OutlinePass.js,23172
./node_modules/three/examples/jsm/postprocessing/OutputPass.js,4029
./node_modules/three/examples/jsm/postprocessing/Pass.js,4218
./node_modules/three/examples/jsm/postprocessing/RenderPass.js,4112
./node_modules/three/examples/jsm/postprocessing/RenderPixelatedPass.js,8151
./node_modules/three/examples/jsm/postprocessing/RenderTransitionPass.js,5847
./node_modules/three/examples/jsm/postprocessing/SAOPass.js,13085
./node_modules/three/examples/jsm/postprocessing/SMAAPass.js,50379
./node_modules/three/examples/jsm/postprocessing/SSAARenderPass.js,8150
./node_modules/three/examples/jsm/postprocessing/SSAOPass.js,13443
./node_modules/three/examples/jsm/postprocessing/SSRPass.js,23254
./node_modules/three/examples/jsm/postprocessing/SavePass.js,2978
./node_modules/three/examples/jsm/postprocessing/ShaderPass.js,3228
./node_modules/three/examples/jsm/postprocessing/TAARenderPass.js,6467
./node_modules/three/examples/jsm/postprocessing/TexturePass.js,2920
./node_modules/three/examples/jsm/postprocessing/UnrealBloomPass.js,14388
./node_modules/three/examples/jsm/renderers/CSS2DRenderer.js,6976
./node_modules/three/examples/jsm/renderers/CSS3DRenderer.js,11103
./node_modules/three/examples/jsm/renderers/Projector.js,20281
./node_modules/three/examples/jsm/renderers/SVGRenderer.js,15806
./node_modules/three/examples/jsm/shaders/ACESFilmicToneMappingShader.js,2147
./node_modules/three/examples/jsm/shaders/AfterimageShader.js,1054
./node_modules/three/examples/jsm/shaders/BasicShader.js,523
./node_modules/three/examples/jsm/shaders/BleachBypassShader.js,1362
./node_modules/three/examples/jsm/shaders/BlendShader.js,920
./node_modules/three/examples/jsm/shaders/BokehShader.js,5940
./node_modules/three/examples/jsm/shaders/BokehShader2.js,9871
./node_modules/three/examples/jsm/shaders/BrightnessContrastShader.js,1275
./node_modules/three/examples/jsm/shaders/ColorCorrectionShader.js,1024
./node_modules/three/examples/jsm/shaders/ColorifyShader.js,834
./node_modules/three/examples/jsm/shaders/ConvolutionShader.js,1281
./node_modules/three/examples/jsm/shaders/CopyShader.js,729
./node_modules/three/examples/jsm/shaders/DOFMipMapShader.js,1092
./node_modules/three/examples/jsm/shaders/DepthLimitedBlurShader.js,3952
./node_modules/three/examples/jsm/shaders/DigitalGlitch.js,2525
./node_modules/three/examples/jsm/shaders/DotScreenShader.js,1384
./node_modules/three/examples/jsm/shaders/ExposureShader.js,729
./node_modules/three/examples/jsm/shaders/FXAAShader.js,6815
./node_modules/three/examples/jsm/shaders/FilmShader.js,1133
./node_modules/three/examples/jsm/shaders/FocusShader.js,2473
./node_modules/three/examples/jsm/shaders/FreiChenShader.js,3153
./node_modules/three/examples/jsm/shaders/GTAOShader.js,11910
./node_modules/three/examples/jsm/shaders/GammaCorrectionShader.js,818
./node_modules/three/examples/jsm/shaders/GodRaysShader.js,7135
./node_modules/three/examples/jsm/shaders/HalftoneShader.js,8771
./node_modules/three/examples/jsm/shaders/HorizontalBlurShader.js,1667
./node_modules/three/examples/jsm/shaders/HorizontalTiltShiftShader.js,1792
./node_modules/three/examples/jsm/shaders/HueSaturationShader.js,1678
./node_modules/three/examples/jsm/shaders/KaleidoShader.js,1200
./node_modules/three/examples/jsm/shaders/LuminosityHighPassShader.js,1291
./node_modules/three/examples/jsm/shaders/LuminosityShader.js,768
./node_modules/three/examples/jsm/shaders/MirrorShader.js,1066
./node_modules/three/examples/jsm/shaders/NormalMapShader.js,1165
./node_modules/three/examples/jsm/shaders/OutputShader.js,1876
./node_modules/three/examples/jsm/shaders/PoissonDenoiseShader.js,6945
./node_modules/three/examples/jsm/shaders/RGBShiftShader.js,1288
./node_modules/three/examples/jsm/shaders/SAOShader.js,5075
./node_modules/three/examples/jsm/shaders/SMAAShader.js,15002
./node_modules/three/examples/jsm/shaders/SSAOShader.js,6826
./node_modules/three/examples/jsm/shaders/SSRShader.js,9856
./node_modules/three/examples/jsm/shaders/SepiaShader.js,1104
./node_modules/three/examples/jsm/shaders/SobelOperatorShader.js,2546
./node_modules/three/examples/jsm/shaders/SubsurfaceScatteringShader.js,3270
./node_modules/three/examples/jsm/shaders/TechnicolorShader.js,1043
./node_modules/three/examples/jsm/shaders/ToonShader.js,7147
./node_modules/three/examples/jsm/shaders/TriangleBlurShader.js,1467
./node_modules/three/examples/jsm/shaders/UnpackDepthRGBAShader.js,1017
./node_modules/three/examples/jsm/shaders/VelocityShader.js,3173
./node_modules/three/examples/jsm/shaders/VerticalBlurShader.js,1639
./node_modules/three/examples/jsm/shaders/VerticalTiltShiftShader.js,1779
./node_modules/three/examples/jsm/shaders/VignetteShader.js,1054
./node_modules/three/examples/jsm/shaders/VolumeShader.js,9950
./node_modules/three/examples/jsm/shaders/WaterRefractionShader.js,2046
./node_modules/three/examples/jsm/textures/FlakesTexture.js,1422
./node_modules/three/examples/jsm/transpiler/AST.js,7334
./node_modules/three/examples/jsm/transpiler/GLSLDecoder.js,22231
./node_modules/three/examples/jsm/transpiler/Linker.js,5065
./node_modules/three/examples/jsm/transpiler/ShaderToyDecoder.js,1010
./node_modules/three/examples/jsm/transpiler/TSLEncoder.js,17461
./node_modules/three/examples/jsm/transpiler/Transpiler.js,1560
./node_modules/three/examples/jsm/transpiler/TranspilerUtils.js,608
./node_modules/three/examples/jsm/transpiler/WGSLEncoder.js,18171
./node_modules/three/examples/jsm/tsl/display/AfterImageNode.js,5981
./node_modules/three/examples/jsm/tsl/display/AnaglyphPassNode.js,2706
./node_modules/three/examples/jsm/tsl/display/AnamorphicNode.js,6983
./node_modules/three/examples/jsm/tsl/display/BleachBypass.js,987
./node_modules/three/examples/jsm/tsl/display/BloomNode.js,14849
./node_modules/three/examples/jsm/tsl/display/ChromaticAberrationNode.js,5766
./node_modules/three/examples/jsm/tsl/display/DenoiseNode.js,9763
./node_modules/three/examples/jsm/tsl/display/DepthOfFieldNode.js,14705
./node_modules/three/examples/jsm/tsl/display/DotScreenNode.js,2587
./node_modules/three/examples/jsm/tsl/display/FXAANode.js,9478
./node_modules/three/examples/jsm/tsl/display/FilmNode.js,2330
./node_modules/three/examples/jsm/tsl/display/GTAONode.js,15353
./node_modules/three/examples/jsm/tsl/display/GaussianBlurNode.js,10287
./node_modules/three/examples/jsm/tsl/display/LensflareNode.js,8190
./node_modules/three/examples/jsm/tsl/display/Lut3DNode.js,2722
./node_modules/three/examples/jsm/tsl/display/MotionBlur.js,1099
./node_modules/three/examples/jsm/tsl/display/OutlineNode.js,19791
./node_modules/three/examples/jsm/tsl/display/ParallaxBarrierPassNode.js,2080
./node_modules/three/examples/jsm/tsl/display/PixelationPassNode.js,9346
./node_modules/three/examples/jsm/tsl/display/RGBShiftNode.js,2459
./node_modules/three/examples/jsm/tsl/display/SMAANode.js,68049
./node_modules/three/examples/jsm/tsl/display/SSAAPassNode.js,8724
./node_modules/three/examples/jsm/tsl/display/SSRNode.js,20241
./node_modules/three/examples/jsm/tsl/display/Sepia.js,572
./node_modules/three/examples/jsm/tsl/display/SobelOperatorNode.js,4551
./node_modules/three/examples/jsm/tsl/display/StereoCompositePassNode.js,4311
./node_modules/three/examples/jsm/tsl/display/StereoPassNode.js,2970
./node_modules/three/examples/jsm/tsl/display/TRAANode.js,12718
./node_modules/three/examples/jsm/tsl/display/TransitionNode.js,4326
./node_modules/three/examples/jsm/tsl/display/boxBlur.js,2740
./node_modules/three/examples/jsm/tsl/display/hashBlur.js,2310
./node_modules/three/examples/jsm/tsl/lighting/TiledLightsNode.js,10189
./node_modules/three/examples/jsm/tsl/math/Bayer.js,3789
./node_modules/three/examples/jsm/tsl/shadows/TileShadowNode.js,12402
./node_modules/three/examples/jsm/tsl/shadows/TileShadowNodeHelper.js,5321
./node_modules/three/examples/jsm/tsl/utils/Raymarching.js,1986
./node_modules/three/examples/jsm/utils/BufferGeometryUtils.js,35539
./node_modules/three/examples/jsm/utils/CameraUtils.js,3204
./node_modules/three/examples/jsm/utils/GeometryCompressionUtils.js,13010
./node_modules/three/examples/jsm/utils/GeometryUtils.js,5593
./node_modules/three/examples/jsm/utils/LDrawUtils.js,6054
./node_modules/three/examples/jsm/utils/SceneOptimizer.js,10253
./node_modules/three/examples/jsm/utils/SceneUtils.js,8634
./node_modules/three/examples/jsm/utils/ShadowMapViewer.js,5925
./node_modules/three/examples/jsm/utils/ShadowMapViewerGPU.js,5974
./node_modules/three/examples/jsm/utils/SkeletonUtils.js,11062
./node_modules/three/examples/jsm/utils/SortUtils.js,3354
./node_modules/three/examples/jsm/utils/UVsDebug.js,3427
./node_modules/three/examples/jsm/utils/WebGLTextureUtils.js,3068
./node_modules/three/examples/jsm/utils/WebGPUTextureUtils.js,2266
./node_modules/three/examples/jsm/utils/WorkerPool.js,3110
./node_modules/three/examples/jsm/webxr/ARButton.js,5485
./node_modules/three/examples/jsm/webxr/OculusHandModel.js,3795
./node_modules/three/examples/jsm/webxr/OculusHandPointerModel.js,13518
./node_modules/three/examples/jsm/webxr/Text2D.js,1482
./node_modules/three/examples/jsm/webxr/VRButton.js,5866
./node_modules/three/examples/jsm/webxr/XRButton.js,4959
./node_modules/three/examples/jsm/webxr/XRControllerModelFactory.js,9959
./node_modules/three/examples/jsm/webxr/XREstimatedLight.js,6112
./node_modules/three/examples/jsm/webxr/XRHandMeshModel.js,3556
./node_modules/three/examples/jsm/webxr/XRHandModelFactory.js,4260
./node_modules/three/examples/jsm/webxr/XRHandPrimitiveModel.js,3494
./node_modules/three/examples/jsm/webxr/XRPlanes.js,2455
./node_modules/three/package.json,4635
./node_modules/three/src/Three.Core.js,9640
./node_modules/three/src/Three.Legacy.js,0
./node_modules/three/src/Three.TSL.js,28046
./node_modules/three/src/Three.WebGPU.Nodes.js,1611
./node_modules/three/src/Three.WebGPU.js,1783
./node_modules/three/src/Three.js,483
./node_modules/three/src/animation/AnimationAction.js,19559
./node_modules/three/src/animation/AnimationClip.js,14681
./node_modules/three/src/animation/AnimationMixer.js,19474
./node_modules/three/src/animation/AnimationObjectGroup.js,9963
./node_modules/three/src/animation/AnimationUtils.js,12375
./node_modules/three/src/animation/KeyframeTrack.js,12506
./node_modules/three/src/animation/PropertyBinding.js,18336
./node_modules/three/src/animation/PropertyMixer.js,7859
./node_modules/three/src/animation/tracks/BooleanKeyframeTrack.js,1407
./node_modules/three/src/animation/tracks/ColorKeyframeTrack.js,865
./node_modules/three/src/animation/tracks/NumberKeyframeTrack.js,873
./node_modules/three/src/animation/tracks/QuaternionKeyframeTrack.js,1440
./node_modules/three/src/animation/tracks/StringKeyframeTrack.js,1401
./node_modules/three/src/animation/tracks/VectorKeyframeTrack.js,872
./node_modules/three/src/audio/Audio.js,15316
./node_modules/three/src/audio/AudioAnalyser.js,2328
./node_modules/three/src/audio/AudioContext.js,617
./node_modules/three/src/audio/AudioListener.js,4879
./node_modules/three/src/audio/PositionalAudio.js,6132
./node_modules/three/src/cameras/ArrayCamera.js,1205
./node_modules/three/src/cameras/Camera.js,2601
./node_modules/three/src/cameras/CubeCamera.js,6367
./node_modules/three/src/cameras/OrthographicCamera.js,5812
./node_modules/three/src/cameras/PerspectiveCamera.js,10657
./node_modules/three/src/cameras/StereoCamera.js,3959
./node_modules/three/src/constants.js,31557
./node_modules/three/src/core/BufferAttribute.js,24630
./node_modules/three/src/core/BufferGeometry.js,33130
./node_modules/three/src/core/Clock.js,2042
./node_modules/three/src/core/EventDispatcher.js,2739
./node_modules/three/src/core/GLBufferAttribute.js,3965
./node_modules/three/src/core/InstancedBufferAttribute.js,1529
./node_modules/three/src/core/InstancedBufferGeometry.js,870
./node_modules/three/src/core/InstancedInterleavedBuffer.js,1493
./node_modules/three/src/core/InterleavedBuffer.js,7169
./node_modules/three/src/core/InterleavedBufferAttribute.js,12817
./node_modules/three/src/core/Layers.js,2259
./node_modules/three/src/core/Object3D.js,38829
./node_modules/three/src/core/Raycaster.js,8165
./node_modules/three/src/core/RenderTarget.js,10131
./node_modules/three/src/core/RenderTarget3D.js,1101
./node_modules/three/src/core/Timer.js,4022
./node_modules/three/src/core/Uniform.js,976
./node_modules/three/src/core/UniformsGroup.js,3650
./node_modules/three/src/extras/Controls.js,2708
./node_modules/three/src/extras/DataUtils.js,4531
./node_modules/three/src/extras/Earcut.js,654
./node_modules/three/src/extras/ImageUtils.js,2858
./node_modules/three/src/extras/PMREMGenerator.js,24366
./node_modules/three/src/extras/ShapeUtils.js,2312
./node_modules/three/src/extras/TextureUtils.js,10278
./node_modules/three/src/extras/core/Curve.js,12369
./node_modules/three/src/extras/core/CurvePath.js,5728
./node_modules/three/src/extras/core/Interpolations.js,2278
./node_modules/three/src/extras/core/Path.js,9306
./node_modules/three/src/extras/core/Shape.js,3257
./node_modules/three/src/extras/core/ShapePath.js,8385
./node_modules/three/src/extras/curves/ArcCurve.js,1064
./node_modules/three/src/extras/curves/CatmullRomCurve3.js,7328
./node_modules/three/src/extras/curves/CubicBezierCurve.js,2830
./node_modules/three/src/extras/curves/CubicBezierCurve3.js,2373
./node_modules/three/src/extras/curves/Curves.js,540
./node_modules/three/src/extras/curves/EllipseCurve.js,5540
./node_modules/three/src/extras/curves/LineCurve.js,2064
./node_modules/three/src/extras/curves/LineCurve3.js,2068
./node_modules/three/src/extras/curves/QuadraticBezierCurve.js,2546
./node_modules/three/src/extras/curves/QuadraticBezierCurve3.js,2117
./node_modules/three/src/extras/curves/SplineCurve.js,2963
./node_modules/three/src/extras/lib/earcut.js,21380
./node_modules/three/src/geometries/BoxGeometry.js,5883
./node_modules/three/src/geometries/CapsuleGeometry.js,5709
./node_modules/three/src/geometries/CircleGeometry.js,3469
./node_modules/three/src/geometries/ConeGeometry.js,2245
./node_modules/three/src/geometries/CylinderGeometry.js,7548
./node_modules/three/src/geometries/DodecahedronGeometry.js,2359
./node_modules/three/src/geometries/EdgesGeometry.js,4957
./node_modules/three/src/geometries/ExtrudeGeometry.js,21503
./node_modules/three/src/geometries/Geometries.js,797
./node_modules/three/src/geometries/IcosahedronGeometry.js,1897
./node_modules/three/src/geometries/LatheGeometry.js,5336
./node_modules/three/src/geometries/OctahedronGeometry.js,1634
./node_modules/three/src/geometries/PlaneGeometry.js,3090
./node_modules/three/src/geometries/PolyhedronGeometry.js,7515
./node_modules/three/src/geometries/RingGeometry.js,4072
./node_modules/three/src/geometries/ShapeGeometry.js,4830
./node_modules/three/src/geometries/SphereGeometry.js,4475
./node_modules/three/src/geometries/TetrahedronGeometry.js,1591
./node_modules/three/src/geometries/TorusGeometry.js,3807
./node_modules/three/src/geometries/TorusKnotGeometry.js,5711
./node_modules/three/src/geometries/TubeGeometry.js,5880
./node_modules/three/src/geometries/WireframeGeometry.js,3836
./node_modules/three/src/helpers/ArrowHelper.js,4437
./node_modules/three/src/helpers/AxesHelper.js,2341
./node_modules/three/src/helpers/Box3Helper.js,1989
./node_modules/three/src/helpers/BoxHelper.js,3767
./node_modules/three/src/helpers/CameraHelper.js,10244
./node_modules/three/src/helpers/DirectionalLightHelper.js,3655
./node_modules/three/src/helpers/GridHelper.js,2263
./node_modules/three/src/helpers/HemisphereLightHelper.js,3176
./node_modules/three/src/helpers/PlaneHelper.js,2507
./node_modules/three/src/helpers/PointLightHelper.js,2957
./node_modules/three/src/helpers/PolarGridHelper.js,3267
./node_modules/three/src/helpers/SkeletonHelper.js,4324
./node_modules/three/src/helpers/SpotLightHelper.js,3426
./node_modules/three/src/lights/AmbientLight.js,828
./node_modules/three/src/lights/DirectionalLight.js,2653
./node_modules/three/src/lights/DirectionalLightShadow.js,609
./node_modules/three/src/lights/HemisphereLight.js,1382
./node_modules/three/src/lights/Light.js,1991
./node_modules/three/src/lights/LightProbe.js,2293
./node_modules/three/src/lights/LightShadow.js,8033
./node_modules/three/src/lights/PointLight.js,2829
./node_modules/three/src/lights/PointLightShadow.js,3108
./node_modules/three/src/lights/RectAreaLight.js,2612
./node_modules/three/src/lights/SpotLight.js,4567
./node_modules/three/src/lights/SpotLightShadow.js,1494
./node_modules/three/src/lights/webgpu/IESSpotLight.js,1227
./node_modules/three/src/lights/webgpu/ProjectorLight.js,1312
./node_modules/three/src/loaders/AnimationLoader.js,2146
./node_modules/three/src/loaders/AudioLoader.js,2204
./node_modules/three/src/loaders/BufferGeometryLoader.js,6381
./node_modules/three/src/loaders/Cache.js,1648
./node_modules/three/src/loaders/CompressedTextureLoader.js,4266
./node_modules/three/src/loaders/CubeTextureLoader.js,3066
./node_modules/three/src/loaders/DataTextureLoader.js,4711
./node_modules/three/src/loaders/FileLoader.js,7905
./node_modules/three/src/loaders/ImageBitmapLoader.js,5356
./node_modules/three/src/loaders/ImageLoader.js,3554
./node_modules/three/src/loaders/Loader.js,5022
./node_modules/three/src/loaders/LoaderUtils.js,1286
./node_modules/three/src/loaders/LoadingManager.js,6975
./node_modules/three/src/loaders/MaterialLoader.js,16688
./node_modules/three/src/loaders/ObjectLoader.js,30113
./node_modules/three/src/loaders/TextureLoader.js,2066
./node_modules/three/src/loaders/nodes/NodeLoader.js,3866
./node_modules/three/src/loaders/nodes/NodeMaterialLoader.js,2138
./node_modules/three/src/loaders/nodes/NodeObjectLoader.js,3161
./node_modules/three/src/materials/LineBasicMaterial.js,2408
./node_modules/three/src/materials/LineDashedMaterial.js,1595
./node_modules/three/src/materials/Material.js,31654
./node_modules/three/src/materials/Materials.js,1428
./node_modules/three/src/materials/MeshBasicMaterial.js,5838
./node_modules/three/src/materials/MeshDepthMaterial.js,3852
./node_modules/three/src/materials/MeshDistanceMaterial.js,3364
./node_modules/three/src/materials/MeshLambertMaterial.js,10298
./node_modules/three/src/materials/MeshMatcapMaterial.js,5854
./node_modules/three/src/materials/MeshNormalMaterial.js,4446
./node_modules/three/src/materials/MeshPhongMaterial.js,10795
./node_modules/three/src/materials/MeshPhysicalMaterial.js,13217
./node_modules/three/src/materials/MeshStandardMaterial.js,11849
./node_modules/three/src/materials/MeshToonMaterial.js,8101
./node_modules/three/src/materials/PointsMaterial.js,3440
./node_modules/three/src/materials/RawShaderMaterial.js,1031
./node_modules/three/src/materials/ShaderMaterial.js,9697
./node_modules/three/src/materials/ShadowMaterial.js,1758
./node_modules/three/src/materials/SpriteMaterial.js,3043
./node_modules/three/src/materials/nodes/Line2NodeMaterial.js,13766
./node_modules/three/src/materials/nodes/LineBasicNodeMaterial.js,823
./node_modules/three/src/materials/nodes/LineDashedNodeMaterial.js,3786
./node_modules/three/src/materials/nodes/MeshBasicNodeMaterial.js,3152
./node_modules/three/src/materials/nodes/MeshLambertNodeMaterial.js,1779
./node_modules/three/src/materials/nodes/MeshMatcapNodeMaterial.js,1617
./node_modules/three/src/materials/nodes/MeshNormalNodeMaterial.js,1734
./node_modules/three/src/materials/nodes/MeshPhongNodeMaterial.js,3418
./node_modules/three/src/materials/nodes/MeshPhysicalNodeMaterial.js,16446
./node_modules/three/src/materials/nodes/MeshSSSNodeMaterial.js,4982
./node_modules/three/src/materials/nodes/MeshStandardNodeMaterial.js,4764
./node_modules/three/src/materials/nodes/MeshToonNodeMaterial.js,1203
./node_modules/three/src/materials/nodes/NodeMaterial.js,30951
./node_modules/three/src/materials/nodes/NodeMaterials.js,1546
./node_modules/three/src/materials/nodes/PointsNodeMaterial.js,4647
./node_modules/three/src/materials/nodes/ShadowNodeMaterial.js,1361
./node_modules/three/src/materials/nodes/SpriteNodeMaterial.js,4623
./node_modules/three/src/materials/nodes/VolumeNodeMaterial.js,1426
./node_modules/three/src/materials/nodes/manager/NodeMaterialObserver.js,12731
./node_modules/three/src/math/Box2.js,9518
./node_modules/three/src/math/Box3.js,21205
./node_modules/three/src/math/Color.js,25883
./node_modules/three/src/math/ColorManagement.js,5651
./node_modules/three/src/math/Cylindrical.js,2607
./node_modules/three/src/math/Euler.js,9253
./node_modules/three/src/math/Frustum.js,7615
./node_modules/three/src/math/FrustumArray.js,5829
./node_modules/three/src/math/Interpolant.js,6120
./node_modules/three/src/math/Line3.js,7892
./node_modules/three/src/math/MathUtils.js,21750
./node_modules/three/src/math/Matrix2.js,2953
./node_modules/three/src/math/Matrix3.js,13853
./node_modules/three/src/math/Matrix4.js,34377
./node_modules/three/src/math/Plane.js,9105
./node_modules/three/src/math/Quaternion.js,21716
./node_modules/three/src/math/Ray.js,15906
./node_modules/three/src/math/Sphere.js,8844
./node_modules/three/src/math/Spherical.js,3101
./node_modules/three/src/math/SphericalHarmonics3.js,7921
./node_modules/three/src/math/Triangle.js,15194
./node_modules/three/src/math/Vector2.js,18247
./node_modules/three/src/math/Vector3.js,28220
./node_modules/three/src/math/Vector4.js,22913
./node_modules/three/src/math/interpolants/CubicInterpolant.js,3315
./node_modules/three/src/math/interpolants/DiscreteInterpolant.js,831
./node_modules/three/src/math/interpolants/LinearInterpolant.js,1094
./node_modules/three/src/math/interpolants/QuaternionLinearInterpolant.js,1138
./node_modules/three/src/nodes/Nodes.js,8675
./node_modules/three/src/nodes/TSL.js,6486
./node_modules/three/src/nodes/accessors/AccessorsUtils.js,1633
./node_modules/three/src/nodes/accessors/Arrays.js,1903
./node_modules/three/src/nodes/accessors/BatchNode.js,3947
./node_modules/three/src/nodes/accessors/Bitangent.js,2555
./node_modules/three/src/nodes/accessors/BufferAttributeNode.js,8973
./node_modules/three/src/nodes/accessors/BufferNode.js,2367
./node_modules/three/src/nodes/accessors/BuiltinNode.js,1213
./node_modules/three/src/nodes/accessors/Camera.js,7979
./node_modules/three/src/nodes/accessors/ClippingNode.js,6616
./node_modules/three/src/nodes/accessors/CubeTextureNode.js,4961
./node_modules/three/src/nodes/accessors/InstanceNode.js,6129
./node_modules/three/src/nodes/accessors/InstancedMeshNode.js,1096
./node_modules/three/src/nodes/accessors/Lights.js,3625
./node_modules/three/src/nodes/accessors/MaterialNode.js,21168
./node_modules/three/src/nodes/accessors/MaterialProperties.js,1763
./node_modules/three/src/nodes/accessors/MaterialReferenceNode.js,2486
./node_modules/three/src/nodes/accessors/ModelNode.js,4806
./node_modules/three/src/nodes/accessors/ModelViewProjectionNode.js,407
./node_modules/three/src/nodes/accessors/MorphNode.js,7982
./node_modules/three/src/nodes/accessors/Normal.js,6343
./node_modules/three/src/nodes/accessors/Object3DNode.js,6970
./node_modules/three/src/nodes/accessors/PointUVNode.js,973
./node_modules/three/src/nodes/accessors/Position.js,2335
./node_modules/three/src/nodes/accessors/ReferenceBaseNode.js,8234
./node_modules/three/src/nodes/accessors/ReferenceNode.js,9555
./node_modules/three/src/nodes/accessors/ReflectVector.js,1043
./node_modules/three/src/nodes/accessors/RendererReferenceNode.js,2433
./node_modules/three/src/nodes/accessors/SceneNode.js,3705
./node_modules/three/src/nodes/accessors/SkinningNode.js,9193
./node_modules/three/src/nodes/accessors/StorageBufferNode.js,9372
./node_modules/three/src/nodes/accessors/StorageTextureNode.js,5437
./node_modules/three/src/nodes/accessors/Tangent.js,1832
./node_modules/three/src/nodes/accessors/TangentUtils.js,1365
./node_modules/three/src/nodes/accessors/Texture3DNode.js,4535
./node_modules/three/src/nodes/accessors/TextureBicubic.js,3320
./node_modules/three/src/nodes/accessors/TextureNode.js,22085
./node_modules/three/src/nodes/accessors/TextureSizeNode.js,1879
./node_modules/three/src/nodes/accessors/UV.js,351
./node_modules/three/src/nodes/accessors/UniformArrayNode.js,7794
./node_modules/three/src/nodes/accessors/UserDataNode.js,2392
./node_modules/three/src/nodes/accessors/VelocityNode.js,5665
./node_modules/three/src/nodes/accessors/VertexColorNode.js,1978
./node_modules/three/src/nodes/code/CodeNode.js,3454
./node_modules/three/src/nodes/code/ExpressionNode.js,1317
./node_modules/three/src/nodes/code/FunctionCallNode.js,4007
./node_modules/three/src/nodes/code/FunctionNode.js,4001
./node_modules/three/src/nodes/code/ScriptableNode.js,13460
./node_modules/three/src/nodes/code/ScriptableValueNode.js,4878
./node_modules/three/src/nodes/core/ArrayNode.js,2983
./node_modules/three/src/nodes/core/AssignNode.js,4423
./node_modules/three/src/nodes/core/AttributeNode.js,3366
./node_modules/three/src/nodes/core/BypassNode.js,1675
./node_modules/three/src/nodes/core/CacheNode.js,2045
./node_modules/three/src/nodes/core/ConstNode.js,1387
./node_modules/three/src/nodes/core/ContextNode.js,4253
./node_modules/three/src/nodes/core/IndexNode.js,3924
./node_modules/three/src/nodes/core/InputNode.js,3035
./node_modules/three/src/nodes/core/LightingModel.js,2030
./node_modules/three/src/nodes/core/MRTNode.js,2933
./node_modules/three/src/nodes/core/Node.js,21315
./node_modules/three/src/nodes/core/NodeAttribute.js,1109
./node_modules/three/src/nodes/core/NodeBuilder.js,67247
./node_modules/three/src/nodes/core/NodeCache.js,1203
./node_modules/three/src/nodes/core/NodeCode.js,925
./node_modules/three/src/nodes/core/NodeFrame.js,6236
./node_modules/three/src/nodes/core/NodeFunction.js,1448
./node_modules/three/src/nodes/core/NodeFunctionInput.js,1307
./node_modules/three/src/nodes/core/NodeParser.js,447
./node_modules/three/src/nodes/core/NodeUniform.js,1417
./node_modules/three/src/nodes/core/NodeUtils.js,10680
./node_modules/three/src/nodes/core/NodeVar.js,1160
./node_modules/three/src/nodes/core/NodeVarying.js,1570
./node_modules/three/src/nodes/core/OutputStructNode.js,2056
./node_modules/three/src/nodes/core/ParameterNode.js,1130
./node_modules/three/src/nodes/core/PropertyNode.js,8421
./node_modules/three/src/nodes/core/StackNode.js,7251
./node_modules/three/src/nodes/core/StructNode.js,2391
./node_modules/three/src/nodes/core/StructType.js,157
./node_modules/three/src/nodes/core/StructTypeNode.js,3735
./node_modules/three/src/nodes/core/SubBuildNode.js,1719
./node_modules/three/src/nodes/core/TempNode.js,1899
./node_modules/three/src/nodes/core/UniformGroupNode.js,3116
./node_modules/three/src/nodes/core/UniformNode.js,5085
./node_modules/three/src/nodes/core/VarNode.js,5682
./node_modules/three/src/nodes/core/VaryingNode.js,5118
./node_modules/three/src/nodes/core/constants.js,2074
./node_modules/three/src/nodes/display/BlendModes.js,6954
./node_modules/three/src/nodes/display/BumpMapNode.js,3107
./node_modules/three/src/nodes/display/ColorAdjustment.js,5348
./node_modules/three/src/nodes/display/ColorSpaceFunctions.js,1264
./node_modules/three/src/nodes/display/ColorSpaceNode.js,4417
./node_modules/three/src/nodes/display/FrontFacingNode.js,2039
./node_modules/three/src/nodes/display/NormalMapNode.js,2495
./node_modules/three/src/nodes/display/PassNode.js,20508
./node_modules/three/src/nodes/display/PosterizeNode.js,1444
./node_modules/three/src/nodes/display/RenderOutputNode.js,3220
./node_modules/three/src/nodes/display/ScreenNode.js,6385
./node_modules/three/src/nodes/display/ToneMappingFunctions.js,7377
./node_modules/three/src/nodes/display/ToneMappingNode.js,2817
./node_modules/three/src/nodes/display/ToonOutlinePassNode.js,5056
./node_modules/three/src/nodes/display/ViewportDepthNode.js,9578
./node_modules/three/src/nodes/display/ViewportDepthTextureNode.js,1565
./node_modules/three/src/nodes/display/ViewportSharedTextureNode.js,1751
./node_modules/three/src/nodes/display/ViewportTextureNode.js,6141
./node_modules/three/src/nodes/fog/Fog.js,2857
./node_modules/three/src/nodes/functions/BSDF/BRDF_GGX.js,2008
./node_modules/three/src/nodes/functions/BSDF/BRDF_Lambert.js,215
./node_modules/three/src/nodes/functions/BSDF/BRDF_Sheen.js,1845
./node_modules/three/src/nodes/functions/BSDF/DFGApprox.js,859
./node_modules/three/src/nodes/functions/BSDF/D_GGX.js,666
./node_modules/three/src/nodes/functions/BSDF/D_GGX_Anisotropic.js,916
./node_modules/three/src/nodes/functions/BSDF/EnvironmentBRDF.js,365
./node_modules/three/src/nodes/functions/BSDF/F_Schlick.js,547
./node_modules/three/src/nodes/functions/BSDF/LTC.js,5449
./node_modules/three/src/nodes/functions/BSDF/Schlick_to_F0.js,498
./node_modules/three/src/nodes/functions/BSDF/V_GGX_SmithCorrelated.js,871
./node_modules/three/src/nodes/functions/BSDF/V_GGX_SmithCorrelated_Anisotropic.js,1157
./node_modules/three/src/nodes/functions/BasicLightingModel.js,2584
./node_modules/three/src/nodes/functions/PhongLightingModel.js,2878
./node_modules/three/src/nodes/functions/PhysicalLightingModel.js,24850
./node_modules/three/src/nodes/functions/ShadowMaskModel.js,1122
./node_modules/three/src/nodes/functions/ToonLightingModel.js,2214
./node_modules/three/src/nodes/functions/VolumetricLightingModel.js,4967
./node_modules/three/src/nodes/functions/material/getAlphaHashThreshold.js,2284
./node_modules/three/src/nodes/functions/material/getGeometryRoughness.js,486
./node_modules/three/src/nodes/functions/material/getParallaxCorrectNormal.js,1727
./node_modules/three/src/nodes/functions/material/getRoughness.js,520
./node_modules/three/src/nodes/functions/material/getShIrradianceAt.js,1116
./node_modules/three/src/nodes/geometry/RangeNode.js,4606
./node_modules/three/src/nodes/gpgpu/AtomicFunctionNode.js,8121
./node_modules/three/src/nodes/gpgpu/BarrierNode.js,1952
./node_modules/three/src/nodes/gpgpu/ComputeBuiltinNode.js,5185
./node_modules/three/src/nodes/gpgpu/ComputeNode.js,4799
./node_modules/three/src/nodes/gpgpu/SubgroupFunctionNode.js,15463
./node_modules/three/src/nodes/gpgpu/WorkgroupInfoNode.js,4895
./node_modules/three/src/nodes/lighting/AONode.js,766
./node_modules/three/src/nodes/lighting/AmbientLightNode.js,553
./node_modules/three/src/nodes/lighting/AnalyticLightNode.js,5797
./node_modules/three/src/nodes/lighting/BasicEnvironmentNode.js,1047
./node_modules/three/src/nodes/lighting/BasicLightMapNode.js,996
./node_modules/three/src/nodes/lighting/DirectionalLightNode.js,727
./node_modules/three/src/nodes/lighting/EnvironmentNode.js,3721
./node_modules/three/src/nodes/lighting/HemisphereLightNode.js,1984
./node_modules/three/src/nodes/lighting/IESSpotLightNode.js,1058
./node_modules/three/src/nodes/lighting/IrradianceNode.js,733
./node_modules/three/src/nodes/lighting/LightProbeNode.js,1457
./node_modules/three/src/nodes/lighting/LightUtils.js,1070
./node_modules/three/src/nodes/lighting/LightingContextNode.js,2797
./node_modules/three/src/nodes/lighting/LightingNode.js,455
./node_modules/three/src/nodes/lighting/LightsNode.js,8907
./node_modules/three/src/nodes/lighting/PointLightNode.js,2104
./node_modules/three/src/nodes/lighting/PointShadowNode.js,9654
./node_modules/three/src/nodes/lighting/ProjectorLightNode.js,2212
./node_modules/three/src/nodes/lighting/RectAreaLightNode.js,2974
./node_modules/three/src/nodes/lighting/ShadowBaseNode.js,1809
./node_modules/three/src/nodes/lighting/ShadowFilterNode.js,9167
./node_modules/three/src/nodes/lighting/ShadowNode.js,22211
./node_modules/three/src/nodes/lighting/SpotLightNode.js,4026
./node_modules/three/src/nodes/materialx/DISCLAIMER.md,10562
./node_modules/three/src/nodes/materialx/MaterialXNodes.js,8730
./node_modules/three/src/nodes/materialx/lib/mx_hsv.js,2652
./node_modules/three/src/nodes/materialx/lib/mx_noise.js,45765
./node_modules/three/src/nodes/materialx/lib/mx_transform_color.js,862
./node_modules/three/src/nodes/math/BitcastNode.js,3778
./node_modules/three/src/nodes/math/ConditionalNode.js,5838
./node_modules/three/src/nodes/math/Hash.js,665
./node_modules/three/src/nodes/math/MathNode.js,28901
./node_modules/three/src/nodes/math/MathUtils.js,2359
./node_modules/three/src/nodes/math/OperatorNode.js,17087
./node_modules/three/src/nodes/math/TriNoise3D.js,1725
./node_modules/three/src/nodes/parsers/GLSLNodeFunction.js,3251
./node_modules/three/src/nodes/parsers/GLSLNodeParser.js,488
./node_modules/three/src/nodes/pmrem/PMREMNode.js,7769
./node_modules/three/src/nodes/pmrem/PMREMUtils.js,9011
./node_modules/three/src/nodes/procedural/Checker.js,512
./node_modules/three/src/nodes/shapes/Shapes.js,762
./node_modules/three/src/nodes/tsl/TSLBase.js,1825
./node_modules/three/src/nodes/tsl/TSLCore.js,24719
./node_modules/three/src/nodes/utils/ArrayElementNode.js,1539
./node_modules/three/src/nodes/utils/ConvertNode.js,1964
./node_modules/three/src/nodes/utils/CubeMapNode.js,5391
./node_modules/three/src/nodes/utils/DebugNode.js,1480
./node_modules/three/src/nodes/utils/Discard.js,816
./node_modules/three/src/nodes/utils/EquirectUV.js,855
./node_modules/three/src/nodes/utils/EventNode.js,2102
./node_modules/three/src/nodes/utils/FlipNode.js,2379
./node_modules/three/src/nodes/utils/FunctionOverloadingNode.js,2978
./node_modules/three/src/nodes/utils/JoinNode.js,2686
./node_modules/three/src/nodes/utils/LoopNode.js,7649
./node_modules/three/src/nodes/utils/MatcapUV.js,826
./node_modules/three/src/nodes/utils/MaxMipLevelNode.js,2025
./node_modules/three/src/nodes/utils/MemberNode.js,1907
./node_modules/three/src/nodes/utils/Oscillators.js,1177
./node_modules/three/src/nodes/utils/Packing.js,560
./node_modules/three/src/nodes/utils/PostProcessingUtils.js,4412
./node_modules/three/src/nodes/utils/RTTNode.js,6746
./node_modules/three/src/nodes/utils/ReflectorNode.js,16208
./node_modules/three/src/nodes/utils/RemapNode.js,3369
./node_modules/three/src/nodes/utils/RotateNode.js,3002
./node_modules/three/src/nodes/utils/SampleNode.js,2030
./node_modules/three/src/nodes/utils/SetNode.js,2366
./node_modules/three/src/nodes/utils/SplitNode.js,3475
./node_modules/three/src/nodes/utils/SpriteSheetUVNode.js,2214
./node_modules/three/src/nodes/utils/SpriteUtils.js,1854
./node_modules/three/src/nodes/utils/StorageArrayElementNode.js,2710
./node_modules/three/src/nodes/utils/Timer.js,744
./node_modules/three/src/nodes/utils/TriplanarTextures.js,2699
./node_modules/three/src/nodes/utils/UVUtils.js,1167
./node_modules/three/src/nodes/utils/ViewportUtils.js,1008
./node_modules/three/src/objects/BatchedMesh.js,47215
./node_modules/three/src/objects/Bone.js,612
./node_modules/three/src/objects/ClippingGroup.js,1336
./node_modules/three/src/objects/Group.js,702
./node_modules/three/src/objects/InstancedMesh.js,10269
./node_modules/three/src/objects/LOD.js,6483
./node_modules/three/src/objects/Line.js,8312
./node_modules/three/src/objects/LineLoop.js,730
./node_modules/three/src/objects/LineSegments.js,1629
./node_modules/three/src/objects/Mesh.js,12371
./node_modules/three/src/objects/Points.js,5719
./node_modules/three/src/objects/Skeleton.js,7898
./node_modules/three/src/objects/SkinnedMesh.js,8670
./node_modules/three/src/objects/Sprite.js,6337
./node_modules/three/src/renderers/WebGL3DRenderTarget.js,1166
./node_modules/three/src/renderers/WebGLArrayRenderTarget.js,1194
./node_modules/three/src/renderers/WebGLCubeRenderTarget.js,4932
./node_modules/three/src/renderers/WebGLRenderTarget.js,739
./node_modules/three/src/renderers/WebGLRenderer.js,102861
./node_modules/three/src/renderers/common/Animation.js,2582
./node_modules/three/src/renderers/common/Attributes.js,2448
./node_modules/three/src/renderers/common/Backend.js,17172
./node_modules/three/src/renderers/common/Background.js,5651
./node_modules/three/src/renderers/common/BindGroup.js,1140
./node_modules/three/src/renderers/common/Binding.js,1036
./node_modules/three/src/renderers/common/Bindings.js,6820
./node_modules/three/src/renderers/common/Buffer.js,1289
./node_modules/three/src/renderers/common/BufferUtils.js,1535
./node_modules/three/src/renderers/common/BundleGroup.js,1747
./node_modules/three/src/renderers/common/ChainMap.js,1803
./node_modules/three/src/renderers/common/ClippingContext.js,5586
./node_modules/three/src/renderers/common/Color4.js,1581
./node_modules/three/src/renderers/common/ComputePipeline.js,740
./node_modules/three/src/renderers/common/Constants.js,283
./node_modules/three/src/renderers/common/CubeRenderTarget.js,2974
./node_modules/three/src/renderers/common/DataMap.js,1328
./node_modules/three/src/renderers/common/Geometries.js,7365
./node_modules/three/src/renderers/common/IndirectStorageBufferAttribute.js,998
./node_modules/three/src/renderers/common/Info.js,3819
./node_modules/three/src/renderers/common/Lighting.js,1375
./node_modules/three/src/renderers/common/Pipeline.js,484
./node_modules/three/src/renderers/common/Pipelines.js,11801
./node_modules/three/src/renderers/common/PostProcessing.js,5555
./node_modules/three/src/renderers/common/ProgrammableStage.js,1761
./node_modules/three/src/renderers/common/QuadMesh.js,2451
./node_modules/three/src/renderers/common/RenderBundle.js,458
./node_modules/three/src/renderers/common/RenderBundles.js,1153
./node_modules/three/src/renderers/common/RenderContext.js,5012
./node_modules/three/src/renderers/common/RenderContexts.js,2589
./node_modules/three/src/renderers/common/RenderList.js,10244
./node_modules/three/src/renderers/common/RenderLists.js,1297
./node_modules/three/src/renderers/common/RenderObject.js,19169
./node_modules/three/src/renderers/common/RenderObjects.js,5317
./node_modules/three/src/renderers/common/RenderPipeline.js,806
./node_modules/three/src/renderers/common/Renderer.js,81366
./node_modules/three/src/renderers/common/RendererUtils.js,5494
./node_modules/three/src/renderers/common/SampledTexture.js,2638
./node_modules/three/src/renderers/common/Sampler.js,2149
./node_modules/three/src/renderers/common/Storage3DTexture.js,2320
./node_modules/three/src/renderers/common/StorageArrayTexture.js,1968
./node_modules/three/src/renderers/common/StorageBuffer.js,718
./node_modules/three/src/renderers/common/StorageBufferAttribute.js,1472
./node_modules/three/src/renderers/common/StorageInstancedBufferAttribute.js,1555
./node_modules/three/src/renderers/common/StorageTexture.js,1668
./node_modules/three/src/renderers/common/Textures.js,11382
./node_modules/three/src/renderers/common/TimestampQueryPool.js,1641
./node_modules/three/src/renderers/common/Uniform.js,5971
./node_modules/three/src/renderers/common/UniformBuffer.js,561
./node_modules/three/src/renderers/common/UniformsGroup.js,10590
./node_modules/three/src/renderers/common/XRManager.js,43163
./node_modules/three/src/renderers/common/XRRenderTarget.js,2291
./node_modules/three/src/renderers/common/extras/PMREMGenerator.js,26757
./node_modules/three/src/renderers/common/nodes/NodeBuilderState.js,3906
./node_modules/three/src/renderers/common/nodes/NodeLibrary.js,5309
./node_modules/three/src/renderers/common/nodes/NodeSampledTexture.js,2950
./node_modules/three/src/renderers/common/nodes/NodeSampler.js,903
./node_modules/three/src/renderers/common/nodes/NodeStorageBuffer.js,1154
./node_modules/three/src/renderers/common/nodes/NodeUniform.js,6721
./node_modules/three/src/renderers/common/nodes/NodeUniformBuffer.js,947
./node_modules/three/src/renderers/common/nodes/NodeUniformsGroup.js,872
./node_modules/three/src/renderers/common/nodes/Nodes.js,19284
./node_modules/three/src/renderers/shaders/ShaderChunk.js,15520
./node_modules/three/src/renderers/shaders/ShaderChunk/alphahash_fragment.glsl.js,129
./node_modules/three/src/renderers/shaders/ShaderChunk/alphahash_pars_fragment.glsl.js,1816
./node_modules/three/src/renderers/shaders/ShaderChunk/alphamap_fragment.glsl.js,116
./node_modules/three/src/renderers/shaders/ShaderChunk/alphamap_pars_fragment.glsl.js,88
./node_modules/three/src/renderers/shaders/ShaderChunk/alphatest_fragment.glsl.js,285
./node_modules/three/src/renderers/shaders/ShaderChunk/alphatest_pars_fragment.glsl.js,84
./node_modules/three/src/renderers/shaders/ShaderChunk/aomap_fragment.glsl.js,700
./node_modules/three/src/renderers/shaders/ShaderChunk/aomap_pars_fragment.glsl.js,113
./node_modules/three/src/renderers/shaders/ShaderChunk/batching_pars_vertex.glsl.js,1223
./node_modules/three/src/renderers/shaders/ShaderChunk/batching_vertex.glsl.js,132
./node_modules/three/src/renderers/shaders/ShaderChunk/begin_vertex.glsl.js,129
./node_modules/three/src/renderers/shaders/ShaderChunk/beginnormal_vertex.glsl.js,138
./node_modules/three/src/renderers/shaders/ShaderChunk/bsdfs.glsl.js,845
./node_modules/three/src/renderers/shaders/ShaderChunk/bumpmap_pars_fragment.glsl.js,1263
./node_modules/three/src/renderers/shaders/ShaderChunk/clearcoat_normal_fragment_begin.glsl.js,104
./node_modules/three/src/renderers/shaders/ShaderChunk/clearcoat_normal_fragment_maps.glsl.js,262
./node_modules/three/src/renderers/shaders/ShaderChunk/clearcoat_pars_fragment.glsl.js,299
./node_modules/three/src/renderers/shaders/ShaderChunk/clipping_planes_fragment.glsl.js,1762
./node_modules/three/src/renderers/shaders/ShaderChunk/clipping_planes_pars_fragment.glsl.js,150
./node_modules/three/src/renderers/shaders/ShaderChunk/clipping_planes_pars_vertex.glsl.js,96
./node_modules/three/src/renderers/shaders/ShaderChunk/clipping_planes_vertex.glsl.js,102
./node_modules/three/src/renderers/shaders/ShaderChunk/color_fragment.glsl.js,153
./node_modules/three/src/renderers/shaders/ShaderChunk/color_pars_fragment.glsl.js,143
./node_modules/three/src/renderers/shaders/ShaderChunk/color_pars_vertex.glsl.js,211
./node_modules/three/src/renderers/shaders/ShaderChunk/color_vertex.glsl.js,474
./node_modules/three/src/renderers/shaders/ShaderChunk/colorspace_fragment.glsl.js,82
./node_modules/three/src/renderers/shaders/ShaderChunk/colorspace_pars_fragment.glsl.js,525
./node_modules/three/src/renderers/shaders/ShaderChunk/common.glsl.js,3592
./node_modules/three/src/renderers/shaders/ShaderChunk/cube_uv_reflection_fragment.glsl.js,3878
./node_modules/three/src/renderers/shaders/ShaderChunk/default_fragment.glsl.js,90
./node_modules/three/src/renderers/shaders/ShaderChunk/default_vertex.glsl.js,121
./node_modules/three/src/renderers/shaders/ShaderChunk/defaultnormal_vertex.glsl.js,1270
./node_modules/three/src/renderers/shaders/ShaderChunk/displacementmap_pars_vertex.glsl.js,169
./node_modules/three/src/renderers/shaders/ShaderChunk/displacementmap_vertex.glsl.js,205
./node_modules/three/src/renderers/shaders/ShaderChunk/dithering_fragment.glsl.js,107
./node_modules/three/src/renderers/shaders/ShaderChunk/dithering_pars_fragment.glsl.js,608
./node_modules/three/src/renderers/shaders/ShaderChunk/emissivemap_fragment.glsl.js,377
./node_modules/three/src/renderers/shaders/ShaderChunk/emissivemap_pars_fragment.glsl.js,94
./node_modules/three/src/renderers/shaders/ShaderChunk/envmap_common_pars_fragment.glsl.js,246
./node_modules/three/src/renderers/shaders/ShaderChunk/envmap_fragment.glsl.js,1259
./node_modules/three/src/renderers/shaders/ShaderChunk/envmap_pars_fragment.glsl.js,345
./node_modules/three/src/renderers/shaders/ShaderChunk/envmap_pars_vertex.glsl.js,320
./node_modules/three/src/renderers/shaders/ShaderChunk/envmap_physical_pars_fragment.glsl.js,1697
./node_modules/three/src/renderers/shaders/ShaderChunk/envmap_vertex.glsl.js,647
./node_modules/three/src/renderers/shaders/ShaderChunk/fog_fragment.glsl.js,303
./node_modules/three/src/renderers/shaders/ShaderChunk/fog_pars_fragment.glsl.js,218
./node_modules/three/src/renderers/shaders/ShaderChunk/fog_pars_vertex.glsl.js,80
./node_modules/three/src/renderers/shaders/ShaderChunk/fog_vertex.glsl.js,83
./node_modules/three/src/renderers/shaders/ShaderChunk/gradientmap_pars_fragment.glsl.js,512
./node_modules/three/src/renderers/shaders/ShaderChunk/iridescence_fragment.glsl.js,3612
./node_modules/three/src/renderers/shaders/ShaderChunk/iridescence_pars_fragment.glsl.js,191
./node_modules/three/src/renderers/shaders/ShaderChunk/lightmap_pars_fragment.glsl.js,122
./node_modules/three/src/renderers/shaders/ShaderChunk/lights_fragment_begin.glsl.js,6245
./node_modules/three/src/renderers/shaders/ShaderChunk/lights_fragment_end.glsl.js,425
./node_modules/three/src/renderers/shaders/ShaderChunk/lights_fragment_maps.glsl.js,897
./node_modules/three/src/renderers/shaders/ShaderChunk/lights_lambert_fragment.glsl.js,144
./node_modules/three/src/renderers/shaders/ShaderChunk/lights_lambert_pars_fragment.glsl.js,1064
./node_modules/three/src/renderers/shaders/ShaderChunk/lights_pars_begin.glsl.js,5245
./node_modules/three/src/renderers/shaders/ShaderChunk/lights_phong_fragment.glsl.js,222
./node_modules/three/src/renderers/shaders/ShaderChunk/lights_phong_pars_fragment.glsl.js,1335
./node_modules/three/src/renderers/shaders/ShaderChunk/lights_physical_fragment.glsl.js,4124
./node_modules/three/src/renderers/shaders/ShaderChunk/lights_physical_pars_fragment.glsl.js,18422
./node_modules/three/src/renderers/shaders/ShaderChunk/lights_toon_fragment.glsl.js,95
./node_modules/three/src/renderers/shaders/ShaderChunk/lights_toon_pars_fragment.glsl.js,1002
./node_modules/three/src/renderers/shaders/ShaderChunk/logdepthbuf_fragment.glsl.js,291
./node_modules/three/src/renderers/shaders/ShaderChunk/logdepthbuf_pars_fragment.glsl.js,171
./node_modules/three/src/renderers/shaders/ShaderChunk/logdepthbuf_pars_vertex.glsl.js,133
./node_modules/three/src/renderers/shaders/ShaderChunk/logdepthbuf_vertex.glsl.js,178
./node_modules/three/src/renderers/shaders/ShaderChunk/map_fragment.glsl.js,355
./node_modules/three/src/renderers/shaders/ShaderChunk/map_pars_fragment.glsl.js,78
./node_modules/three/src/renderers/shaders/ShaderChunk/map_particle_fragment.glsl.js,381
./node_modules/three/src/renderers/shaders/ShaderChunk/map_particle_pars_fragment.glsl.js,292
./node_modules/three/src/renderers/shaders/ShaderChunk/metalnessmap_fragment.glsl.js,294
./node_modules/three/src/renderers/shaders/ShaderChunk/metalnessmap_pars_fragment.glsl.js,96
./node_modules/three/src/renderers/shaders/ShaderChunk/morphcolor_vertex.glsl.js,826
./node_modules/three/src/renderers/shaders/ShaderChunk/morphinstance_vertex.glsl.js,364
./node_modules/three/src/renderers/shaders/ShaderChunk/morphnormal_vertex.glsl.js,641
./node_modules/three/src/renderers/shaders/ShaderChunk/morphtarget_pars_vertex.glsl.js,678
./node_modules/three/src/renderers/shaders/ShaderChunk/morphtarget_vertex.glsl.js,641
./node_modules/three/src/renderers/shaders/ShaderChunk/normal_fragment_begin.glsl.js,1339
./node_modules/three/src/renderers/shaders/ShaderChunk/normal_fragment_maps.glsl.js,642
./node_modules/three/src/renderers/shaders/ShaderChunk/normal_pars_fragment.glsl.js,165
./node_modules/three/src/renderers/shaders/ShaderChunk/normal_pars_vertex.glsl.js,165
./node_modules/three/src/renderers/shaders/ShaderChunk/normal_vertex.glsl.js,303
./node_modules/three/src/renderers/shaders/ShaderChunk/normalmap_pars_fragment.glsl.js,971
./node_modules/three/src/renderers/shaders/ShaderChunk/opaque_fragment.glsl.js,206
./node_modules/three/src/renderers/shaders/ShaderChunk/packing.glsl.js,3241
./node_modules/three/src/renderers/shaders/ShaderChunk/premultiplied_alpha_fragment.glsl.js,219
./node_modules/three/src/renderers/shaders/ShaderChunk/project_vertex.glsl.js,312
./node_modules/three/src/renderers/shaders/ShaderChunk/roughnessmap_fragment.glsl.js,294
./node_modules/three/src/renderers/shaders/ShaderChunk/roughnessmap_pars_fragment.glsl.js,96
./node_modules/three/src/renderers/shaders/ShaderChunk/shadowmap_pars_fragment.glsl.js,10488
./node_modules/three/src/renderers/shaders/ShaderChunk/shadowmap_pars_vertex.glsl.js,1446
./node_modules/three/src/renderers/shaders/ShaderChunk/shadowmap_vertex.glsl.js,1798
./node_modules/three/src/renderers/shaders/ShaderChunk/shadowmask_pars_fragment.glsl.js,1598
./node_modules/three/src/renderers/shaders/ShaderChunk/skinbase_vertex.glsl.js,247
./node_modules/three/src/renderers/shaders/ShaderChunk/skinning_pars_vertex.glsl.js,589
./node_modules/three/src/renderers/shaders/ShaderChunk/skinning_vertex.glsl.js,400
./node_modules/three/src/renderers/shaders/ShaderChunk/skinnormal_vertex.glsl.js,481
./node_modules/three/src/renderers/shaders/ShaderChunk/specularmap_fragment.glsl.js,221
./node_modules/three/src/renderers/shaders/ShaderChunk/specularmap_pars_fragment.glsl.js,94
./node_modules/three/src/renderers/shaders/ShaderChunk/tonemapping_fragment.glsl.js,120
./node_modules/three/src/renderers/shaders/ShaderChunk/tonemapping_pars_fragment.glsl.js,5260
./node_modules/three/src/renderers/shaders/ShaderChunk/transmission_fragment.glsl.js,1117
./node_modules/three/src/renderers/shaders/ShaderChunk/transmission_pars_fragment.glsl.js,7316
./node_modules/three/src/renderers/shaders/ShaderChunk/uv_pars_fragment.glsl.js,1633
./node_modules/three/src/renderers/shaders/ShaderChunk/uv_pars_vertex.glsl.js,2496
./node_modules/three/src/renderers/shaders/ShaderChunk/uv_vertex.glsl.js,2758
./node_modules/three/src/renderers/shaders/ShaderChunk/worldpos_vertex.glsl.js,439
./node_modules/three/src/renderers/shaders/ShaderLib.js,8410
./node_modules/three/src/renderers/shaders/ShaderLib/background.glsl.js,829
./node_modules/three/src/renderers/shaders/ShaderLib/backgroundCube.glsl.js,1155
./node_modules/three/src/renderers/shaders/ShaderLib/cube.glsl.js,654
./node_modules/three/src/renderers/shaders/ShaderLib/depth.glsl.js,2479
./node_modules/three/src/renderers/shaders/ShaderLib/distanceRGBA.glsl.js,1659
./node_modules/three/src/renderers/shaders/ShaderLib/equirect.glsl.js,568
./node_modules/three/src/renderers/shaders/ShaderLib/linedashed.glsl.js,1556
./node_modules/three/src/renderers/shaders/ShaderLib/meshbasic.glsl.js,2720
./node_modules/three/src/renderers/shaders/ShaderLib/meshlambert.glsl.js,3192
./node_modules/three/src/renderers/shaders/ShaderLib/meshmatcap.glsl.js,2692
./node_modules/three/src/renderers/shaders/ShaderLib/meshnormal.glsl.js,1872
./node_modules/three/src/renderers/shaders/ShaderLib/meshphong.glsl.js,3298
./node_modules/three/src/renderers/shaders/ShaderLib/meshphysical.glsl.js,5584
./node_modules/three/src/renderers/shaders/ShaderLib/meshtoon.glsl.js,2992
./node_modules/three/src/renderers/shaders/ShaderLib/points.glsl.js,1760
./node_modules/three/src/renderers/shaders/ShaderLib/shadow.glsl.js,1223
./node_modules/three/src/renderers/shaders/ShaderLib/sprite.glsl.js,1834
./node_modules/three/src/renderers/shaders/ShaderLib/vsm.glsl.js,1206
./node_modules/three/src/renderers/shaders/UniformsLib.js,4646
./node_modules/three/src/renderers/shaders/UniformsUtils.js,1891
./node_modules/three/src/renderers/webgl-fallback/WebGLBackend.js,66208
./node_modules/three/src/renderers/webgl-fallback/WebGLBufferRenderer.js,2433
./node_modules/three/src/renderers/webgl-fallback/nodes/GLSLNodeBuilder.js,37231
./node_modules/three/src/renderers/webgl-fallback/utils/WebGLAttributeUtils.js,7557
./node_modules/three/src/renderers/webgl-fallback/utils/WebGLCapabilities.js,1288
./node_modules/three/src/renderers/webgl-fallback/utils/WebGLConstants.js,609
./node_modules/three/src/renderers/webgl-fallback/utils/WebGLExtensions.js,1544
./node_modules/three/src/renderers/webgl-fallback/utils/WebGLState.js,26526
./node_modules/three/src/renderers/webgl-fallback/utils/WebGLTextureUtils.js,36121
./node_modules/three/src/renderers/webgl-fallback/utils/WebGLTimestampQueryPool.js,7405
./node_modules/three/src/renderers/webgl-fallback/utils/WebGLUtils.js,11012
./node_modules/three/src/renderers/webgl/WebGLAnimation.js,767
./node_modules/three/src/renderers/webgl/WebGLAttributes.js,5087
./node_modules/three/src/renderers/webgl/WebGLBackground.js,7809
./node_modules/three/src/renderers/webgl/WebGLBindingStates.js,12434
./node_modules/three/src/renderers/webgl/WebGLBufferRenderer.js,1650
./node_modules/three/src/renderers/webgl/WebGLCapabilities.js,3797
./node_modules/three/src/renderers/webgl/WebGLClipping.js,3372
./node_modules/three/src/renderers/webgl/WebGLCubeMaps.js,1909
./node_modules/three/src/renderers/webgl/WebGLCubeUVMaps.js,2938
./node_modules/three/src/renderers/webgl/WebGLExtensions.js,1914
./node_modules/three/src/renderers/webgl/WebGLGeometries.js,3405
./node_modules/three/src/renderers/webgl/WebGLIndexedBufferRenderer.js,1907
./node_modules/three/src/renderers/webgl/WebGLInfo.js,1025
./node_modules/three/src/renderers/webgl/WebGLLights.js,13221
./node_modules/three/src/renderers/webgl/WebGLMaterials.js,13988
./node_modules/three/src/renderers/webgl/WebGLMorphtargets.js,4569
./node_modules/three/src/renderers/webgl/WebGLObjects.js,1578
./node_modules/three/src/renderers/webgl/WebGLProgram.js,31448
./node_modules/three/src/renderers/webgl/WebGLPrograms.js,21484
./node_modules/three/src/renderers/webgl/WebGLProperties.js,639
./node_modules/three/src/renderers/webgl/WebGLRenderLists.js,4054
./node_modules/three/src/renderers/webgl/WebGLRenderStates.js,1667
./node_modules/three/src/renderers/webgl/WebGLShader.js,196
./node_modules/three/src/renderers/webgl/WebGLShaderCache.js,1975
./node_modules/three/src/renderers/webgl/WebGLShadowMap.js,11870
./node_modules/three/src/renderers/webgl/WebGLState.js,26528
./node_modules/three/src/renderers/webgl/WebGLTextures.js,66805
./node_modules/three/src/renderers/webgl/WebGLUniforms.js,20800
./node_modules/three/src/renderers/webgl/WebGLUniformsGroups.js,8595
./node_modules/three/src/renderers/webgl/WebGLUtils.js,9558
./node_modules/three/src/renderers/webgpu/WebGPUBackend.js,64480
./node_modules/three/src/renderers/webgpu/WebGPURenderer.Nodes.js,1460
./node_modules/three/src/renderers/webgpu/WebGPURenderer.js,3484
./node_modules/three/src/renderers/webgpu/nodes/BasicNodeLibrary.js,2420
./node_modules/three/src/renderers/webgpu/nodes/StandardNodeLibrary.js,4857
./node_modules/three/src/renderers/webgpu/nodes/WGSLNodeBuilder.js,62044
./node_modules/three/src/renderers/webgpu/nodes/WGSLNodeFunction.js,3936
./node_modules/three/src/renderers/webgpu/nodes/WGSLNodeParser.js,500
./node_modules/three/src/renderers/webgpu/utils/WebGPUAttributeUtils.js,11007
./node_modules/three/src/renderers/webgpu/utils/WebGPUBindingUtils.js,11346
./node_modules/three/src/renderers/webgpu/utils/WebGPUConstants.js,8132
./node_modules/three/src/renderers/webgpu/utils/WebGPUPipelineUtils.js,19183
./node_modules/three/src/renderers/webgpu/utils/WebGPUTexturePassUtils.js,10492
./node_modules/three/src/renderers/webgpu/utils/WebGPUTextureUtils.js,43572
./node_modules/three/src/renderers/webgpu/utils/WebGPUTimestampQueryPool.js,5993
./node_modules/three/src/renderers/webgpu/utils/WebGPUUtils.js,5186
./node_modules/three/src/renderers/webxr/WebXRController.js,8965
./node_modules/three/src/renderers/webxr/WebXRDepthSensing.js,2901
./node_modules/three/src/renderers/webxr/WebXRManager.js,28577
./node_modules/three/src/scenes/Fog.js,1950
./node_modules/three/src/scenes/FogExp2.js,1607
./node_modules/three/src/scenes/Scene.js,4244
./node_modules/three/src/textures/CanvasTexture.js,1417
./node_modules/three/src/textures/CompressedArrayTexture.js,2399
./node_modules/three/src/textures/CompressedCubeTexture.js,1123
./node_modules/three/src/textures/CompressedTexture.js,2597
./node_modules/three/src/textures/CubeTexture.js,2143
./node_modules/three/src/textures/Data3DTexture.js,2931
./node_modules/three/src/textures/DataArrayTexture.js,3388
./node_modules/three/src/textures/DataTexture.js,2639
./node_modules/three/src/textures/DepthTexture.js,2879
./node_modules/three/src/textures/ExternalTexture.js,1063
./node_modules/three/src/textures/FramebufferTexture.js,2415
./node_modules/three/src/textures/Source.js,4414
./node_modules/three/src/textures/Texture.js,18364
./node_modules/three/src/textures/VideoFrameTexture.js,2062
./node_modules/three/src/textures/VideoTexture.js,3286
./node_modules/three/src/utils.js,2683
./node_modules/through/.travis.yml,54
./node_modules/through/LICENSE.APACHE2,586
./node_modules/through/LICENSE.MIT,1088
./node_modules/through/index.js,2619
./node_modules/through/package.json,794
./node_modules/through/readme.markdown,1665
./node_modules/through/test/async.js,629
./node_modules/through/test/auto-destroy.js,516
./node_modules/through/test/buffering.js,1510
./node_modules/through/test/end.js,707
./node_modules/through/test/index.js,2365
./node_modules/tone/CHANGELOG.md,18702
./node_modules/tone/LICENSE.md,1072
./node_modules/tone/README.md,11923
./node_modules/tone/Tone/classes.ts,228
./node_modules/tone/Tone/component/analysis/Analyser.test.ts,1766
./node_modules/tone/Tone/component/analysis/Analyser.ts,4471
./node_modules/tone/Tone/component/analysis/DCMeter.test.ts,855
./node_modules/tone/Tone/component/analysis/DCMeter.ts,962
./node_modules/tone/Tone/component/analysis/FFT.test.ts,1893
./node_modules/tone/Tone/component/analysis/FFT.ts,2901
./node_modules/tone/Tone/component/analysis/Follower.test.ts,3869
./node_modules/tone/Tone/component/analysis/Follower.ts,2232
./node_modules/tone/Tone/component/analysis/Meter.test.ts,2225
./node_modules/tone/Tone/component/analysis/Meter.ts,3562
./node_modules/tone/Tone/component/analysis/MeterBase.ts,1034
./node_modules/tone/Tone/component/analysis/Waveform.test.ts,1081
./node_modules/tone/Tone/component/analysis/Waveform.ts,1593
./node_modules/tone/Tone/component/channel/Channel.test.ts,2146
./node_modules/tone/Tone/component/channel/Channel.ts,4492
./node_modules/tone/Tone/component/channel/CrossFade.test.ts,1587
./node_modules/tone/Tone/component/channel/CrossFade.ts,4584
./node_modules/tone/Tone/component/channel/Merge.test.ts,1627
./node_modules/tone/Tone/component/channel/Merge.ts,1730
./node_modules/tone/Tone/component/channel/MidSideMerge.test.ts,699
./node_modules/tone/Tone/component/channel/MidSideMerge.ts,2661
./node_modules/tone/Tone/component/channel/MidSideSplit.test.ts,2513
./node_modules/tone/Tone/component/channel/MidSideSplit.ts,2401
./node_modules/tone/Tone/component/channel/Mono.test.ts,1383
./node_modules/tone/Tone/component/channel/Mono.ts,1313
./node_modules/tone/Tone/component/channel/MultibandSplit.test.ts,1770
./node_modules/tone/Tone/component/channel/MultibandSplit.ts,4184
./node_modules/tone/Tone/component/channel/PanVol.test.ts,1461
./node_modules/tone/Tone/component/channel/PanVol.ts,2578
./node_modules/tone/Tone/component/channel/Panner.test.ts,2462
./node_modules/tone/Tone/component/channel/Panner.ts,2581
./node_modules/tone/Tone/component/channel/Panner3D.test.ts,2171
./node_modules/tone/Tone/component/channel/Panner3D.ts,6027
./node_modules/tone/Tone/component/channel/Recorder.test.ts,2833
./node_modules/tone/Tone/component/channel/Recorder.ts,4653
./node_modules/tone/Tone/component/channel/Solo.test.ts,3671
./node_modules/tone/Tone/component/channel/Solo.ts,3884
./node_modules/tone/Tone/component/channel/Split.test.ts,1957
./node_modules/tone/Tone/component/channel/Split.ts,1341
./node_modules/tone/Tone/component/channel/Volume.test.ts,3412
./node_modules/tone/Tone/component/channel/Volume.ts,2587
./node_modules/tone/Tone/component/dynamics/Compressor.test.ts,2368
./node_modules/tone/Tone/component/dynamics/Compressor.ts,4500
./node_modules/tone/Tone/component/dynamics/Gate.test.ts,1940
./node_modules/tone/Tone/component/dynamics/Gate.ts,3032
./node_modules/tone/Tone/component/dynamics/Limiter.test.ts,1040
./node_modules/tone/Tone/component/dynamics/Limiter.ts,2220
./node_modules/tone/Tone/component/dynamics/MidSideCompressor.test.ts,1422
./node_modules/tone/Tone/component/dynamics/MidSideCompressor.ts,2617
./node_modules/tone/Tone/component/dynamics/MultibandCompressor.test.ts,1371
./node_modules/tone/Tone/component/dynamics/MultibandCompressor.ts,3596
./node_modules/tone/Tone/component/envelope/AmplitudeEnvelope.test.ts,2572
./node_modules/tone/Tone/component/envelope/AmplitudeEnvelope.ts,2322
./node_modules/tone/Tone/component/envelope/Envelope.test.ts,24855
./node_modules/tone/Tone/component/envelope/Envelope.ts,17754
./node_modules/tone/Tone/component/envelope/FrequencyEnvelope.test.ts,2540
./node_modules/tone/Tone/component/envelope/FrequencyEnvelope.ts,3539
./node_modules/tone/Tone/component/filter/BiquadFilter.test.ts,2833
./node_modules/tone/Tone/component/filter/BiquadFilter.ts,5041
./node_modules/tone/Tone/component/filter/Convolver.test.ts,2427
./node_modules/tone/Tone/component/filter/Convolver.ts,3910
./node_modules/tone/Tone/component/filter/EQ3.test.ts,1471
./node_modules/tone/Tone/component/filter/EQ3.ts,3884
./node_modules/tone/Tone/component/filter/FeedbackCombFilter.test.ts,2265
./node_modules/tone/Tone/component/filter/FeedbackCombFilter.ts,3304
./node_modules/tone/Tone/component/filter/FeedbackCombFilter.worklet.ts,1059
./node_modules/tone/Tone/component/filter/Filter.test.ts,3379
./node_modules/tone/Tone/component/filter/Filter.ts,6004
./node_modules/tone/Tone/component/filter/LowpassCombFilter.test.ts,2473
./node_modules/tone/Tone/component/filter/LowpassCombFilter.ts,2798
./node_modules/tone/Tone/component/filter/OnePoleFilter.test.ts,2545
./node_modules/tone/Tone/component/filter/OnePoleFilter.ts,4021
./node_modules/tone/Tone/component/filter/PhaseShiftAllpass.test.ts,2497
./node_modules/tone/Tone/component/filter/PhaseShiftAllpass.ts,2551
./node_modules/tone/Tone/component/index.ts,1313
./node_modules/tone/Tone/core/Global.ts,2189
./node_modules/tone/Tone/core/Tone.ts,2508
./node_modules/tone/Tone/core/clock/Clock.test.ts,18813
./node_modules/tone/Tone/core/clock/Clock.ts,9129
./node_modules/tone/Tone/core/clock/TickParam.test.ts,412
./node_modules/tone/Tone/core/clock/TickParam.ts,9440
./node_modules/tone/Tone/core/clock/TickSignal.test.ts,18659
./node_modules/tone/Tone/core/clock/TickSignal.ts,2645
./node_modules/tone/Tone/core/clock/TickSource.test.ts,22470
./node_modules/tone/Tone/core/clock/TickSource.ts,10449
./node_modules/tone/Tone/core/clock/Ticker.test.ts,1992
./node_modules/tone/Tone/core/clock/Ticker.ts,3099
./node_modules/tone/Tone/core/clock/Transport.test.ts,26802
./node_modules/tone/Tone/core/clock/Transport.ts,20973
./node_modules/tone/Tone/core/clock/TransportEvent.test.ts,1082
./node_modules/tone/Tone/core/clock/TransportEvent.ts,1760
./node_modules/tone/Tone/core/clock/TransportRepeatEvent.test.ts,1081
./node_modules/tone/Tone/core/clock/TransportRepeatEvent.ts,3852
./node_modules/tone/Tone/core/context/AbstractParam.ts,9647
./node_modules/tone/Tone/core/context/AudioContext.ts,2007
./node_modules/tone/Tone/core/context/BaseContext.ts,3989
./node_modules/tone/Tone/core/context/Context.test.ts,9029
./node_modules/tone/Tone/core/context/Context.ts,16179
./node_modules/tone/Tone/core/context/ContextInitialization.ts,1070
./node_modules/tone/Tone/core/context/Delay.test.ts,2718
./node_modules/tone/Tone/core/context/Delay.ts,2916
./node_modules/tone/Tone/core/context/Destination.test.ts,2183
./node_modules/tone/Tone/core/context/Destination.ts,3741
./node_modules/tone/Tone/core/context/DummyContext.test.ts,1337
./node_modules/tone/Tone/core/context/DummyContext.ts,4043
./node_modules/tone/Tone/core/context/Gain.test.ts,1938
./node_modules/tone/Tone/core/context/Gain.ts,2529
./node_modules/tone/Tone/core/context/Listener.test.ts,700
./node_modules/tone/Tone/core/context/Listener.ts,2789
./node_modules/tone/Tone/core/context/Offline.test.ts,2368
./node_modules/tone/Tone/core/context/Offline.ts,2320
./node_modules/tone/Tone/core/context/OfflineContext.test.ts,1797
./node_modules/tone/Tone/core/context/OfflineContext.ts,3107
./node_modules/tone/Tone/core/context/Param.test.ts,19974
./node_modules/tone/Tone/core/context/Param.ts,18331
./node_modules/tone/Tone/core/context/ToneAudioBuffer.test.ts,11408
./node_modules/tone/Tone/core/context/ToneAudioBuffer.ts,11531
./node_modules/tone/Tone/core/context/ToneAudioBuffers.test.ts,3755
./node_modules/tone/Tone/core/context/ToneAudioBuffers.ts,4347
./node_modules/tone/Tone/core/context/ToneAudioNode.test.ts,8481
./node_modules/tone/Tone/core/context/ToneAudioNode.ts,11202
./node_modules/tone/Tone/core/context/ToneWithContext.ts,5751
./node_modules/tone/Tone/core/index.ts,1224
./node_modules/tone/Tone/core/type/Conversions.test.ts,1174
./node_modules/tone/Tone/core/type/Conversions.ts,1960
./node_modules/tone/Tone/core/type/Frequency.test.ts,8510
./node_modules/tone/Tone/core/type/Frequency.ts,6583
./node_modules/tone/Tone/core/type/Midi.test.ts,4520
./node_modules/tone/Tone/core/type/Midi.ts,2126
./node_modules/tone/Tone/core/type/NoteUnits.ts,5691
./node_modules/tone/Tone/core/type/Ticks.test.ts,5905
./node_modules/tone/Tone/core/type/Ticks.ts,1675
./node_modules/tone/Tone/core/type/Time.test.ts,5798
./node_modules/tone/Tone/core/type/Time.ts,5153
./node_modules/tone/Tone/core/type/TimeBase.ts,7550
./node_modules/tone/Tone/core/type/TransportTime.test.ts,5615
./node_modules/tone/Tone/core/type/TransportTime.ts,1259
./node_modules/tone/Tone/core/type/Units.ts,5294
./node_modules/tone/Tone/core/util/AdvancedTypeCheck.ts,931
./node_modules/tone/Tone/core/util/Debug.test.ts,1894
./node_modules/tone/Tone/core/util/Debug.ts,1436
./node_modules/tone/Tone/core/util/Decorator.ts,1193
./node_modules/tone/Tone/core/util/Defaults.ts,3488
./node_modules/tone/Tone/core/util/Draw.test.ts,1752
./node_modules/tone/Tone/core/util/Draw.ts,3422
./node_modules/tone/Tone/core/util/Emitter.test.ts,2647
./node_modules/tone/Tone/core/util/Emitter.ts,3374
./node_modules/tone/Tone/core/util/Interface.ts,1145
./node_modules/tone/Tone/core/util/IntervalTimeline.test.ts,10831
./node_modules/tone/Tone/core/util/IntervalTimeline.ts,13553
./node_modules/tone/Tone/core/util/Math.ts,833
./node_modules/tone/Tone/core/util/StateTimeline.test.ts,3547
./node_modules/tone/Tone/core/util/StateTimeline.ts,2733
./node_modules/tone/Tone/core/util/Timeline.test.ts,13775
./node_modules/tone/Tone/core/util/Timeline.ts,11181
./node_modules/tone/Tone/core/util/TimelineValue.test.ts,754
./node_modules/tone/Tone/core/util/TimelineValue.ts,1142
./node_modules/tone/Tone/core/util/TypeCheck.ts,1431
./node_modules/tone/Tone/core/util/global.d.ts,280
./node_modules/tone/Tone/core/worklet/DelayLine.worklet.ts,1119
./node_modules/tone/Tone/core/worklet/SingleIOProcessor.worklet.ts,2094
./node_modules/tone/Tone/core/worklet/ToneAudioWorklet.ts,2002
./node_modules/tone/Tone/core/worklet/ToneAudioWorkletProcessor.worklet.ts,805
./node_modules/tone/Tone/core/worklet/WorkletGlobalScope.ts,751
./node_modules/tone/Tone/effect/AutoFilter.test.ts,3391
./node_modules/tone/Tone/effect/AutoFilter.ts,2834
./node_modules/tone/Tone/effect/AutoPanner.test.ts,2697
./node_modules/tone/Tone/effect/AutoPanner.ts,1729
./node_modules/tone/Tone/effect/AutoWah.test.ts,1712
./node_modules/tone/Tone/effect/AutoWah.ts,5515
./node_modules/tone/Tone/effect/BitCrusher.test.ts,1070
./node_modules/tone/Tone/effect/BitCrusher.ts,3481
./node_modules/tone/Tone/effect/BitCrusher.worklet.ts,665
./node_modules/tone/Tone/effect/Chebyshev.test.ts,984
./node_modules/tone/Tone/effect/Chebyshev.ts,3238
./node_modules/tone/Tone/effect/Chorus.test.ts,2440
./node_modules/tone/Tone/effect/Chorus.ts,5815
./node_modules/tone/Tone/effect/Distortion.test.ts,1053
./node_modules/tone/Tone/effect/Distortion.ts,2397
./node_modules/tone/Tone/effect/Effect.ts,2380
./node_modules/tone/Tone/effect/FeedbackDelay.test.ts,2439
./node_modules/tone/Tone/effect/FeedbackDelay.ts,2077
./node_modules/tone/Tone/effect/FeedbackEffect.ts,1601
./node_modules/tone/Tone/effect/Freeverb.test.ts,1219
./node_modules/tone/Tone/effect/Freeverb.ts,4219
./node_modules/tone/Tone/effect/FrequencyShifter.test.ts,1637
./node_modules/tone/Tone/effect/FrequencyShifter.ts,4901
./node_modules/tone/Tone/effect/JCReverb.test.ts,1013
./node_modules/tone/Tone/effect/JCReverb.ts,3722
./node_modules/tone/Tone/effect/LFOEffect.ts,2461
./node_modules/tone/Tone/effect/MidSideEffect.ts,2472
./node_modules/tone/Tone/effect/Phaser.test.ts,1213
./node_modules/tone/Tone/effect/Phaser.ts,4846
./node_modules/tone/Tone/effect/PingPongDelay.test.ts,1114
./node_modules/tone/Tone/effect/PingPongDelay.ts,3203
./node_modules/tone/Tone/effect/PitchShift.test.ts,1927
./node_modules/tone/Tone/effect/PitchShift.ts,5828
./node_modules/tone/Tone/effect/Reverb.test.ts,2005
./node_modules/tone/Tone/effect/Reverb.ts,3928
./node_modules/tone/Tone/effect/StereoEffect.ts,2483
./node_modules/tone/Tone/effect/StereoFeedbackEffect.ts,2498
./node_modules/tone/Tone/effect/StereoWidener.test.ts,1223
./node_modules/tone/Tone/effect/StereoWidener.ts,3082
./node_modules/tone/Tone/effect/StereoXFeedbackEffect.ts,1588
./node_modules/tone/Tone/effect/Tremolo.test.ts,2548
./node_modules/tone/Tone/effect/Tremolo.ts,4647
./node_modules/tone/Tone/effect/Vibrato.test.ts,1471
./node_modules/tone/Tone/effect/Vibrato.ts,2770
./node_modules/tone/Tone/effect/index.ts,529
./node_modules/tone/Tone/event/Loop.test.ts,7982
./node_modules/tone/Tone/event/Loop.ts,5014
./node_modules/tone/Tone/event/Part.test.ts,21165
./node_modules/tone/Tone/event/Part.ts,12421
./node_modules/tone/Tone/event/Pattern.test.ts,3664
./node_modules/tone/Tone/event/Pattern.ts,2964
./node_modules/tone/Tone/event/PatternGenerator.test.ts,3165
./node_modules/tone/Tone/event/PatternGenerator.ts,4608
./node_modules/tone/Tone/event/Sequence.test.ts,11201
./node_modules/tone/Tone/event/Sequence.ts,7668
./node_modules/tone/Tone/event/ToneEvent.test.ts,11369
./node_modules/tone/Tone/event/ToneEvent.ts,10652
./node_modules/tone/Tone/event/index.ts,132
./node_modules/tone/Tone/fromContext.test.ts,668
./node_modules/tone/Tone/fromContext.ts,2564
./node_modules/tone/Tone/index.test.ts,1770
./node_modules/tone/Tone/index.ts,3117
./node_modules/tone/Tone/instrument/AMSynth.test.ts,2013
./node_modules/tone/Tone/instrument/AMSynth.ts,1702
./node_modules/tone/Tone/instrument/DuoSynth.test.ts,2205
./node_modules/tone/Tone/instrument/DuoSynth.ts,5602
./node_modules/tone/Tone/instrument/FMSynth.test.ts,1909
./node_modules/tone/Tone/instrument/FMSynth.ts,2388
./node_modules/tone/Tone/instrument/Instrument.ts,5161
./node_modules/tone/Tone/instrument/MembraneSynth.test.ts,2019
./node_modules/tone/Tone/instrument/MembraneSynth.ts,2829
./node_modules/tone/Tone/instrument/MetalSynth.test.ts,1881
./node_modules/tone/Tone/instrument/MetalSynth.ts,7395
./node_modules/tone/Tone/instrument/ModulationSynth.ts,5633
./node_modules/tone/Tone/instrument/MonoSynth.test.ts,2340
./node_modules/tone/Tone/instrument/MonoSynth.ts,5535
./node_modules/tone/Tone/instrument/Monophonic.ts,4245
./node_modules/tone/Tone/instrument/NoiseSynth.test.ts,1866
./node_modules/tone/Tone/instrument/NoiseSynth.ts,3658
./node_modules/tone/Tone/instrument/PluckSynth.test.ts,1629
./node_modules/tone/Tone/instrument/PluckSynth.ts,3177
./node_modules/tone/Tone/instrument/PolySynth.test.ts,8292
./node_modules/tone/Tone/instrument/PolySynth.ts,12652
./node_modules/tone/Tone/instrument/Sampler.test.ts,6988
./node_modules/tone/Tone/instrument/Sampler.ts,10187
./node_modules/tone/Tone/instrument/Synth.test.ts,3607
./node_modules/tone/Tone/instrument/Synth.ts,4279
./node_modules/tone/Tone/instrument/index.ts,315
./node_modules/tone/Tone/signal/Abs.test.ts,987
./node_modules/tone/Tone/signal/Abs.ts,1005
./node_modules/tone/Tone/signal/Add.test.ts,1447
./node_modules/tone/Tone/signal/Add.ts,1670
./node_modules/tone/Tone/signal/AudioToGain.test.ts,1430
./node_modules/tone/Tone/signal/AudioToGain.ts,791
./node_modules/tone/Tone/signal/GainToAudio.test.ts,1038
./node_modules/tone/Tone/signal/GainToAudio.ts,801
./node_modules/tone/Tone/signal/GreaterThan.test.ts,1988
./node_modules/tone/Tone/signal/GreaterThan.ts,2396
./node_modules/tone/Tone/signal/GreaterThanZero.test.ts,1246
./node_modules/tone/Tone/signal/GreaterThanZero.ts,1666
./node_modules/tone/Tone/signal/Multiply.test.ts,1268
./node_modules/tone/Tone/signal/Multiply.ts,2199
./node_modules/tone/Tone/signal/Negate.test.ts,713
./node_modules/tone/Tone/signal/Negate.ts,896
./node_modules/tone/Tone/signal/Pow.test.ts,935
./node_modules/tone/Tone/signal/Pow.ts,1973
./node_modules/tone/Tone/signal/Scale.test.ts,1555
./node_modules/tone/Tone/signal/Scale.ts,2564
./node_modules/tone/Tone/signal/ScaleExp.test.ts,1309
./node_modules/tone/Tone/signal/ScaleExp.ts,1861
./node_modules/tone/Tone/signal/Signal.test.ts,16528
./node_modules/tone/Tone/signal/Signal.ts,7302
./node_modules/tone/Tone/signal/SignalOperator.ts,758
./node_modules/tone/Tone/signal/Subtract.test.ts,1532
./node_modules/tone/Tone/signal/Subtract.ts,2032
./node_modules/tone/Tone/signal/SyncedSignal.test.ts,8418
./node_modules/tone/Tone/signal/SyncedSignal.ts,5917
./node_modules/tone/Tone/signal/ToneConstantSource.test.ts,5534
./node_modules/tone/Tone/signal/ToneConstantSource.ts,2385
./node_modules/tone/Tone/signal/WaveShaper.test.ts,2869
./node_modules/tone/Tone/signal/WaveShaper.ts,4492
./node_modules/tone/Tone/signal/Zero.test.ts,555
./node_modules/tone/Tone/signal/Zero.ts,1155
./node_modules/tone/Tone/signal/index.ts,444
./node_modules/tone/Tone/source/Noise.test.ts,2737
./node_modules/tone/Tone/source/Noise.ts,7126
./node_modules/tone/Tone/source/OneShotSource.ts,6182
./node_modules/tone/Tone/source/Source.test.ts,12290
./node_modules/tone/Tone/source/Source.ts,10330
./node_modules/tone/Tone/source/UserMedia.test.ts,4449
./node_modules/tone/Tone/source/UserMedia.ts,7341
./node_modules/tone/Tone/source/buffer/GrainPlayer.test.ts,5916
./node_modules/tone/Tone/source/buffer/GrainPlayer.ts,7992
./node_modules/tone/Tone/source/buffer/Player.test.ts,19344
./node_modules/tone/Tone/source/buffer/Player.ts,12191
./node_modules/tone/Tone/source/buffer/Players.test.ts,7455
./node_modules/tone/Tone/source/buffer/Players.ts,5810
./node_modules/tone/Tone/source/buffer/ToneBufferSource.test.ts,17461
./node_modules/tone/Tone/source/buffer/ToneBufferSource.ts,6825
./node_modules/tone/Tone/source/index.ts,591
./node_modules/tone/Tone/source/oscillator/AMOscillator.test.ts,2048
./node_modules/tone/Tone/source/oscillator/AMOscillator.ts,6034
./node_modules/tone/Tone/source/oscillator/FMOscillator.test.ts,2508
./node_modules/tone/Tone/source/oscillator/FMOscillator.ts,6457
./node_modules/tone/Tone/source/oscillator/FatOscillator.test.ts,2506
./node_modules/tone/Tone/source/oscillator/FatOscillator.ts,6619
./node_modules/tone/Tone/source/oscillator/LFO.test.ts,6250
./node_modules/tone/Tone/source/oscillator/LFO.ts,8223
./node_modules/tone/Tone/source/oscillator/OmniOscillator.test.ts,8317
./node_modules/tone/Tone/source/oscillator/OmniOscillator.ts,13305
./node_modules/tone/Tone/source/oscillator/Oscillator.test.ts,7240
./node_modules/tone/Tone/source/oscillator/Oscillator.ts,12391
./node_modules/tone/Tone/source/oscillator/OscillatorInterface.ts,19896
./node_modules/tone/Tone/source/oscillator/PWMOscillator.test.ts,1371
./node_modules/tone/Tone/source/oscillator/PWMOscillator.ts,4656
./node_modules/tone/Tone/source/oscillator/PulseOscillator.test.ts,3025
./node_modules/tone/Tone/source/oscillator/PulseOscillator.ts,5928
./node_modules/tone/Tone/source/oscillator/ToneOscillatorNode.test.ts,6536
./node_modules/tone/Tone/source/oscillator/ToneOscillatorNode.ts,3310
./node_modules/tone/Tone/version.ts,42
./node_modules/tone/build/Tone.js,349554
./node_modules/tone/build/Tone.js.map,1837528
./node_modules/tone/build/esm/classes.d.ts,228
./node_modules/tone/build/esm/classes.js,263
./node_modules/tone/build/esm/classes.js.map,265
./node_modules/tone/build/esm/component/analysis/Analyser.d.ts,2485
./node_modules/tone/build/esm/component/analysis/Analyser.js,4005
./node_modules/tone/build/esm/component/analysis/Analyser.js.map,3256
./node_modules/tone/build/esm/component/analysis/DCMeter.d.ts,681
./node_modules/tone/build/esm/component/analysis/DCMeter.js,883
./node_modules/tone/build/esm/component/analysis/DCMeter.js.map,609
./node_modules/tone/build/esm/component/analysis/FFT.d.ts,1958
./node_modules/tone/build/esm/component/analysis/FFT.js,2391
./node_modules/tone/build/esm/component/analysis/FFT.js.map,1701
./node_modules/tone/build/esm/component/analysis/Follower.d.ts,1329
./node_modules/tone/build/esm/component/analysis/Follower.js,1785
./node_modules/tone/build/esm/component/analysis/Follower.js.map,1508
./node_modules/tone/build/esm/component/analysis/Meter.d.ts,2097
./node_modules/tone/build/esm/component/analysis/Meter.js,3088
./node_modules/tone/build/esm/component/analysis/Meter.js.map,2219
./node_modules/tone/build/esm/component/analysis/MeterBase.d.ts,726
./node_modules/tone/build/esm/component/analysis/MeterBase.js,705
./node_modules/tone/build/esm/component/analysis/MeterBase.js.map,715
./node_modules/tone/build/esm/component/analysis/Waveform.d.ts,1149
./node_modules/tone/build/esm/component/analysis/Waveform.js,1221
./node_modules/tone/build/esm/component/analysis/Waveform.js.map,951
./node_modules/tone/build/esm/component/channel/Channel.d.ts,2960
./node_modules/tone/build/esm/component/channel/Channel.js,3940
./node_modules/tone/build/esm/component/channel/Channel.js.map,2976
./node_modules/tone/build/esm/component/channel/CrossFade.d.ts,3034
./node_modules/tone/build/esm/component/channel/CrossFade.js,4333
./node_modules/tone/build/esm/component/channel/CrossFade.js.map,2649
./node_modules/tone/build/esm/component/channel/Merge.d.ts,1282
./node_modules/tone/build/esm/component/channel/Merge.js,1174
./node_modules/tone/build/esm/component/channel/Merge.js.map,861
./node_modules/tone/build/esm/component/channel/MidSideMerge.d.ts,1412
./node_modules/tone/build/esm/component/channel/MidSideMerge.js,2037
./node_modules/tone/build/esm/component/channel/MidSideMerge.js.map,2166
./node_modules/tone/build/esm/component/channel/MidSideSplit.d.ts,1346
./node_modules/tone/build/esm/component/channel/MidSideSplit.js,1910
./node_modules/tone/build/esm/component/channel/MidSideSplit.js.map,1810
./node_modules/tone/build/esm/component/channel/Mono.d.ts,855
./node_modules/tone/build/esm/component/channel/Mono.js,1061
./node_modules/tone/build/esm/component/channel/Mono.js.map,996
./node_modules/tone/build/esm/component/channel/MultibandSplit.d.ts,2356
./node_modules/tone/build/esm/component/channel/MultibandSplit.js,4037
./node_modules/tone/build/esm/component/channel/MultibandSplit.js.map,3263
./node_modules/tone/build/esm/component/channel/PanVol.d.ts,1530
./node_modules/tone/build/esm/component/channel/PanVol.js,1940
./node_modules/tone/build/esm/component/channel/PanVol.js.map,1821
./node_modules/tone/build/esm/component/channel/Panner.d.ts,1616
./node_modules/tone/build/esm/component/channel/Panner.js,1973
./node_modules/tone/build/esm/component/channel/Panner.js.map,1452
./node_modules/tone/build/esm/component/channel/Panner3D.d.ts,3281
./node_modules/tone/build/esm/component/channel/Panner3D.js,5549
./node_modules/tone/build/esm/component/channel/Panner3D.js.map,4514
./node_modules/tone/build/esm/component/channel/Recorder.d.ts,2772
./node_modules/tone/build/esm/component/channel/Recorder.js,4828
./node_modules/tone/build/esm/component/channel/Recorder.js.map,2734
./node_modules/tone/build/esm/component/channel/Solo.d.ts,2070
./node_modules/tone/build/esm/component/channel/Solo.js,3690
./node_modules/tone/build/esm/component/channel/Solo.js.map,2992
./node_modules/tone/build/esm/component/channel/Split.d.ts,824
./node_modules/tone/build/esm/component/channel/Split.js,1017
./node_modules/tone/build/esm/component/channel/Split.js.map,916
./node_modules/tone/build/esm/component/channel/Volume.d.ts,1670
./node_modules/tone/build/esm/component/channel/Volume.js,2039
./node_modules/tone/build/esm/component/channel/Volume.js.map,1667
./node_modules/tone/build/esm/component/dynamics/Compressor.d.ts,2537
./node_modules/tone/build/esm/component/dynamics/Compressor.js,3767
./node_modules/tone/build/esm/component/dynamics/Compressor.js.map,2932
./node_modules/tone/build/esm/component/dynamics/Gate.d.ts,1740
./node_modules/tone/build/esm/component/dynamics/Gate.js,2531
./node_modules/tone/build/esm/component/dynamics/Gate.js.map,2099
./node_modules/tone/build/esm/component/dynamics/Limiter.d.ts,1411
./node_modules/tone/build/esm/component/dynamics/Limiter.js,1768
./node_modules/tone/build/esm/component/dynamics/Limiter.js.map,1302
./node_modules/tone/build/esm/component/dynamics/MidSideCompressor.d.ts,1339
./node_modules/tone/build/esm/component/dynamics/MidSideCompressor.js,2094
./node_modules/tone/build/esm/component/dynamics/MidSideCompressor.js.map,2023
./node_modules/tone/build/esm/component/dynamics/MultibandCompressor.d.ts,1870
./node_modules/tone/build/esm/component/dynamics/MultibandCompressor.js,2860
./node_modules/tone/build/esm/component/dynamics/MultibandCompressor.js.map,2647
./node_modules/tone/build/esm/component/envelope/AmplitudeEnvelope.d.ts,1894
./node_modules/tone/build/esm/component/envelope/AmplitudeEnvelope.js,1671
./node_modules/tone/build/esm/component/envelope/AmplitudeEnvelope.js.map,978
./node_modules/tone/build/esm/component/envelope/Envelope.d.ts,9717
./node_modules/tone/build/esm/component/envelope/Envelope.js,15996
./node_modules/tone/build/esm/component/envelope/Envelope.js.map,10971
./node_modules/tone/build/esm/component/envelope/FrequencyEnvelope.d.ts,2118
./node_modules/tone/build/esm/component/envelope/FrequencyEnvelope.js,2929
./node_modules/tone/build/esm/component/envelope/FrequencyEnvelope.js.map,2367
./node_modules/tone/build/esm/component/filter/BiquadFilter.d.ts,2855
./node_modules/tone/build/esm/component/filter/BiquadFilter.js,3830
./node_modules/tone/build/esm/component/filter/BiquadFilter.js.map,3261
./node_modules/tone/build/esm/component/filter/Convolver.d.ts,2313
./node_modules/tone/build/esm/component/filter/Convolver.js,3737
./node_modules/tone/build/esm/component/filter/Convolver.js.map,2606
./node_modules/tone/build/esm/component/filter/EQ3.d.ts,2024
./node_modules/tone/build/esm/component/filter/EQ3.js,2887
./node_modules/tone/build/esm/component/filter/EQ3.js.map,2931
./node_modules/tone/build/esm/component/filter/FeedbackCombFilter.d.ts,1912
./node_modules/tone/build/esm/component/filter/FeedbackCombFilter.js,2803
./node_modules/tone/build/esm/component/filter/FeedbackCombFilter.js.map,2226
./node_modules/tone/build/esm/component/filter/FeedbackCombFilter.worklet.d.ts,161
./node_modules/tone/build/esm/component/filter/FeedbackCombFilter.worklet.js,1111
./node_modules/tone/build/esm/component/filter/FeedbackCombFilter.worklet.js.map,423
./node_modules/tone/build/esm/component/filter/Filter.d.ts,2815
./node_modules/tone/build/esm/component/filter/Filter.js,5607
./node_modules/tone/build/esm/component/filter/Filter.js.map,4918
./node_modules/tone/build/esm/component/filter/LowpassCombFilter.d.ts,1712
./node_modules/tone/build/esm/component/filter/LowpassCombFilter.js,1876
./node_modules/tone/build/esm/component/filter/LowpassCombFilter.js.map,1643
./node_modules/tone/build/esm/component/filter/OnePoleFilter.d.ts,2178
./node_modules/tone/build/esm/component/filter/OnePoleFilter.js,3653
./node_modules/tone/build/esm/component/filter/OnePoleFilter.js.map,3188
./node_modules/tone/build/esm/component/filter/PhaseShiftAllpass.d.ts,1355
./node_modules/tone/build/esm/component/filter/PhaseShiftAllpass.js,2359
./node_modules/tone/build/esm/component/filter/PhaseShiftAllpass.js.map,2040
./node_modules/tone/build/esm/component/index.d.ts,1309
./node_modules/tone/build/esm/component/index.js,1342
./node_modules/tone/build/esm/component/index.js.map,920
./node_modules/tone/build/esm/core/Global.d.ts,918
./node_modules/tone/build/esm/core/Global.js,2149
./node_modules/tone/build/esm/core/Global.js.map,1278
./node_modules/tone/build/esm/core/Tone.d.ts,1672
./node_modules/tone/build/esm/core/Tone.js,2484
./node_modules/tone/build/esm/core/Tone.js.map,1002
./node_modules/tone/build/esm/core/clock/Clock.d.ts,5521
./node_modules/tone/build/esm/core/clock/Clock.js,8778
./node_modules/tone/build/esm/core/clock/Clock.js.map,5594
./node_modules/tone/build/esm/core/clock/TickParam.d.ts,4000
./node_modules/tone/build/esm/core/clock/TickParam.js,9558
./node_modules/tone/build/esm/core/clock/TickParam.js.map,7612
./node_modules/tone/build/esm/core/clock/TickSignal.d.ts,1738
./node_modules/tone/build/esm/core/clock/TickSignal.js,2154
./node_modules/tone/build/esm/core/clock/TickSignal.js.map,1749
./node_modules/tone/build/esm/core/clock/TickSource.d.ts,4065
./node_modules/tone/build/esm/core/clock/TickSource.js,10889
./node_modules/tone/build/esm/core/clock/TickSource.js.map,8067
./node_modules/tone/build/esm/core/clock/Ticker.d.ts,1433
./node_modules/tone/build/esm/core/clock/Ticker.js,2892
./node_modules/tone/build/esm/core/clock/Ticker.js.map,2157
./node_modules/tone/build/esm/core/clock/Transport.d.ts,11894
./node_modules/tone/build/esm/core/clock/Transport.js,20381
./node_modules/tone/build/esm/core/clock/Transport.js.map,13029
./node_modules/tone/build/esm/core/clock/TransportEvent.d.ts,1337
./node_modules/tone/build/esm/core/clock/TransportEvent.js,1354
./node_modules/tone/build/esm/core/clock/TransportEvent.js.map,1031
./node_modules/tone/build/esm/core/clock/TransportRepeatEvent.d.ts,1928
./node_modules/tone/build/esm/core/clock/TransportRepeatEvent.js,3644
./node_modules/tone/build/esm/core/clock/TransportRepeatEvent.js.map,3248
./node_modules/tone/build/esm/core/context/AbstractParam.d.ts,10332
./node_modules/tone/build/esm/core/context/AbstractParam.js,132
./node_modules/tone/build/esm/core/context/AbstractParam.js.map,179
./node_modules/tone/build/esm/core/context/AudioContext.d.ts,1309
./node_modules/tone/build/esm/core/context/AudioContext.js,1528
./node_modules/tone/build/esm/core/context/AudioContext.js.map,1071
./node_modules/tone/build/esm/core/context/BaseContext.d.ts,3517
./node_modules/tone/build/esm/core/context/BaseContext.js,449
./node_modules/tone/build/esm/core/context/BaseContext.js.map,315
./node_modules/tone/build/esm/core/context/Context.d.ts,9276
./node_modules/tone/build/esm/core/context/Context.js,15465
./node_modules/tone/build/esm/core/context/Context.js.map,10030
./node_modules/tone/build/esm/core/context/ContextInitialization.d.ts,526
./node_modules/tone/build/esm/core/context/ContextInitialization.js,934
./node_modules/tone/build/esm/core/context/ContextInitialization.js.map,754
./node_modules/tone/build/esm/core/context/Delay.d.ts,2001
./node_modules/tone/build/esm/core/context/Delay.js,2048
./node_modules/tone/build/esm/core/context/Delay.js.map,1540
./node_modules/tone/build/esm/core/context/Destination.d.ts,2606
./node_modules/tone/build/esm/core/context/Destination.js,3713
./node_modules/tone/build/esm/core/context/Destination.js.map,2133
./node_modules/tone/build/esm/core/context/DummyContext.d.ts,2719
./node_modules/tone/build/esm/core/context/DummyContext.js,2822
./node_modules/tone/build/esm/core/context/DummyContext.js.map,2508
./node_modules/tone/build/esm/core/context/Gain.d.ts,1781
./node_modules/tone/build/esm/core/context/Gain.js,1854
./node_modules/tone/build/esm/core/context/Gain.js.map,1401
./node_modules/tone/build/esm/core/context/Listener.d.ts,1229
./node_modules/tone/build/esm/core/context/Listener.js,2867
./node_modules/tone/build/esm/core/context/Listener.js.map,2580
./node_modules/tone/build/esm/core/context/Offline.d.ts,1727
./node_modules/tone/build/esm/core/context/Offline.js,2398
./node_modules/tone/build/esm/core/context/Offline.js.map,828
./node_modules/tone/build/esm/core/context/OfflineContext.d.ts,1796
./node_modules/tone/build/esm/core/context/OfflineContext.js,3079
./node_modules/tone/build/esm/core/context/OfflineContext.js.map,2081
./node_modules/tone/build/esm/core/context/Param.d.ts,5261
./node_modules/tone/build/esm/core/context/Param.js,18063
./node_modules/tone/build/esm/core/context/Param.js.map,15895
./node_modules/tone/build/esm/core/context/ToneAudioBuffer.d.ts,5784
./node_modules/tone/build/esm/core/context/ToneAudioBuffer.js,12185
./node_modules/tone/build/esm/core/context/ToneAudioBuffer.js.map,8129
./node_modules/tone/build/esm/core/context/ToneAudioBuffers.d.ts,2983
./node_modules/tone/build/esm/core/context/ToneAudioBuffers.js,3748
./node_modules/tone/build/esm/core/context/ToneAudioBuffers.js.map,2504
./node_modules/tone/build/esm/core/context/ToneAudioNode.d.ts,6595
./node_modules/tone/build/esm/core/context/ToneAudioNode.js,11401
./node_modules/tone/build/esm/core/context/ToneAudioNode.js.map,6379
./node_modules/tone/build/esm/core/context/ToneWithContext.d.ts,3369
./node_modules/tone/build/esm/core/context/ToneWithContext.js,5724
./node_modules/tone/build/esm/core/context/ToneWithContext.js.map,3542
./node_modules/tone/build/esm/core/index.d.ts,1043
./node_modules/tone/build/esm/core/index.js,1251
./node_modules/tone/build/esm/core/index.js.map,934
./node_modules/tone/build/esm/core/type/Conversions.d.ts,1448
./node_modules/tone/build/esm/core/type/Conversions.js,1760
./node_modules/tone/build/esm/core/type/Conversions.js.map,1245
./node_modules/tone/build/esm/core/type/Frequency.d.ts,3414
./node_modules/tone/build/esm/core/type/Frequency.js,7041
./node_modules/tone/build/esm/core/type/Frequency.js.map,4852
./node_modules/tone/build/esm/core/type/Midi.d.ts,1764
./node_modules/tone/build/esm/core/type/Midi.js,2049
./node_modules/tone/build/esm/core/type/Midi.js.map,1208
./node_modules/tone/build/esm/core/type/NoteUnits.d.ts,5619
./node_modules/tone/build/esm/core/type/NoteUnits.js,134
./node_modules/tone/build/esm/core/type/NoteUnits.js.map,141
./node_modules/tone/build/esm/core/type/Ticks.d.ts,1363
./node_modules/tone/build/esm/core/type/Ticks.js,1607
./node_modules/tone/build/esm/core/type/Ticks.js.map,1069
./node_modules/tone/build/esm/core/type/Time.d.ts,2561
./node_modules/tone/build/esm/core/type/Time.js,5302
./node_modules/tone/build/esm/core/type/Time.js.map,3592
./node_modules/tone/build/esm/core/type/TimeBase.d.ts,3426
./node_modules/tone/build/esm/core/type/TimeBase.js,7748
./node_modules/tone/build/esm/core/type/TimeBase.js.map,5959
./node_modules/tone/build/esm/core/type/TransportTime.d.ts,1112
./node_modules/tone/build/esm/core/type/TransportTime.js,1151
./node_modules/tone/build/esm/core/type/TransportTime.js.map,532
./node_modules/tone/build/esm/core/type/Units.d.ts,5519
./node_modules/tone/build/esm/core/type/Units.js,62
./node_modules/tone/build/esm/core/type/Units.js.map,141
./node_modules/tone/build/esm/core/util/AdvancedTypeCheck.d.ts,659
./node_modules/tone/build/esm/core/util/AdvancedTypeCheck.js,853
./node_modules/tone/build/esm/core/util/AdvancedTypeCheck.js.map,665
./node_modules/tone/build/esm/core/util/Debug.d.ts,923
./node_modules/tone/build/esm/core/util/Debug.js,1246
./node_modules/tone/build/esm/core/util/Debug.js.map,981
./node_modules/tone/build/esm/core/util/Decorator.d.ts,386
./node_modules/tone/build/esm/core/util/Decorator.js,1263
./node_modules/tone/build/esm/core/util/Decorator.js.map,1149
./node_modules/tone/build/esm/core/util/Defaults.d.ts,1428
./node_modules/tone/build/esm/core/util/Defaults.js,3072
./node_modules/tone/build/esm/core/util/Defaults.js.map,3104
./node_modules/tone/build/esm/core/util/Draw.d.ts,2220
./node_modules/tone/build/esm/core/util/Draw.js,3615
./node_modules/tone/build/esm/core/util/Draw.js.map,1957
./node_modules/tone/build/esm/core/util/Emitter.d.ts,1879
./node_modules/tone/build/esm/core/util/Emitter.js,3709
./node_modules/tone/build/esm/core/util/Emitter.js.map,2660
./node_modules/tone/build/esm/core/util/Interface.d.ts,708
./node_modules/tone/build/esm/core/util/Interface.js,798
./node_modules/tone/build/esm/core/util/Interface.js.map,823
./node_modules/tone/build/esm/core/util/IntervalTimeline.d.ts,3246
./node_modules/tone/build/esm/core/util/IntervalTimeline.js,15756
./node_modules/tone/build/esm/core/util/IntervalTimeline.js.map,11919
./node_modules/tone/build/esm/core/util/Math.d.ts,529
./node_modules/tone/build/esm/core/util/Math.js,742
./node_modules/tone/build/esm/core/util/Math.js.map,802
./node_modules/tone/build/esm/core/util/StateTimeline.d.ts,1991
./node_modules/tone/build/esm/core/util/StateTimeline.js,2491
./node_modules/tone/build/esm/core/util/StateTimeline.js.map,1600
./node_modules/tone/build/esm/core/util/Timeline.d.ts,5621
./node_modules/tone/build/esm/core/util/Timeline.js,11909
./node_modules/tone/build/esm/core/util/Timeline.js.map,8271
./node_modules/tone/build/esm/core/util/TimelineValue.d.ts,746
./node_modules/tone/build/esm/core/util/TimelineValue.js,1018
./node_modules/tone/build/esm/core/util/TimelineValue.js.map,815
./node_modules/tone/build/esm/core/util/TypeCheck.d.ts,1064
./node_modules/tone/build/esm/core/util/TypeCheck.js,1250
./node_modules/tone/build/esm/core/util/TypeCheck.js.map,1097
./node_modules/tone/build/esm/core/worklet/DelayLine.worklet.d.ts,11
./node_modules/tone/build/esm/core/worklet/DelayLine.worklet.js,1162
./node_modules/tone/build/esm/core/worklet/DelayLine.worklet.js.map,308
./node_modules/tone/build/esm/core/worklet/SingleIOProcessor.worklet.d.ts,2231
./node_modules/tone/build/esm/core/worklet/SingleIOProcessor.worklet.js,2145
./node_modules/tone/build/esm/core/worklet/SingleIOProcessor.worklet.js.map,380
./node_modules/tone/build/esm/core/worklet/ToneAudioWorklet.d.ts,1158
./node_modules/tone/build/esm/core/worklet/ToneAudioWorklet.js,1543
./node_modules/tone/build/esm/core/worklet/ToneAudioWorklet.js.map,1427
./node_modules/tone/build/esm/core/worklet/ToneAudioWorkletProcessor.worklet.d.ts,11
./node_modules/tone/build/esm/core/worklet/ToneAudioWorkletProcessor.worklet.js,864
./node_modules/tone/build/esm/core/worklet/ToneAudioWorkletProcessor.worklet.js.map,330
./node_modules/tone/build/esm/core/worklet/WorkletGlobalScope.d.ts,437
./node_modules/tone/build/esm/core/worklet/WorkletGlobalScope.js,762
./node_modules/tone/build/esm/core/worklet/WorkletGlobalScope.js.map,583
./node_modules/tone/build/esm/effect/AutoFilter.d.ts,1850
./node_modules/tone/build/esm/effect/AutoFilter.js,2255
./node_modules/tone/build/esm/effect/AutoFilter.js.map,1778
./node_modules/tone/build/esm/effect/AutoPanner.d.ts,1114
./node_modules/tone/build/esm/effect/AutoPanner.js,1473
./node_modules/tone/build/esm/effect/AutoPanner.js.map,1119
./node_modules/tone/build/esm/effect/AutoWah.d.ts,3057
./node_modules/tone/build/esm/effect/AutoWah.js,4473
./node_modules/tone/build/esm/effect/AutoWah.js.map,3757
./node_modules/tone/build/esm/effect/BitCrusher.d.ts,1387
./node_modules/tone/build/esm/effect/BitCrusher.js,2915
./node_modules/tone/build/esm/effect/BitCrusher.js.map,2422
./node_modules/tone/build/esm/effect/BitCrusher.worklet.d.ts,605
./node_modules/tone/build/esm/effect/BitCrusher.worklet.js,709
./node_modules/tone/build/esm/effect/BitCrusher.worklet.js.map,368
./node_modules/tone/build/esm/effect/Chebyshev.d.ts,2028
./node_modules/tone/build/esm/effect/Chebyshev.js,2965
./node_modules/tone/build/esm/effect/Chebyshev.js.map,2139
./node_modules/tone/build/esm/effect/Chorus.d.ts,3377
./node_modules/tone/build/esm/effect/Chorus.js,5105
./node_modules/tone/build/esm/effect/Chorus.js.map,4242
./node_modules/tone/build/esm/effect/Distortion.d.ts,1327
./node_modules/tone/build/esm/effect/Distortion.js,2177
./node_modules/tone/build/esm/effect/Distortion.js.map,1812
./node_modules/tone/build/esm/effect/Effect.d.ts,1589
./node_modules/tone/build/esm/effect/Effect.js,2357
./node_modules/tone/build/esm/effect/Effect.js.map,1802
./node_modules/tone/build/esm/effect/FeedbackDelay.d.ts,1261
./node_modules/tone/build/esm/effect/FeedbackDelay.js,1719
./node_modules/tone/build/esm/effect/FeedbackDelay.js.map,1220
./node_modules/tone/build/esm/effect/FeedbackEffect.d.ts,1056
./node_modules/tone/build/esm/effect/FeedbackEffect.js,1054
./node_modules/tone/build/esm/effect/FeedbackEffect.js.map,1003
./node_modules/tone/build/esm/effect/Freeverb.d.ts,1916
./node_modules/tone/build/esm/effect/Freeverb.js,4036
./node_modules/tone/build/esm/effect/Freeverb.js.map,3027
./node_modules/tone/build/esm/effect/FrequencyShifter.d.ts,2580
./node_modules/tone/build/esm/effect/FrequencyShifter.js,4137
./node_modules/tone/build/esm/effect/FrequencyShifter.js.map,3135
./node_modules/tone/build/esm/effect/JCReverb.d.ts,1585
./node_modules/tone/build/esm/effect/JCReverb.js,3632
./node_modules/tone/build/esm/effect/JCReverb.js.map,2695
./node_modules/tone/build/esm/effect/LFOEffect.d.ts,1810
./node_modules/tone/build/esm/effect/LFOEffect.js,1898
./node_modules/tone/build/esm/effect/LFOEffect.js.map,1685
./node_modules/tone/build/esm/effect/MidSideEffect.d.ts,1617
./node_modules/tone/build/esm/effect/MidSideEffect.js,1882
./node_modules/tone/build/esm/effect/MidSideEffect.js.map,1501
./node_modules/tone/build/esm/effect/Phaser.d.ts,2380
./node_modules/tone/build/esm/effect/Phaser.js,4092
./node_modules/tone/build/esm/effect/Phaser.js.map,3716
./node_modules/tone/build/esm/effect/PingPongDelay.d.ts,1786
./node_modules/tone/build/esm/effect/PingPongDelay.js,2663
./node_modules/tone/build/esm/effect/PingPongDelay.js.map,1968
./node_modules/tone/build/esm/effect/PitchShift.d.ts,2826
./node_modules/tone/build/esm/effect/PitchShift.js,5211
./node_modules/tone/build/esm/effect/PitchShift.js.map,4441
./node_modules/tone/build/esm/effect/Reverb.d.ts,1877
./node_modules/tone/build/esm/effect/Reverb.js,3996
./node_modules/tone/build/esm/effect/Reverb.js.map,3044
./node_modules/tone/build/esm/effect/StereoEffect.d.ts,1401
./node_modules/tone/build/esm/effect/StereoEffect.js,2058
./node_modules/tone/build/esm/effect/StereoEffect.js.map,2290
./node_modules/tone/build/esm/effect/StereoFeedbackEffect.d.ts,1312
./node_modules/tone/build/esm/effect/StereoFeedbackEffect.js,1977
./node_modules/tone/build/esm/effect/StereoFeedbackEffect.js.map,2070
./node_modules/tone/build/esm/effect/StereoWidener.d.ts,1431
./node_modules/tone/build/esm/effect/StereoWidener.js,2477
./node_modules/tone/build/esm/effect/StereoWidener.js.map,2364
./node_modules/tone/build/esm/effect/StereoXFeedbackEffect.d.ts,1216
./node_modules/tone/build/esm/effect/StereoXFeedbackEffect.js,1408
./node_modules/tone/build/esm/effect/StereoXFeedbackEffect.js.map,675
./node_modules/tone/build/esm/effect/Tremolo.d.ts,2548
./node_modules/tone/build/esm/effect/Tremolo.js,4020
./node_modules/tone/build/esm/effect/Tremolo.js.map,3756
./node_modules/tone/build/esm/effect/Vibrato.d.ts,1514
./node_modules/tone/build/esm/effect/Vibrato.js,2053
./node_modules/tone/build/esm/effect/Vibrato.js.map,1959
./node_modules/tone/build/esm/effect/index.d.ts,529
./node_modules/tone/build/esm/effect/index.js,562
./node_modules/tone/build/esm/effect/index.js.map,500
./node_modules/tone/build/esm/event/Loop.d.ts,3540
./node_modules/tone/build/esm/event/Loop.js,4549
./node_modules/tone/build/esm/event/Loop.js.map,3030
./node_modules/tone/build/esm/event/Part.d.ts,6530
./node_modules/tone/build/esm/event/Part.js,12708
./node_modules/tone/build/esm/event/Part.js.map,9348
./node_modules/tone/build/esm/event/Pattern.d.ts,2027
./node_modules/tone/build/esm/event/Pattern.js,2018
./node_modules/tone/build/esm/event/Pattern.js.map,1693
./node_modules/tone/build/esm/event/PatternGenerator.d.ts,631
./node_modules/tone/build/esm/event/PatternGenerator.js,4691
./node_modules/tone/build/esm/event/PatternGenerator.js.map,4279
./node_modules/tone/build/esm/event/Sequence.d.ts,4102
./node_modules/tone/build/esm/event/Sequence.js,7547
./node_modules/tone/build/esm/event/Sequence.js.map,5710
./node_modules/tone/build/esm/event/ToneEvent.d.ts,6024
./node_modules/tone/build/esm/event/ToneEvent.js,10265
./node_modules/tone/build/esm/event/ToneEvent.js.map,7477
./node_modules/tone/build/esm/event/index.d.ts,132
./node_modules/tone/build/esm/event/index.js,165
./node_modules/tone/build/esm/event/index.js.map,218
./node_modules/tone/build/esm/fromContext.d.ts,984
./node_modules/tone/build/esm/fromContext.js,1936
./node_modules/tone/build/esm/fromContext.js.map,1723
./node_modules/tone/build/esm/index.d.ts,2968
./node_modules/tone/build/esm/index.js,2844
./node_modules/tone/build/esm/index.js.map,1568
./node_modules/tone/build/esm/instrument/AMSynth.d.ts,1000
./node_modules/tone/build/esm/instrument/AMSynth.js,1508
./node_modules/tone/build/esm/instrument/AMSynth.js.map,1080
./node_modules/tone/build/esm/instrument/DuoSynth.d.ts,2398
./node_modules/tone/build/esm/instrument/DuoSynth.js,4997
./node_modules/tone/build/esm/instrument/DuoSynth.js.map,4409
./node_modules/tone/build/esm/instrument/FMSynth.d.ts,1477
./node_modules/tone/build/esm/instrument/FMSynth.js,1971
./node_modules/tone/build/esm/instrument/FMSynth.js.map,1412
./node_modules/tone/build/esm/instrument/Instrument.d.ts,3579
./node_modules/tone/build/esm/instrument/Instrument.js,4448
./node_modules/tone/build/esm/instrument/Instrument.js.map,2832
./node_modules/tone/build/esm/instrument/MembraneSynth.d.ts,1702
./node_modules/tone/build/esm/instrument/MembraneSynth.js,2640
./node_modules/tone/build/esm/instrument/MembraneSynth.js.map,1801
./node_modules/tone/build/esm/instrument/MetalSynth.d.ts,3529
./node_modules/tone/build/esm/instrument/MetalSynth.js,7045
./node_modules/tone/build/esm/instrument/MetalSynth.js.map,5883
./node_modules/tone/build/esm/instrument/ModulationSynth.d.ts,2843
./node_modules/tone/build/esm/instrument/ModulationSynth.js,4376
./node_modules/tone/build/esm/instrument/ModulationSynth.js.map,3919
./node_modules/tone/build/esm/instrument/MonoSynth.d.ts,2832
./node_modules/tone/build/esm/instrument/MonoSynth.js,4798
./node_modules/tone/build/esm/instrument/MonoSynth.js.map,3976
./node_modules/tone/build/esm/instrument/Monophonic.d.ts,3160
./node_modules/tone/build/esm/instrument/Monophonic.js,3190
./node_modules/tone/build/esm/instrument/Monophonic.js.map,1939
./node_modules/tone/build/esm/instrument/NoiseSynth.d.ts,1919
./node_modules/tone/build/esm/instrument/NoiseSynth.js,3360
./node_modules/tone/build/esm/instrument/NoiseSynth.js.map,2870
./node_modules/tone/build/esm/instrument/PluckSynth.d.ts,1739
./node_modules/tone/build/esm/instrument/PluckSynth.js,2636
./node_modules/tone/build/esm/instrument/PluckSynth.js.map,2304
./node_modules/tone/build/esm/instrument/PolySynth.d.ts,6774
./node_modules/tone/build/esm/instrument/PolySynth.js,11602
./node_modules/tone/build/esm/instrument/PolySynth.js.map,7624
./node_modules/tone/build/esm/instrument/Sampler.d.ts,4599
./node_modules/tone/build/esm/instrument/Sampler.js,9656
./node_modules/tone/build/esm/instrument/Sampler.js.map,7425
./node_modules/tone/build/esm/instrument/Synth.d.ts,2321
./node_modules/tone/build/esm/instrument/Synth.js,3569
./node_modules/tone/build/esm/instrument/Synth.js.map,2870
./node_modules/tone/build/esm/instrument/index.d.ts,315
./node_modules/tone/build/esm/instrument/index.js,348
./node_modules/tone/build/esm/instrument/index.js.map,351
./node_modules/tone/build/esm/signal/Abs.d.ts,827
./node_modules/tone/build/esm/signal/Abs.js,1230
./node_modules/tone/build/esm/signal/Abs.js.map,782
./node_modules/tone/build/esm/signal/Add.d.ts,1252
./node_modules/tone/build/esm/signal/Add.js,1532
./node_modules/tone/build/esm/signal/Add.js.map,1032
./node_modules/tone/build/esm/signal/AudioToGain.d.ts,687
./node_modules/tone/build/esm/signal/AudioToGain.js,927
./node_modules/tone/build/esm/signal/AudioToGain.js.map,679
./node_modules/tone/build/esm/signal/GainToAudio.d.ts,689
./node_modules/tone/build/esm/signal/GainToAudio.js,937
./node_modules/tone/build/esm/signal/GainToAudio.js.map,694
./node_modules/tone/build/esm/signal/GreaterThan.d.ts,1519
./node_modules/tone/build/esm/signal/GreaterThan.js,1599
./node_modules/tone/build/esm/signal/GreaterThan.js.map,1426
./node_modules/tone/build/esm/signal/GreaterThanZero.d.ts,992
./node_modules/tone/build/esm/signal/GreaterThanZero.js,1401
./node_modules/tone/build/esm/signal/GreaterThanZero.js.map,1121
./node_modules/tone/build/esm/signal/Multiply.d.ts,1551
./node_modules/tone/build/esm/signal/Multiply.js,1659
./node_modules/tone/build/esm/signal/Multiply.js.map,1180
./node_modules/tone/build/esm/signal/Negate.d.ts,804
./node_modules/tone/build/esm/signal/Negate.js,1000
./node_modules/tone/build/esm/signal/Negate.js.map,617
./node_modules/tone/build/esm/signal/Pow.d.ts,1156
./node_modules/tone/build/esm/signal/Pow.js,1686
./node_modules/tone/build/esm/signal/Pow.js.map,1441
./node_modules/tone/build/esm/signal/Scale.d.ts,1722
./node_modules/tone/build/esm/signal/Scale.js,2053
./node_modules/tone/build/esm/signal/Scale.js.map,1863
./node_modules/tone/build/esm/signal/ScaleExp.d.ts,1273
./node_modules/tone/build/esm/signal/ScaleExp.js,1489
./node_modules/tone/build/esm/signal/ScaleExp.js.map,1190
./node_modules/tone/build/esm/signal/Signal.d.ts,4371
./node_modules/tone/build/esm/signal/Signal.js,6399
./node_modules/tone/build/esm/signal/Signal.js.map,4721
./node_modules/tone/build/esm/signal/SignalOperator.d.ts,486
./node_modules/tone/build/esm/signal/SignalOperator.js,619
./node_modules/tone/build/esm/signal/SignalOperator.js.map,599
./node_modules/tone/build/esm/signal/Subtract.d.ts,1465
./node_modules/tone/build/esm/signal/Subtract.js,1838
./node_modules/tone/build/esm/signal/Subtract.js.map,1239
./node_modules/tone/build/esm/signal/SyncedSignal.d.ts,2200
./node_modules/tone/build/esm/signal/SyncedSignal.js,5248
./node_modules/tone/build/esm/signal/SyncedSignal.js.map,5043
./node_modules/tone/build/esm/signal/ToneConstantSource.d.ts,1329
./node_modules/tone/build/esm/signal/ToneConstantSource.js,1985
./node_modules/tone/build/esm/signal/ToneConstantSource.js.map,1748
./node_modules/tone/build/esm/signal/WaveShaper.d.ts,3292
./node_modules/tone/build/esm/signal/WaveShaper.js,3677
./node_modules/tone/build/esm/signal/WaveShaper.js.map,2292
./node_modules/tone/build/esm/signal/Zero.d.ts,838
./node_modules/tone/build/esm/signal/Zero.js,1212
./node_modules/tone/build/esm/signal/Zero.js.map,915
./node_modules/tone/build/esm/signal/index.d.ts,444
./node_modules/tone/build/esm/signal/index.js,477
./node_modules/tone/build/esm/signal/index.js.map,454
./node_modules/tone/build/esm/source/Noise.d.ts,2650
./node_modules/tone/build/esm/source/Noise.js,7194
./node_modules/tone/build/esm/source/Noise.js.map,5977
./node_modules/tone/build/esm/source/OneShotSource.d.ts,2820
./node_modules/tone/build/esm/source/OneShotSource.js,6015
./node_modules/tone/build/esm/source/OneShotSource.js.map,4744
./node_modules/tone/build/esm/source/Source.d.ts,4891
./node_modules/tone/build/esm/source/Source.js,10473
./node_modules/tone/build/esm/source/Source.js.map,7662
./node_modules/tone/build/esm/source/UserMedia.d.ts,4332
./node_modules/tone/build/esm/source/UserMedia.js,7689
./node_modules/tone/build/esm/source/UserMedia.js.map,4196
./node_modules/tone/build/esm/source/buffer/GrainPlayer.d.ts,4005
./node_modules/tone/build/esm/source/buffer/GrainPlayer.js,7592
./node_modules/tone/build/esm/source/buffer/GrainPlayer.js.map,6433
./node_modules/tone/build/esm/source/buffer/Player.d.ts,6550
./node_modules/tone/build/esm/source/buffer/Player.js,12383
./node_modules/tone/build/esm/source/buffer/Player.js.map,7969
./node_modules/tone/build/esm/source/buffer/Players.d.ts,3588
./node_modules/tone/build/esm/source/buffer/Players.js,4853
./node_modules/tone/build/esm/source/buffer/Players.js.map,4035
./node_modules/tone/build/esm/source/buffer/ToneBufferSource.d.ts,3152
./node_modules/tone/build/esm/source/buffer/ToneBufferSource.js,6612
./node_modules/tone/build/esm/source/buffer/ToneBufferSource.js.map,5290
./node_modules/tone/build/esm/source/index.d.ts,591
./node_modules/tone/build/esm/source/index.js,624
./node_modules/tone/build/esm/source/index.js.map,455
./node_modules/tone/build/esm/source/oscillator/AMOscillator.d.ts,3528
./node_modules/tone/build/esm/source/oscillator/AMOscillator.js,4812
./node_modules/tone/build/esm/source/oscillator/AMOscillator.js.map,4012
./node_modules/tone/build/esm/source/oscillator/FMOscillator.d.ts,3616
./node_modules/tone/build/esm/source/oscillator/FMOscillator.js,5330
./node_modules/tone/build/esm/source/oscillator/FMOscillator.js.map,4417
./node_modules/tone/build/esm/source/oscillator/FatOscillator.d.ts,3149
./node_modules/tone/build/esm/source/oscillator/FatOscillator.js,6325
./node_modules/tone/build/esm/source/oscillator/FatOscillator.js.map,5869
./node_modules/tone/build/esm/source/oscillator/LFO.d.ts,4985
./node_modules/tone/build/esm/source/oscillator/LFO.js,7128
./node_modules/tone/build/esm/source/oscillator/LFO.js.map,5685
./node_modules/tone/build/esm/source/oscillator/OmniOscillator.d.ts,6551
./node_modules/tone/build/esm/source/oscillator/OmniOscillator.js,11557
./node_modules/tone/build/esm/source/oscillator/OmniOscillator.js.map,8814
./node_modules/tone/build/esm/source/oscillator/Oscillator.d.ts,4065
./node_modules/tone/build/esm/source/oscillator/Oscillator.js,13158
./node_modules/tone/build/esm/source/oscillator/Oscillator.js.map,11126
./node_modules/tone/build/esm/source/oscillator/OscillatorInterface.d.ts,19949
./node_modules/tone/build/esm/source/oscillator/OscillatorInterface.js,896
./node_modules/tone/build/esm/source/oscillator/OscillatorInterface.js.map,776
./node_modules/tone/build/esm/source/oscillator/PWMOscillator.d.ts,2812
./node_modules/tone/build/esm/source/oscillator/PWMOscillator.js,4012
./node_modules/tone/build/esm/source/oscillator/PWMOscillator.js.map,3141
./node_modules/tone/build/esm/source/oscillator/PulseOscillator.d.ts,3864
./node_modules/tone/build/esm/source/oscillator/PulseOscillator.js,5561
./node_modules/tone/build/esm/source/oscillator/PulseOscillator.js.map,3638
./node_modules/tone/build/esm/source/oscillator/ToneOscillatorNode.d.ts,1890
./node_modules/tone/build/esm/source/oscillator/ToneOscillatorNode.js,2935
./node_modules/tone/build/esm/source/oscillator/ToneOscillatorNode.js.map,2386
./node_modules/tone/build/esm/version.d.ts,38
./node_modules/tone/build/esm/version.js,69
./node_modules/tone/build/esm/version.js.map,149
./node_modules/tone/docs/tone.json,5948684
./node_modules/tone/package.json,3834
./node_modules/tslib/CopyrightNotice.txt,822
./node_modules/tslib/LICENSE.txt,655
./node_modules/tslib/README.md,4033
./node_modules/tslib/SECURITY.md,2757
./node_modules/tslib/modules/index.d.ts,801
./node_modules/tslib/modules/index.js,1416
./node_modules/tslib/modules/package.json,26
./node_modules/tslib/package.json,1219
./node_modules/tslib/tslib.d.ts,18317
./node_modules/tslib/tslib.es6.html,36
./node_modules/tslib/tslib.es6.js,19215
./node_modules/tslib/tslib.es6.mjs,17648
./node_modules/tslib/tslib.html,32
./node_modules/tslib/tslib.js,23382
./node_modules/unbzip2-stream/LICENSE,1255
./node_modules/unbzip2-stream/README.md,1553
./node_modules/unbzip2-stream/dist/unbzip2-stream.min.js,111846
./node_modules/unbzip2-stream/index.js,2942
./node_modules/unbzip2-stream/lib/bit_iterator.js,1134
./node_modules/unbzip2-stream/lib/bzip2.js,13197
./node_modules/unbzip2-stream/package.json,1400
./node_modules/undici-types/LICENSE,1090
./node_modules/undici-types/README.md,455
./node_modules/undici-types/agent.d.ts,1251
./node_modules/undici-types/api.d.ts,1599
./node_modules/undici-types/balanced-pool.d.ts,957
./node_modules/undici-types/cache-interceptor.d.ts,4120
./node_modules/undici-types/cache.d.ts,1251
./node_modules/undici-types/client-stats.d.ts,456
./node_modules/undici-types/client.d.ts,5049
./node_modules/undici-types/connector.d.ts,1029
./node_modules/undici-types/content-type.d.ts,561
./node_modules/undici-types/cookies.d.ts,696
./node_modules/undici-types/diagnostics-channel.d.ts,1789
./node_modules/undici-types/dispatcher.d.ts,15742
./node_modules/undici-types/env-http-proxy-agent.d.ts,732
./node_modules/undici-types/errors.d.ts,4767
./node_modules/undici-types/eventsource.d.ts,1675
./node_modules/undici-types/fetch.d.ts,5651
./node_modules/undici-types/formdata.d.ts,5004
./node_modules/undici-types/global-dispatcher.d.ts,275
./node_modules/undici-types/global-origin.d.ts,176
./node_modules/undici-types/h2c-client.d.ts,3747
./node_modules/undici-types/handlers.d.ts,451
./node_modules/undici-types/header.d.ts,3336
./node_modules/undici-types/index.d.ts,3752
./node_modules/undici-types/interceptors.d.ts,1771
./node_modules/undici-types/mock-agent.d.ts,3448
./node_modules/undici-types/mock-call-history.d.ts,5558
./node_modules/undici-types/mock-client.d.ts,1065
./node_modules/undici-types/mock-errors.d.ts,336
./node_modules/undici-types/mock-interceptor.d.ts,3961
./node_modules/undici-types/mock-pool.d.ts,1037
./node_modules/undici-types/package.json,1193
./node_modules/undici-types/patch.d.ts,599
./node_modules/undici-types/pool-stats.d.ts,663
./node_modules/undici-types/pool.d.ts,1485
./node_modules/undici-types/proxy-agent.d.ts,806
./node_modules/undici-types/readable.d.ts,1900
./node_modules/undici-types/retry-agent.d.ts,233
./node_modules/undici-types/retry-handler.d.ts,3262
./node_modules/undici-types/util.d.ts,623
./node_modules/undici-types/utility.d.ts,245
./node_modules/undici-types/webidl.d.ts,7292
./node_modules/undici-types/websocket.d.ts,4692
./node_modules/union/.gitattributes,25
./node_modules/union/.travis.yml,154
./node_modules/union/CHANGELOG.md,105
./node_modules/union/LICENSE,1079
./node_modules/union/README.md,7892
./node_modules/union/examples/after/index.js,550
./node_modules/union/examples/simple/favicon.png,545
./node_modules/union/examples/simple/middleware/favicon.js,1993
./node_modules/union/examples/simple/middleware/gzip-decode.js,725
./node_modules/union/examples/simple/middleware/gzip-encode.js,1132
./node_modules/union/examples/simple/simple.js,1387
./node_modules/union/examples/simple/spdy.js,694
./node_modules/union/examples/socketio/README,348
./node_modules/union/examples/socketio/index.html,231
./node_modules/union/examples/socketio/server.js,587
./node_modules/union/lib/buffered-stream.js,2956
./node_modules/union/lib/core.js,2879
./node_modules/union/lib/http-stream.js,1301
./node_modules/union/lib/index.js,610
./node_modules/union/lib/request-stream.js,1614
./node_modules/union/lib/response-stream.js,4687
./node_modules/union/lib/routing-stream.js,3147
./node_modules/union/package.json,674
./node_modules/union/test/after-test.js,963
./node_modules/union/test/body-parser-test.js,1332
./node_modules/union/test/double-write-test.js,1570
./node_modules/union/test/ecstatic-test.js,1250
./node_modules/union/test/fixtures/index.js,0
./node_modules/union/test/fixtures/static/some-file.txt,12
./node_modules/union/test/header-test.js,1168
./node_modules/union/test/helpers/index.js,0
./node_modules/union/test/helpers/macros.js,281
./node_modules/union/test/prop-test.js,1419
./node_modules/union/test/simple-test.js,3180
./node_modules/union/test/status-code-test.js,852
./node_modules/union/test/streaming-test.js,1872
./node_modules/union/union.png,10826
./node_modules/url-join/.travis.yml,55
./node_modules/url-join/CHANGELOG.md,6279
./node_modules/url-join/LICENSE,1076
./node_modules/url-join/README.md,745
./node_modules/url-join/bin/changelog,1419
./node_modules/url-join/lib/url-join.js,2437
./node_modules/url-join/package.json,554
./node_modules/url-join/test/tests.js,5745
./node_modules/urlpattern-polyfill/LICENSE,1074
./node_modules/urlpattern-polyfill/README.md,9206
./node_modules/urlpattern-polyfill/dist/index.d.ts,314
./node_modules/urlpattern-polyfill/dist/types.d.ts,1209
./node_modules/urlpattern-polyfill/dist/urlpattern.cjs,17412
./node_modules/urlpattern-polyfill/dist/urlpattern.js,16940
./node_modules/urlpattern-polyfill/index.cjs,162
./node_modules/urlpattern-polyfill/index.js,146
./node_modules/urlpattern-polyfill/package.json,3445
./node_modules/vite/LICENSE.md,162419
./node_modules/vite/README.md,1152
./node_modules/vite/bin/openChrome.applescript,2691
./node_modules/vite/bin/vite.js,1670
./node_modules/vite/client.d.ts,4743
./node_modules/vite/dist/client/client.mjs,23781
./node_modules/vite/dist/client/env.mjs,643
./node_modules/vite/dist/node-cjs/publicUtils.cjs,160295
./node_modules/vite/dist/node/chunks/dep-D-7KCb9p.js,331672
./node_modules/vite/dist/node/chunks/dep-D_zLpgQd.js,2085917
./node_modules/vite/dist/node/chunks/dep-IQS-Za7F.js,13409
./node_modules/vite/dist/node/chunks/dep-YkMKzX4u.js,23212
./node_modules/vite/dist/node/chunks/dep-e9kYborm.js,232635
./node_modules/vite/dist/node/cli.js,27894
./node_modules/vite/dist/node/constants.js,2934
./node_modules/vite/dist/node/index.d.ts,126077
./node_modules/vite/dist/node/index.js,7527
./node_modules/vite/dist/node/runtime.d.ts,2714
./node_modules/vite/dist/node/runtime.js,44997
./node_modules/vite/dist/node/types.d-aGj9QkWt.d.ts,9708
./node_modules/vite/index.cjs,1624
./node_modules/vite/index.d.cts,209
./node_modules/vite/package.json,4893
./node_modules/vite/types/customEvent.d.ts,1143
./node_modules/vite/types/hmrPayload.d.ts,1101
./node_modules/vite/types/hot.d.ts,1003
./node_modules/vite/types/import-meta.d.ts,249
./node_modules/vite/types/importGlob.d.ts,1909
./node_modules/vite/types/importMeta.d.ts,510
./node_modules/vite/types/metadata.d.ts,193
./node_modules/vite/types/package.json,109
./node_modules/whatwg-encoding/LICENSE.txt,1069
./node_modules/whatwg-encoding/README.md,3018
./node_modules/whatwg-encoding/lib/labels-to-names.json,6080
./node_modules/whatwg-encoding/lib/supported-names.json,539
./node_modules/whatwg-encoding/lib/whatwg-encoding.js,1416
./node_modules/whatwg-encoding/package.json,718
./node_modules/which/CHANGELOG.md,2667
./node_modules/which/LICENSE,765
./node_modules/which/README.md,1352
./node_modules/which/bin/node-which,985
./node_modules/which/package.json,1043
./node_modules/which/which.js,3163
./node_modules/wrap-ansi-cjs/index.js,5772
./node_modules/wrap-ansi-cjs/license,1117
./node_modules/wrap-ansi-cjs/node_modules/ansi-regex/index.d.ts,744
./node_modules/wrap-ansi-cjs/node_modules/ansi-regex/index.js,350
./node_modules/wrap-ansi-cjs/node_modules/ansi-regex/license,1109
./node_modules/wrap-ansi-cjs/node_modules/ansi-regex/package.json,841
./node_modules/wrap-ansi-cjs/node_modules/ansi-regex/readme.md,2565
./node_modules/wrap-ansi-cjs/node_modules/ansi-styles/index.d.ts,6349
./node_modules/wrap-ansi-cjs/node_modules/ansi-styles/index.js,4139
./node_modules/wrap-ansi-cjs/node_modules/ansi-styles/license,1109
./node_modules/wrap-ansi-cjs/node_modules/ansi-styles/package.json,1054
./node_modules/wrap-ansi-cjs/node_modules/ansi-styles/readme.md,4327
./node_modules/wrap-ansi-cjs/node_modules/emoji-regex/LICENSE-MIT.txt,1077
./node_modules/wrap-ansi-cjs/node_modules/emoji-regex/README.md,2691
./node_modules/wrap-ansi-cjs/node_modules/emoji-regex/es2015/index.js,11104
./node_modules/wrap-ansi-cjs/node_modules/emoji-regex/es2015/text.js,11105
./node_modules/wrap-ansi-cjs/node_modules/emoji-regex/index.d.ts,427
./node_modules/wrap-ansi-cjs/node_modules/emoji-regex/index.js,10286
./node_modules/wrap-ansi-cjs/node_modules/emoji-regex/package.json,1278
./node_modules/wrap-ansi-cjs/node_modules/emoji-regex/text.js,10287
./node_modules/wrap-ansi-cjs/node_modules/string-width/index.d.ts,792
./node_modules/wrap-ansi-cjs/node_modules/string-width/index.js,923
./node_modules/wrap-ansi-cjs/node_modules/string-width/license,1109
./node_modules/wrap-ansi-cjs/node_modules/string-width/package.json,941
./node_modules/wrap-ansi-cjs/node_modules/string-width/readme.md,1396
./node_modules/wrap-ansi-cjs/node_modules/strip-ansi/index.d.ts,369
./node_modules/wrap-ansi-cjs/node_modules/strip-ansi/index.js,154
./node_modules/wrap-ansi-cjs/node_modules/strip-ansi/license,1109
./node_modules/wrap-ansi-cjs/node_modules/strip-ansi/package.json,798
./node_modules/wrap-ansi-cjs/node_modules/strip-ansi/readme.md,1599
./node_modules/wrap-ansi-cjs/package.json,1014
./node_modules/wrap-ansi-cjs/readme.md,2745
./node_modules/wrap-ansi/index.d.ts,1268
./node_modules/wrap-ansi/index.js,5778
./node_modules/wrap-ansi/license,1117
./node_modules/wrap-ansi/package.json,1148
./node_modules/wrap-ansi/readme.md,2466
./node_modules/wrappy/LICENSE,765
./node_modules/wrappy/README.md,685
./node_modules/wrappy/package.json,606
./node_modules/wrappy/wrappy.js,905
./node_modules/ws/LICENSE,1183
./node_modules/ws/README.md,15306
./node_modules/ws/browser.js,176
./node_modules/ws/index.js,376
./node_modules/ws/lib/buffer-util.js,3056
./node_modules/ws/lib/constants.js,479
./node_modules/ws/lib/event-target.js,7321
./node_modules/ws/lib/extension.js,6183
./node_modules/ws/lib/limiter.js,1034
./node_modules/ws/lib/permessage-deflate.js,14510
./node_modules/ws/lib/receiver.js,16460
./node_modules/ws/lib/sender.js,16711
./node_modules/ws/lib/stream.js,4204
./node_modules/ws/lib/subprotocol.js,1498
./node_modules/ws/lib/validation.js,3903
./node_modules/ws/lib/websocket-server.js,16393
./node_modules/ws/lib/websocket.js,36463
./node_modules/ws/package.json,1723
./node_modules/ws/wrapper.mjs,341
./node_modules/y18n/CHANGELOG.md,3911
./node_modules/y18n/LICENSE,731
./node_modules/y18n/README.md,3215
./node_modules/y18n/build/index.cjs,6783
./node_modules/y18n/build/lib/cjs.js,192
./node_modules/y18n/build/lib/index.js,6268
./node_modules/y18n/build/lib/platform-shims/node.js,377
./node_modules/y18n/index.mjs,183
./node_modules/y18n/package.json,1775
./node_modules/yargs-parser/CHANGELOG.md,16462
./node_modules/yargs-parser/LICENSE.txt,731
./node_modules/yargs-parser/README.md,11916
./node_modules/yargs-parser/browser.js,1016
./node_modules/yargs-parser/build/index.cjs,42891
./node_modules/yargs-parser/build/lib/index.js,2508
./node_modules/yargs-parser/build/lib/string-utils.js,2084
./node_modules/yargs-parser/build/lib/tokenize-arg-string.js,1092
./node_modules/yargs-parser/build/lib/yargs-parser-types.js,425
./node_modules/yargs-parser/build/lib/yargs-parser.js,46827
./node_modules/yargs-parser/package.json,2518
./node_modules/yargs/LICENSE,1146
./node_modules/yargs/README.md,5974
./node_modules/yargs/browser.d.ts,134
./node_modules/yargs/browser.mjs,232
./node_modules/yargs/build/index.cjs,62178
./node_modules/yargs/build/lib/argsert.js,2477
./node_modules/yargs/build/lib/command.js,19368
./node_modules/yargs/build/lib/completion-templates.js,1452
./node_modules/yargs/build/lib/completion.js,10495
./node_modules/yargs/build/lib/middleware.js,3221
./node_modules/yargs/build/lib/parse-command.js,1060
./node_modules/yargs/build/lib/typings/common-types.js,308
./node_modules/yargs/build/lib/typings/yargs-parser-types.js,11
./node_modules/yargs/build/lib/usage.js,21402
./node_modules/yargs/build/lib/utils/apply-extends.js,2049
./node_modules/yargs/build/lib/utils/is-promise.js,155
./node_modules/yargs/build/lib/utils/levenshtein.js,1031
./node_modules/yargs/build/lib/utils/maybe-async-result.js,496
./node_modules/yargs/build/lib/utils/obj-filter.js,299
./node_modules/yargs/build/lib/utils/process-argv.js,436
./node_modules/yargs/build/lib/utils/set-blocking.js,386
./node_modules/yargs/build/lib/utils/which-module.js,321
./node_modules/yargs/build/lib/validation.js,12653
./node_modules/yargs/build/lib/yargs-factory.js,77635
./node_modules/yargs/build/lib/yerror.js,234
./node_modules/yargs/helpers/helpers.mjs,384
./node_modules/yargs/helpers/index.js,291
./node_modules/yargs/helpers/package.json,25
./node_modules/yargs/index.cjs,1455
./node_modules/yargs/index.mjs,231
./node_modules/yargs/lib/platform-shims/browser.mjs,2301
./node_modules/yargs/lib/platform-shims/esm.mjs,1876
./node_modules/yargs/locales/be.json,2602
./node_modules/yargs/locales/cs.json,2024
./node_modules/yargs/locales/de.json,1805
./node_modules/yargs/locales/en.json,2019
./node_modules/yargs/locales/es.json,1885
./node_modules/yargs/locales/fi.json,2113
./node_modules/yargs/locales/fr.json,2117
./node_modules/yargs/locales/hi.json,3074
./node_modules/yargs/locales/hu.json,1883
./node_modules/yargs/locales/id.json,1821
./node_modules/yargs/locales/it.json,1855
./node_modules/yargs/locales/ja.json,2411
./node_modules/yargs/locales/ko.json,2257
./node_modules/yargs/locales/nb.json,1680
./node_modules/yargs/locales/nl.json,1958
./node_modules/yargs/locales/nn.json,1661
./node_modules/yargs/locales/pirate.json,569
./node_modules/yargs/locales/pl.json,2075
./node_modules/yargs/locales/pt.json,1917
./node_modules/yargs/locales/pt_BR.json,1932
./node_modules/yargs/locales/ru.json,2972
./node_modules/yargs/locales/th.json,3278
./node_modules/yargs/locales/tr.json,1912
./node_modules/yargs/locales/uk_UA.json,2748
./node_modules/yargs/locales/uz.json,2157
./node_modules/yargs/locales/zh_CN.json,1907
./node_modules/yargs/locales/zh_TW.json,2055
./node_modules/yargs/node_modules/ansi-regex/index.d.ts,744
./node_modules/yargs/node_modules/ansi-regex/index.js,350
./node_modules/yargs/node_modules/ansi-regex/license,1109
./node_modules/yargs/node_modules/ansi-regex/package.json,841
./node_modules/yargs/node_modules/ansi-regex/readme.md,2565
./node_modules/yargs/node_modules/emoji-regex/LICENSE-MIT.txt,1077
./node_modules/yargs/node_modules/emoji-regex/README.md,2691
./node_modules/yargs/node_modules/emoji-regex/es2015/index.js,11104
./node_modules/yargs/node_modules/emoji-regex/es2015/text.js,11105
./node_modules/yargs/node_modules/emoji-regex/index.d.ts,427
./node_modules/yargs/node_modules/emoji-regex/index.js,10286
./node_modules/yargs/node_modules/emoji-regex/package.json,1278
./node_modules/yargs/node_modules/emoji-regex/text.js,10287
./node_modules/yargs/node_modules/string-width/index.d.ts,792
./node_modules/yargs/node_modules/string-width/index.js,923
./node_modules/yargs/node_modules/string-width/license,1109
./node_modules/yargs/node_modules/string-width/package.json,941
./node_modules/yargs/node_modules/string-width/readme.md,1396
./node_modules/yargs/node_modules/strip-ansi/index.d.ts,369
./node_modules/yargs/node_modules/strip-ansi/index.js,154
./node_modules/yargs/node_modules/strip-ansi/license,1109
./node_modules/yargs/node_modules/strip-ansi/package.json,798
./node_modules/yargs/node_modules/strip-ansi/readme.md,1599
./node_modules/yargs/package.json,3088
./node_modules/yargs/yargs,457
./node_modules/yargs/yargs.mjs,473
./node_modules/yauzl/LICENSE,1077
./node_modules/yauzl/README.md,31177
./node_modules/yauzl/index.js,33069
./node_modules/yauzl/package.json,881
./node_modules/zod/LICENSE,1072
./node_modules/zod/README.md,92192
./node_modules/zod/index.d.ts,48
./node_modules/zod/lib/ZodError.d.ts,6436
./node_modules/zod/lib/ZodError.js,4530
./node_modules/zod/lib/__tests__/Mocker.d.ts,463
./node_modules/zod/lib/__tests__/Mocker.js,1432
./node_modules/zod/lib/benchmarks/datetime.d.ts,120
./node_modules/zod/lib/benchmarks/datetime.js,2148
./node_modules/zod/lib/benchmarks/discriminatedUnion.d.ts,120
./node_modules/zod/lib/benchmarks/discriminatedUnion.js,1923
./node_modules/zod/lib/benchmarks/index.d.ts,11
./node_modules/zod/lib/benchmarks/index.js,1953
./node_modules/zod/lib/benchmarks/ipv4.d.ts,120
./node_modules/zod/lib/benchmarks/ipv4.js,2046
./node_modules/zod/lib/benchmarks/object.d.ts,120
./node_modules/zod/lib/benchmarks/object.js,1904
./node_modules/zod/lib/benchmarks/primitives.d.ts,120
./node_modules/zod/lib/benchmarks/primitives.js,3875
./node_modules/zod/lib/benchmarks/realworld.d.ts,120
./node_modules/zod/lib/benchmarks/realworld.js,1532
./node_modules/zod/lib/benchmarks/string.d.ts,120
./node_modules/zod/lib/benchmarks/string.js,1529
./node_modules/zod/lib/benchmarks/union.d.ts,120
./node_modules/zod/lib/benchmarks/union.js,1855
./node_modules/zod/lib/errors.d.ts,232
./node_modules/zod/lib/errors.js,610
./node_modules/zod/lib/external.d.ts,187
./node_modules/zod/lib/external.js,884
./node_modules/zod/lib/helpers/enumUtil.d.ts,609
./node_modules/zod/lib/helpers/enumUtil.js,77
./node_modules/zod/lib/helpers/errorUtil.d.ts,288
./node_modules/zod/lib/helpers/errorUtil.js,449
./node_modules/zod/lib/helpers/parseUtil.d.ts,2813
./node_modules/zod/lib/helpers/parseUtil.js,4185
./node_modules/zod/lib/helpers/partialUtil.d.ts,824
./node_modules/zod/lib/helpers/partialUtil.js,77
./node_modules/zod/lib/helpers/typeAliases.d.ts,151
./node_modules/zod/lib/helpers/typeAliases.js,77
./node_modules/zod/lib/helpers/util.d.ts,3238
./node_modules/zod/lib/helpers/util.js,4479
./node_modules/zod/lib/index.d.ts,93
./node_modules/zod/lib/index.js,1288
./node_modules/zod/lib/index.mjs,149466
./node_modules/zod/lib/index.umd.js,169394
./node_modules/zod/lib/locales/en.d.ts,105
./node_modules/zod/lib/locales/en.js,6119
./node_modules/zod/lib/types.d.ts,55973
./node_modules/zod/lib/types.js,135302
./node_modules/zod/package.json,3957
./package-lock.json,115884
./package.json,1217
./public/assets/audio/README.md,631
./public/assets/audio/ambience_dawn.mp3,1937664
./public/assets/audio/ambience_day.mp3,1937664
./public/assets/audio/footsteps_dirt.mp3,15882
./public/assets/audio/footsteps_stone.mp3,35108
./public/assets/audio/wolf-howl.mp3,131328
./public/assets/models/README.txt,92
./public/assets/models/buildings/olive.glb,1911676
./public/assets/models/buildings/temple_doric_medium.glb,5294628
./public/assets/models/character.glb,9069172
./public/assets/models/character1.glb,2621600
./public/assets/models/olive.glb,1911676
./public/assets/props/grass.glb,1339188
./public/assets/props/placeholder.txt,1
./public/assets/props/torch.glb,1535592
./public/assets/props/torch2.glb,423328
./public/assets/roads/placeholder.txt,1
./public/assets/roads/propsConfig.json,652
./public/assets/roads/road_texture.jpg,956280
./public/assets/sky/README.md,2572
./public/assets/sky/blue_hour.jpg,116762
./public/assets/sky/dawn.jpg,88470
./public/assets/sky/day.jpg,92439
./public/assets/sky/dirt.jpg,695509
./public/assets/sky/dusk.jpg,131824
./public/assets/sky/golden_hour.jpg,131824
./public/assets/sky/high_noon.jpg,92439
./public/assets/sky/marble.jpg,231527
./public/assets/sky/night.jpg,334843
./public/assets/sky/night_sky.jpg,588011
./public/assets/sky/night_sky_4k.jpg,817044
./public/assets/sky/roof_tiles.jpg,568417
./public/assets/textures/.gitkeep,0
./public/assets/textures/athens_dust.jpg,695509
./public/assets/textures/city_wall.jpg,650411
./public/assets/textures/grass.jpg,701061
./public/assets/textures/marble.jpg,231527
./public/assets/textures/placeholder.txt,1
./public/assets/textures/road_texture.jpg,695509
./public/assets/textures/roof_tiles.jpg,568417
./public/assets/vendor/Tone.js,349554
./public/data/agora_local.json,2446
./public/data/athens_places.geojson,13817
./public/dev/index.html,17012
./scripts/check-html-no-ts.sh,355
./scripts/dev-clean.sh,132
./scripts/generate-favicon.js,839
./scripts/generate-static-assets.js,9872
./service-worker.js,2208
./src/audio/AudioManager.js,4959
./src/audio/ambience.js,3860
./src/audio/ambient-zones.js,10744
./src/audio/ambient.ts,5896
./src/audio/footsteps.js,3431
./src/audio/npcAudio.js,843
./src/building-kit.js,14410
./src/buildings-from-geojson.js,29276
./src/buildings/agora.js,6004
./src/buildings/cityWalls.js,3855
./src/buildings/createCity.js,4800
./src/buildings/createCityExtended.js,9432
./src/buildings/gatesWalls.js,5312
./src/buildings/ground.js,10624
./src/buildings/houses.js,3674
./src/buildings/parthenon.js,5353
./src/buildings/port.js,1814
./src/buildings/stadium.js,2612
./src/buildings/stoa.js,3977
./src/buildings/temple.js,4820
./src/buildings/theater.js,3764
./src/buildings/tholos.js,2715
./src/camera/followCamera.js,7168
./src/camera/seedCameraBehindPlayer.js,2391
./src/collision/__tests__/geometry.test.js,3114
./src/collision/geometry.js,19337
./src/config/flags.ts,133
./src/config/movement.ts,2333
./src/core/bootstrap.js,2960
./src/core/nameResolver.js,1011
./src/core/presetResolver.js,1122
./src/debug/statsShim.js,214
./src/dev/flyBypass.js,776
./src/dev/landmarkPlacer.js,13237
./src/dev/skyDebugHooks.js,515
./src/engine/loop.js,3893
./src/engine/safeEntry.js,2597
./src/entry/block-remote-guard.js,816
./src/entry/app.ts,749
./src/runtime/initializeAthens.ts,53949
./src/runtime/runApp.ts,6419
./src/geo/__tests__/featureOffsets.test.js,1221
./src/geo/__tests__/projection.test.js,1902
./src/geo/featureOffsets.js,2043
./src/geo/geoLoader.js,1431
./src/geo/projection.js,2890
./src/ground/debug.js,7686
./src/ground/dirt.js,8281
./src/ground/double-sided.js,1502
./src/ground/grass.js,7823
./src/ground/index.js,26297
./src/horizon/mountainRim.js,3366
./src/input/keyboard.js,5011
./src/landmarks-loader.js,8308
./src/loaders/safeGltf.js,2272
./src/main.js,9208
./src/map/agoraLayer.js,8783
./src/map/landmarks.js,31727
./src/materials/groundGrass.js,2083
./src/materials/library.js,2715
./src/navmesh/buildNavMesh.js,9437
./src/navmesh/pathfinder.js,7538
./src/npc/mainCharacter.js,2418
./src/npc/npcSystem.js,20542
./src/physics/colliderRegistry.js,2903
./src/physics/collision.js,5365
./src/physics/groundProject.js,2608
./src/physics/groundRegistry.js,928
./src/physics/groundSnap.js,2832
./src/physics/upright.js,946
./src/player/playerController.js,17979
./src/roads/collectRoadPoints.js,2083
./src/roads/hybridRoads.js,19420
./src/roads/hybridroads.js,3962
./src/roads/roadNetwork.js,7049
./src/safety/hardenPositions.ts,2673
./src/scene/city-wall.js,4412
./src/scene/dirt1.DISABLED.js,1120
./src/scene/districts-hud.js,3168
./src/scene/districts.js,8905
./src/scene/feature-lines.js,14666
./src/scene/grass1.DISABLED.js,1194
./src/scene/ground.js,4453
./src/scene/index1.js,629
./src/scene/materials.js,4103
./src/scene/placement-grid.js,2228
./src/scene/placement-options.js,371
./src/scene/sky.js,20809
./src/scene/sky.ts,7022
./src/services/remote.js,489
./src/sky/SkyManager.ts,5583
./src/sky/blue_hour.jpg,116762
./src/sky/golden_hour.jpg,131824
./src/sky/high_noon.jpg,92439
./src/sky/milkyway.jpg,2
./src/sky/moon.js,3648
./src/sky/mountainRim.js,2246
./src/sky/nightSkyTextureData.js,1204354
./src/sky/night_sky.jpg,334843
./src/sky/photoSkydome.js,9170
./src/sky/presets.js,1200
./src/sky/starField.js,4049
./src/sky/sunset.jpg,1940323
./src/sky/sunset_4k.jpg,131824
./src/ui/hud.js,9858
./src/ui/lorePins.js,13301
./src/ui/originalUi.js,13625
./src/ui/watchdog.js,953
./src/utils/asset-paths.js,4499
./src/utils/assetUrl.js,884
./src/utils/fail-soft-loaders.js,8516
./src/utils/logOnce.js,844
./src/utils/sanitize.ts,1591
./src/utils/spawn.ts,5217
./src/vegetation/procTree.js,5824
./src/vegetation/trees.js,17411
./src/visual/skyAndHorizon.js,3849
./src/world/scale.js,803
./tests/asset-url.test.js,1350
./tests/keyboard-controls.test.js,3028
./tests/no-external-integrations.test.js,3184
./tests/texture-guards.spec.js,1097
./tools/find-unused-ground.js,2805
./vite.config.js,612
